S.No,CATEGORY,SUB_CATEGORY,ITEM_GROUP,BRAND_NAME,ITEM_NAME,SKU,ITEM_URL,ITEM_NAME1,MRP,DISCOUNTED_PRICE,SAVE %,QTY,TYPE,IMAGE_MAIN,ABOUT,EAN,IMAGE URL 1
4," EGGS, MEAT & FISH ", EGGS , FARM EGGS , FRESHO Eggs - Regular,Fresho,1205938,https://www.bigbasket.com/pd/1205938/fresho-eggs-regular-5x6-pcs/,"Fresho Eggs - Regular, 5x6 pcs Multipack",270,,,5x6 pcs,,https://www.bigbasket.com/media/uploads/p/mm/1205938_1-fresho-eggs-regular.jpg,"Fresh eggs are hygienically processed and securely filled for keeping these free from any contamination and impurity. It has high dietary content, protein, smell and rich taste. These are one of nature's most wholesome and cost-effective foods. You can bake enjoyable cakes, cookies, scones etc. with eggs; try your hand over at family pasta as well. It is twisted boiled, sunny-side up, deviled or evened. The Indian method curry eggs can be finished in so many unique tasty ways. An egg can give you a health kick in no time at all! It is the ideal ingredient to add to your child's breakfast for growth and development. Eggs can be consumed in various ways like omelettes, boiled eggs, egg bhurji and in any of the dozen egg recipe.",_1205938,https://www.bigbasket.com/media/uploads/p/l/1205938_1-fresho-eggs-regular.jpg
5," EGGS, MEAT & FISH ", EGGS , FARM EGGS ," FRESHO Farm Eggs - Regular, Medium, Antibiotic Residue-Free, Growth Hormone-Free",Fresho,281204,https://www.bigbasket.com/pd/281204/fresho-farm-eggs-regular-medium-antibiotic-residue-free-growth-hormone-free-6-pcs/,"Fresho Farm Eggs - Regular, Medium, Antibiotic Residue-Free, Growth Hormone-Free, 6 pcs",54,,,6 pcs,non-veg,https://www.bigbasket.com/media/uploads/p/mm/281204_9-fresho-farm-eggs-regular-medium-antibiotic-residue-free-growth-hormone-free.jpg,"Number of Pcs Size 6 pcs Medium Eggs are one of the common food items in most of the households. From breakfast to dinner, eggs are indulged in various ways. Poached, boiled, fried; we all have our own favourite choices. Not only are they delicious, but they are also crammed with health benefits. It is one of the most in-expensive sources of high protein. These are one of nature's most wholesome and cost-effective foods. An egg can give you a health kick in no time at all! It is the ideal ingredient to add to your child's breakfast for growth and development. The Add-on Benefits of Fresho Egg: •Antibiotic free •Free from growth hormones •Carefully selected •Rich in omega 3 Fresho is our in-house brand of fresh meat, poultry, and seafood. We take utmost care in selecting the best suppliers to provide you with high quality and succulent products. Every product is stored in our cold storage right until your doorstep ensuring freshness and utmost hygiene.",281204,https://www.bigbasket.com/media/uploads/p/l/281204_9-fresho-farm-eggs-regular-medium-antibiotic-residue-free-growth-hormone-free.jpg
6," EGGS, MEAT & FISH ", EGGS , FARM EGGS , FRESHO Eggs - Regular,Fresho,1203477,https://www.bigbasket.com/pd/1203477/fresho-eggs-regular-2x6-pcs/,"Fresho Eggs - Regular, 2x6 pcs Multipack",108,,,2x6 pcs,,https://www.bigbasket.com/media/uploads/p/mm/1203477_2-fresho-eggs-regular.jpg,"Fresh Table eggs are hygienically processed and securely filled for keeping these free from any contamination and impurity. It has high dietary content, protein, smell and rich taste. These are one of nature's most wholesome and cost-effective foods. You can bake enjoyable cakes, cookies, scones etc. with eggs; try your hand over at family pasta as well. It twisted boiled, sunny-side up, deviled or evens the Indian method curry eggs can be finished in so many unique tasty ways.",1203477,https://www.bigbasket.com/media/uploads/p/l/1203477_2-fresho-eggs-regular.jpg
7," EGGS, MEAT & FISH ", EGGS , FARM EGGS , FRESHO Eggs - Regular,Fresho,1205933,https://www.bigbasket.com/pd/1205933/fresho-eggs-regular-4x6-pcs/,"Fresho Eggs - Regular, 4x6 pcs Multipack",216,,,4x6 pcs,,https://www.bigbasket.com/media/uploads/p/mm/1205933_1-fresho-eggs-regular.jpg,"Fresh Table eggs are hygienically processed and securely filled for keeping these free from any contamination and impurity. It has high dietary content, protein, smell and rich taste. These are one of nature's most wholesome and cost-effective foods. You can bake enjoyable cakes, cookies, scones etc. with eggs; try your hand over at family pasta as well. It is twisted boiled, sunny-side up, deviled or evened. The Indian method curry eggs can be finished in so many unique tasty ways. An egg can give you a health kick in no time at all! It is the ideal ingredient to add to your child's breakfast for growth and development. Eggs can be consumed in various ways like omelettes, boiled eggs, egg bhurji and in any of the dozen egg recipe.",_1205933,https://www.bigbasket.com/media/uploads/p/l/1205933_1-fresho-eggs-regular.jpg
8," EGGS, MEAT & FISH ", EGGS , FARM EGGS ," FRESHO Farm Eggs - Table Tray, Medium, Antibiotic Residue-Free, Growth Hormone-Free",Fresho,40072320,https://www.bigbasket.com/pd/40072320/fresho-farm-eggs-table-tray-medium-antibiotic-residue-free-growth-hormone-free-12-pcs/,"Fresho Farm Eggs - Table Tray, Medium, Antibiotic Residue-Free, Growth Hormone-Free, 12 pcs",110,,,12 pcs,non-veg,https://www.bigbasket.com/media/uploads/p/mm/40072320_2-fresho-farm-eggs-table-tray-medium-antibiotic-residue-free-growth-hormone-free.jpg,"Number of Pcs Size 12 pcs Medium Eggs are one of the common food items in most of the households. From breakfast to dinner, eggs are indulged in various ways. Poached, boiled, fried; we all have our own favourite choices. Not only are they delicious, but they are also crammed with health benefits. It is one of the most in-expensive sources of high protein. These are one of nature's most wholesome and cost-effective foods. An egg can give you a health kick in no time at all! It is the ideal ingredient to add to your child's breakfast for growth and development. The Add-on Benefits of Fresho Egg: •Antibiotic free •Free from growth hormones •Carefully selected •Rich in omega 3 Fresho is our in-house brand of fresh meat, poultry, and seafood. We take utmost care in selecting the best suppliers to provide you with high quality and succulent products. Every product is stored in our cold storage right until your doorstep ensuring freshness and utmost hygiene.",40072320,https://www.bigbasket.com/media/uploads/p/l/40072320_2-fresho-farm-eggs-table-tray-medium-antibiotic-residue-free-growth-hormone-free.jpg
9," EGGS, MEAT & FISH ", EGGS , FARM EGGS ," FRESHO Farm Eggs - Table Tray, Medium, Antibiotic Residue-Free, Growth Hormone-Free",Fresho,150502,https://www.bigbasket.com/pd/150502/fresho-farm-eggs-table-tray-medium-antibiotic-residue-free-growth-hormone-free-30-pcs/,"Fresho Farm Eggs - Table Tray, Medium, Antibiotic Residue-Free, Growth Hormone-Free, 30 pcs",210,,,30 pcs,non-veg,https://www.bigbasket.com/media/uploads/p/mm/150502_6-fresho-farm-eggs-table-tray-medium-antibiotic-residue-free-growth-hormone-free.jpg,"Number of Pcs Size 30 pcs Medium Eggs are one of the common food items in most of the households. From breakfast to dinner, eggs are indulged in various ways. Poached, boiled, fried; we all have our own favourite choices. Not only are they delicious, but they are also crammed with health benefits. It is one of the most in-expensive sources of high protein. These are one of nature's most wholesome and cost-effective foods. An egg can give you a health kick in no time at all! It is the ideal ingredient to add to your child's breakfast for growth and development. The Add-on Benefits of Fresho Egg: •Antibiotic free •Free from growth hormones •Carefully selected •Rich in omega 3 Fresho is our in-house brand of fresh meat, poultry, and seafood. We take utmost care in selecting the best suppliers to provide you with high quality and succulent products. Every product is stored in our cold storage right until your doorstep ensuring freshness and utmost hygiene.",150502,https://www.bigbasket.com/media/uploads/p/l/150502_6-fresho-farm-eggs-table-tray-medium-antibiotic-residue-free-growth-hormone-free.jpg
," EGGS, MEAT & FISH ", FISH & SEAFOOD , CANNED SEAFOOD , GOLDEN PRIZE Canned Skipjack Light Meat Tuna - Chunk In Olive Oil,Golden Prize,40037992,https://www.bigbasket.com/pd/40037992/golden-prize-canned-skipjack-light-meat-tuna-chunk-in-olive-oil-185-g/,"Golden Prize Canned Skipjack Light Meat Tuna - Chunk In Olive Oil, 185 g",225,Rs 213.75,11,185 g,non-veg,https://www.bigbasket.com/media/uploads/p/mm/40037992_8-golden-prize-canned-skipjack-light-meat-tuna-chunk-in-olive-oil.jpg,"Premium Quality Fish, Imported from Thailand, Excellent source of Omega 3 , Dolphin Friendly",40037992,"https://www.bigbasket.com/media/uploads/p/l/40037992_8-golden-prize-canned-skipjack-light-meat-tuna-chunk-in-olive-oil.jpg"""
," EGGS, MEAT & FISH ", FISH & SEAFOOD , CANNED SEAFOOD ," TASTY NIBBLES Tuna Flakes - Light Meat, in Water",Tasty Nibbles,40121156,https://www.bigbasket.com/pd/40121156/tasty-nibbles-tuna-flakes-light-meat-in-water-185-g/,"Tasty Nibbles Tuna Flakes - Light Meat, in Water, 185 g Canned light meat tuna flakes with water as base",150,,,185 g,non-veg,https://www.bigbasket.com/media/uploads/p/mm/40121156_2-tasty-nibbles-tuna-flakes-light-meat-in-water.jpg,,8.90709E+12,"https://www.bigbasket.com/media/uploads/p/l/40121156_2-tasty-nibbles-tuna-flakes-light-meat-in-water.jpg"""
," EGGS, MEAT & FISH ", FISH & SEAFOOD , CANNED SEAFOOD ," GOLDEN PRIZE Pink Salmon Fillet - Wild Alaskan, In Oil",Golden Prize,40124071,https://www.bigbasket.com/pd/40124071/golden-prize-pink-salmon-fillet-wild-alaskan-in-oil-115-g/,"Golden Prize Pink Salmon Fillet - Wild Alaskan, In Oil, 115 g",325,Rs 308.75,16,115 g,non-veg,https://www.bigbasket.com/media/uploads/p/mm/40124071_7-golden-prize-pink-salmon-fillet-wild-alaskan-in-oil.jpg,,,"https://www.bigbasket.com/media/uploads/p/l/40124071_7-golden-prize-pink-salmon-fillet-wild-alaskan-in-oil.jpg"""
," EGGS, MEAT & FISH ", FISH & SEAFOOD , CANNED SEAFOOD , ABBIES Tuna Chunks in Brine,Abbies,40087432,https://www.bigbasket.com/pd/40087432/abbies-tuna-chunks-in-brine-185-g/,"Abbies Tuna Chunks in Brine, 185 g",169,Rs 160.55,8,185 g,,https://www.bigbasket.com/media/uploads/p/mm/40087432_1-abbies-tuna-chunks-in-brine.jpg,"Moist and succulent chunks of the finest fish, in brine.",8.56023E+11,https://www.bigbasket.com/media/uploads/p/l/40087432_1-abbies-tuna-chunks-in-brine.jpg
," EGGS, MEAT & FISH ", FISH & SEAFOOD , CANNED SEAFOOD , ABBIES Tuna Chunks in Sunflower Oil,Abbies,40087433,https://www.bigbasket.com/pd/40087433/abbies-tuna-chunks-in-sunflower-oil-185-g/,"Abbies Tuna Chunks in Sunflower Oil, 185 g",189,Rs 179.55,9,185 g,,https://www.bigbasket.com/media/uploads/p/mm/40087433_2-abbies-tuna-chunks-in-sunflower-oil.jpg,"Tuna Chunks in Sunflower Oil is high in Vitamin E and Omega 3, and low in saturated fat.",8.56023E+11,"https://www.bigbasket.com/media/uploads/p/l/40087433_2-abbies-tuna-chunks-in-sunflower-oil.jpg"""
," EGGS, MEAT & FISH ", FISH & SEAFOOD , CANNED SEAFOOD , GOLDEN PRIZE Canned Skipjack Light Meat Tuna - Chunk In Soya Bean Oil,Golden Prize,40037993,https://www.bigbasket.com/pd/40037993/golden-prize-canned-skipjack-light-meat-tuna-chunk-in-soya-bean-oil-185-g/,"Golden Prize Canned Skipjack Light Meat Tuna - Chunk In Soya Bean Oil, 185 g",185,Rs 175.75,9,185 g,non-veg,https://www.bigbasket.com/media/uploads/p/mm/40037993_7-golden-prize-canned-skipjack-light-meat-tuna-chunk-in-soya-bean-oil.jpg,"Premium Quality Fish, Imported from Thailand, Excellent source of Omega 3 , Dolphin Friendly",8.85211E+12,"https://www.bigbasket.com/media/uploads/p/l/40037993_7-golden-prize-canned-skipjack-light-meat-tuna-chunk-in-soya-bean-oil.jpg"""
," EGGS, MEAT & FISH ", FISH & SEAFOOD , CANNED SEAFOOD , TASTY NIBBLES Tuna Chunks- White Meat In Sunflower Oil,Tasty Nibbles,40176763,https://www.bigbasket.com/pd/40176763/tasty-nibbles-tuna-chunks-white-meat-in-sunflower-oil-185-g-can/,"Tasty Nibbles Tuna Chunks- White Meat In Sunflower Oil, 185 g Can",200,,,185 g,,https://www.bigbasket.com/media/uploads/p/mm/40176763_4-tasty-nibbles-tuna-chunks-white-meat-in-sunflower-oil.jpg,"Ready to Eat Canned White Meat Tuna from yellowfin is a healthy and tastier meal. Rich in Omega 3, Proteins, Potassium, Magnesium, Iron, Vitamin A, B16 & B12, it comes with no preservative and no odour. It is zero carb/sugar-free and unopened and it can be kept at room temperature. It comes with HACCP, Halal, and Japanese Technology.",8.90709E+12,"https://www.bigbasket.com/media/uploads/p/l/40176763_4-tasty-nibbles-tuna-chunks-white-meat-in-sunflower-oil.jpg"""
," EGGS, MEAT & FISH ", FISH & SEAFOOD , CANNED SEAFOOD ," TASTY NIBBLES Tuna Flakes - Light Meat, in Salted Water",Tasty Nibbles,40121150,https://www.bigbasket.com/pd/40121150/tasty-nibbles-tuna-flakes-light-meat-in-salted-water-185-g/,"Tasty Nibbles Tuna Flakes - Light Meat, in Salted Water, 185 g Canned light meat tuna flakes with brine as base",150,,,185 g,non-veg,https://www.bigbasket.com/media/uploads/p/mm/40121150_1-tasty-nibbles-tuna-flakes-light-meat-in-salted-water.jpg,,8.90709E+12,"https://www.bigbasket.com/media/uploads/p/l/40121150_1-tasty-nibbles-tuna-flakes-light-meat-in-salted-water.jpg"""
," EGGS, MEAT & FISH ", FISH & SEAFOOD , CANNED SEAFOOD , MONTANA Tuna - Light meat flakes in water,Montana,40182553,https://www.bigbasket.com/pd/40182553/montana-tuna-light-meat-flakes-in-water-170-g/,"Montana Tuna - Light meat flakes in water, 170 g",150,,,170 g,,https://www.bigbasket.com/media/uploads/p/mm/40182553_2-montana-tuna-light-meat-flakes-in-water.jpg,"Ready to eat canned light meat Tuna from SkipJack is a healthy and tastier meal. It is rich in Omega 3, Proteins, Potassium, Magnesium, Iron, Vitamin A, B16 & B12. with no preservative and no odour. It is Zero-carbohydrate/sugar-free and is sealed can be kept at room temperature. It comes with HACCP and Halal and made with Japanese technology.",8.90709E+12,"https://www.bigbasket.com/media/uploads/p/l/40182553_2-montana-tuna-light-meat-flakes-in-water.jpg"""
," EGGS, MEAT & FISH ", FISH & SEAFOOD , CANNED SEAFOOD , TASTY NIBBLES Pickle - Anchovy,Tasty Nibbles,40121147,https://www.bigbasket.com/pd/40121147/tasty-nibbles-pickle-anchovy-400-g-pet-jar/,"Tasty Nibbles Pickle - Anchovy, 400 g Pet Jar",245,,,400 g,non-veg,https://www.bigbasket.com/media/uploads/p/mm/40121147_4-tasty-nibbles-pickle-anchovy.jpg,"Anchovy (Netholi) is a small sea caught fish that is rich in Calcium. Fresh Anchovy is cleaned and pickled by marinating with salt, vinegar and spices. It is processed with the know-how from CFTRI in a HACCP implemented factory. Anchovy Pickles is irresistible and addictive in taste.",8.90709E+12,"https://www.bigbasket.com/media/uploads/p/l/40121147_4-tasty-nibbles-pickle-anchovy.jpg"""
," EGGS, MEAT & FISH ", FISH & SEAFOOD , CANNED SEAFOOD , ABBIES Tuna Flakes in Sunflower Oil,Abbies,40087436,https://www.bigbasket.com/pd/40087436/abbies-tuna-flakes-in-sunflower-oil-185-g/,"Abbies Tuna Flakes in Sunflower Oil, 185 g",159,Rs 151.05,8,185 g,,https://www.bigbasket.com/media/uploads/p/mm/40087436_1-abbies-tuna-flakes-in-sunflower-oil.jpg,Carotenoids found in sunflower oil provide a good source of Vitamin A and the balance between monounsaturated and polyunsaturated fats in sunflower oil makes it perfect for lowering cholesterol level.,8.56023E+11,https://www.bigbasket.com/media/uploads/p/l/40087436_1-abbies-tuna-flakes-in-sunflower-oil.jpg
," EGGS, MEAT & FISH ", FISH & SEAFOOD , CANNED SEAFOOD , GOLDEN PRIZE Tuna Flakes - in Soya Bean Oil,Golden Prize,40124074,https://www.bigbasket.com/pd/40124074/golden-prize-tuna-flakes-in-soya-bean-oil-185-g/,"Golden Prize Tuna Flakes - in Soya Bean Oil, 185 g",155,Rs 147.25,8,185 g,non-veg,https://www.bigbasket.com/media/uploads/p/mm/40124074_10-golden-prize-tuna-flakes-in-soya-bean-oil.jpg,,,"https://www.bigbasket.com/media/uploads/p/l/40124074_10-golden-prize-tuna-flakes-in-soya-bean-oil.jpg"""
," EGGS, MEAT & FISH ", FISH & SEAFOOD , CANNED SEAFOOD , GOLDEN PRIZE Canned Tuna Chunks in Tomato Sauce,Golden Prize,40096822,https://www.bigbasket.com/pd/40096822/golden-prize-canned-tuna-chunks-in-tomato-sauce-185-g/,"Golden Prize Canned Tuna Chunks in Tomato Sauce, 185 g",195,Rs 185.25,10,185 g,non-veg,https://www.bigbasket.com/media/uploads/p/mm/40096822_6-golden-prize-canned-tuna-chunks-in-tomato-sauce.jpg,Premium Quality Fish. Imported from Thailand. Excellent source of Omega 3. Dolphin Friendly,8.85211E+12,"https://www.bigbasket.com/media/uploads/p/l/40096822_6-golden-prize-canned-tuna-chunks-in-tomato-sauce.jpg"""
," EGGS, MEAT & FISH ", FISH & SEAFOOD , CANNED SEAFOOD , GOLDEN PRIZE Canned Sardine in Natural Oil,Golden Prize,40096824,https://www.bigbasket.com/pd/40096824/golden-prize-canned-sardine-in-natural-oil-200-g/,"Golden Prize Canned Sardine in Natural Oil, 200 g",109,Rs 103.55,5,200 g,non-veg,https://www.bigbasket.com/media/uploads/p/mm/40096824_6-golden-prize-canned-sardine-in-natural-oil.jpg,Premium Quality Fish. Imported from Thailand. Excellent source of Omega 3.,8.85211E+12,"https://www.bigbasket.com/media/uploads/p/l/40096824_6-golden-prize-canned-sardine-in-natural-oil.jpg"""
," EGGS, MEAT & FISH ", FISH & SEAFOOD , CANNED SEAFOOD , GOLDEN PRIZE Canned Tuna Chunks in Spring Water,Golden Prize,40096823,https://www.bigbasket.com/pd/40096823/golden-prize-canned-tuna-chunks-in-spring-water-185-g/,"Golden Prize Canned Tuna Chunks in Spring Water, 185 g",195,Rs 185.25,10,185 g,non-veg,https://www.bigbasket.com/media/uploads/p/mm/40096823_8-golden-prize-canned-tuna-chunks-in-spring-water.jpg,"Golden Prize Canned Tuna Chunks are a delicious and nutritious indulgence for the health conscious. It is rich in proteins, omega-3 fatty acids and can be used to make a number of snacks and salads. It is a must-try for every sea food lover.",8.85211E+12,"https://www.bigbasket.com/media/uploads/p/l/40096823_8-golden-prize-canned-tuna-chunks-in-spring-water.jpg"""
," EGGS, MEAT & FISH ", FISH & SEAFOOD , CANNED SEAFOOD , MONTANA Tuna - Light Meat Flakes In salt Water,Montana,40182554,https://www.bigbasket.com/pd/40182554/montana-tuna-light-meat-flakes-in-salt-water-170-g/,"Montana Tuna - Light Meat Flakes In salt Water, 170 g",150,,,170 g,,https://www.bigbasket.com/media/uploads/p/mm/40182554_2-montana-tuna-light-meat-flakes-in-salt-water.jpg,"Ready to eat canned light meat Tuna from SkipJack is a healthy and tastier meal. It is rich in Omega 3, Proteins, Potassium, Magnesium, Iron, Vitamin A, B16 & B12. with no preservative and no odour. It is Zero-carbohydrate/sugar-free and is sealed can, can be kept at room temperature. It comes with HACCP and Halal and made with Japanese technology.",8.90709E+12,"https://www.bigbasket.com/media/uploads/p/l/40182554_2-montana-tuna-light-meat-flakes-in-salt-water.jpg"""
," EGGS, MEAT & FISH ", FISH & SEAFOOD , CANNED SEAFOOD ," TASTY NIBBLES Tuna Chunks - White Meat In Water, Salt Added",Tasty Nibbles,40176765,https://www.bigbasket.com/pd/40176765/tasty-nibbles-tuna-chunks-white-meat-in-water-salt-added-185-g-can/,"Tasty Nibbles Tuna Chunks - White Meat In Water, Salt Added, 185 g Can",200,,,185 g,,https://www.bigbasket.com/media/uploads/p/mm/40176765_2-tasty-nibbles-tuna-chunks-white-meat-in-water-salt-added.jpg,"Ready to Eat Canned White Meat Tuna from yellowfin is a healthy and tastier meal. Rich in Omega 3, Proteins, Potassium, Magnesium, Iron, Vitamin A, B16 & B12, it comes with no preservative and no odour. It is zero carb/sugar-free and unopened and it can be kept at room temperature. It comes with HACCP, Halal, and Japanese Technology.",8.90709E+12,"https://www.bigbasket.com/media/uploads/p/l/40176765_2-tasty-nibbles-tuna-chunks-white-meat-in-water-salt-added.jpg"""
," EGGS, MEAT & FISH ", FISH & SEAFOOD , CANNED SEAFOOD , TASTY NIBBLES Tuna Flakes - White Meat In Sunflower Oil,Tasty Nibbles,40176766,https://www.bigbasket.com/pd/40176766/tasty-nibbles-tuna-flakes-white-meat-in-sunflower-oil-185-g-can/,"Tasty Nibbles Tuna Flakes - White Meat In Sunflower Oil, 185 g Can",190,,,185 g,,https://www.bigbasket.com/media/uploads/p/mm/40176766_4-tasty-nibbles-tuna-flakes-white-meat-in-sunflower-oil.jpg,"Ready to Eat Canned White Meat Tuna from yellowfin is a healthy and tastier meal. Rich in Omega 3, Proteins, Potassium, Magnesium, Iron, Vitamin A, B16 & B12, it comes with no preservative and no odour. It is zero carb/sugar-free and unopened and it can be kept at room temperature. It comes with HACCP, Halal, and Japanese Technology.",8.90709E+12,"https://www.bigbasket.com/media/uploads/p/l/40176766_4-tasty-nibbles-tuna-flakes-white-meat-in-sunflower-oil.jpg"""
," EGGS, MEAT & FISH ", FISH & SEAFOOD , CANNED SEAFOOD , TASTY NIBBLES Tuna Flakes - White Meat In Water,Tasty Nibbles,40176767,https://www.bigbasket.com/pd/40176767/tasty-nibbles-tuna-flakes-white-meat-in-water-185-g-can/,"Tasty Nibbles Tuna Flakes - White Meat In Water, 185 g Can",190,,,185 g,,https://www.bigbasket.com/media/uploads/p/mm/40176767_3-tasty-nibbles-tuna-flakes-white-meat-in-water.jpg,"Ready to eat canned white meat tuna from yellowfin is a healthy and tastier meal. Rich in omega 3, proteins, potassium, magnesium, iron, vitamin A, B16 & B12, it comes with no preservative and no odour. It is zero carb/sugar-free and unopened and it can be kept at room temperature. It comes with HACCP, Halal, and Japanese Technology.",8.90709E+12,"https://www.bigbasket.com/media/uploads/p/l/40176767_3-tasty-nibbles-tuna-flakes-white-meat-in-water.jpg"""
," EGGS, MEAT & FISH ", FISH & SEAFOOD , CANNED SEAFOOD ," TASTY NIBBLES Light Meat Tuna Chunks In Water, Salt Added",Tasty Nibbles,40092579,https://www.bigbasket.com/pd/40092579/tasty-nibbles-light-meat-tuna-chunks-in-water-salt-added-185-g/,"Tasty Nibbles Light Meat Tuna Chunks In Water, Salt Added, 185 g Canned light meat tuna chunks with brine as base",160,,,185 g,non-veg,https://www.bigbasket.com/media/uploads/p/mm/40092579_1-tasty-nibbles-light-meat-tuna-chunks-in-water-salt-added.jpg,,8.90709E+12,"https://www.bigbasket.com/media/uploads/p/l/40092579_1-tasty-nibbles-light-meat-tuna-chunks-in-water-salt-added.jpg"""
," EGGS, MEAT & FISH ", FISH & SEAFOOD , CANNED SEAFOOD , GOLDEN PRIZE Pink Salmon In Oil,Golden Prize,40176418,https://www.bigbasket.com/pd/40176418/golden-prize-pink-salmon-in-oil-140-g-can/,"Golden Prize Pink Salmon In Oil, 140 g Can",299,Rs 284.05,15,140 g,non-veg,https://www.bigbasket.com/media/uploads/p/mm/40176418_3-golden-prize-pink-salmon-in-oil.jpg,"Golden Prize Salmon In Oil is ready to eat and is a rich source of Omega 3. It comes with an easy to open lid and can be stored for longer than fresh fish. It is an ideal ingredient to be used for preparing flavourful fish curries, salads or pastas.",__EAN __,"https://www.bigbasket.com/media/uploads/p/l/40176418_3-golden-prize-pink-salmon-in-oil.jpg"""
," EGGS, MEAT & FISH ", FISH & SEAFOOD , CANNED SEAFOOD , TASTY NIBBLES Light Meat Tuna Flakes In Sunflower Oil With Lemon Slice,Tasty Nibbles,40092583,https://www.bigbasket.com/pd/40092583/tasty-nibbles-light-meat-tuna-flakes-in-sunflower-oil-with-lemon-slice-185-g/,"Tasty Nibbles Light Meat Tuna Flakes In Sunflower Oil With Lemon Slice, 185 g Canned light meat tuna flakes with sunflower oil as base and flavoured w... More",150,,,185 g,non-veg,https://www.bigbasket.com/media/uploads/p/mm/40092583_6-tasty-nibbles-light-meat-tuna-flakes-in-sunflower-oil-with-lemon-slice.jpg,"Ingredients Light meat Tuna,Sunflower Oil, Salt, Corn starch,Lemon slices, sugar,Acidity regulator E260,Guargum, Water",8.90709E+12,"https://www.bigbasket.com/media/uploads/p/l/40092583_6-tasty-nibbles-light-meat-tuna-flakes-in-sunflower-oil-with-lemon-slice.jpg"""
," EGGS, MEAT & FISH ", FISH & SEAFOOD , CANNED SEAFOOD , TASTY NIBBLES Light Meat Tuna Flakes In Sunflower Oil With Chilli & Cracked Pepper,Tasty Nibbles,40092584,https://www.bigbasket.com/pd/40092584/tasty-nibbles-light-meat-tuna-flakes-in-sunflower-oil-with-chilli-cracked-pepper-185-g/,"Tasty Nibbles Light Meat Tuna Flakes In Sunflower Oil With Chilli & Cracked Pepper, 185 g Canned light meat tuna flakes with sunflower oil as base and... More",150,,,185 g,non-veg,https://www.bigbasket.com/media/uploads/p/mm/40092584_1-tasty-nibbles-light-meat-tuna-flakes-in-sunflower-oil-with-chilli-cracked-pepper.jpg,"Ingredients Light meat Tuna,Sunflower Oil, Salt, Chilli, Pepper, Paprika powder,water",8.90709E+12,https://www.bigbasket.com/media/uploads/p/l/40092584_1-tasty-nibbles-light-meat-tuna-flakes-in-sunflower-oil-with-chilli-cracked-pepper.jpg
," EGGS, MEAT & FISH ", FISH & SEAFOOD , CANNED SEAFOOD , GOLDEN PRIZE Canned Skipjack Light Meat Tuna - Chunk In Brine,Golden Prize,40037990,https://www.bigbasket.com/pd/40037990/golden-prize-canned-skipjack-light-meat-tuna-chunk-in-brine-185-g/,"Golden Prize Canned Skipjack Light Meat Tuna - Chunk In Brine, 185 g",185,Rs 175.75,9,185 g,non-veg,https://www.bigbasket.com/media/uploads/p/mm/40037990_8-golden-prize-canned-skipjack-light-meat-tuna-chunk-in-brine.jpg,"Premium Quality Fish, Imported from Thailand, Excellent source of Omega 3 , Dolphin Friendly",8.85211E+12,"https://www.bigbasket.com/media/uploads/p/l/40037990_8-golden-prize-canned-skipjack-light-meat-tuna-chunk-in-brine.jpg"""
," EGGS, MEAT & FISH ", FISH & SEAFOOD , CANNED SEAFOOD , GOLDEN PRIZE Canned Skipjack Light Meat Tuna - Flakes In Brine,Golden Prize,40037991,https://www.bigbasket.com/pd/40037991/golden-prize-canned-skipjack-light-meat-tuna-flakes-in-brine-185-g/,"Golden Prize Canned Skipjack Light Meat Tuna - Flakes In Brine, 185 g",149,Rs 141.55,7,185 g,non-veg,https://www.bigbasket.com/media/uploads/p/mm/40037991_6-golden-prize-canned-skipjack-light-meat-tuna-flakes-in-brine.jpg,"Premium Quality Fish, Imported from Thailand, Excellent source of Omega 3 , Dolphin Friendly",40037991,"https://www.bigbasket.com/media/uploads/p/l/40037991_6-golden-prize-canned-skipjack-light-meat-tuna-flakes-in-brine.jpg"""
," EGGS, MEAT & FISH ", FISH & SEAFOOD , CANNED SEAFOOD , GOLDEN PRIZE Canned Mackerel In - Tomato Sauce With Chili,Golden Prize,40037996,https://www.bigbasket.com/pd/40037996/golden-prize-canned-mackerel-in-tomato-sauce-with-chili-200-g/,"Golden Prize Canned Mackerel In - Tomato Sauce With Chili, 200 g",119,Rs 113.05,6,200 g,non-veg,https://www.bigbasket.com/media/uploads/p/mm/40037996_4-golden-prize-canned-mackerel-in-tomato-sauce-with-chili.jpg,"Premium Quality Fish, Imported from Thailand, Excellent source of Omega 3",8.85211E+12,"https://www.bigbasket.com/media/uploads/p/l/40037996_4-golden-prize-canned-mackerel-in-tomato-sauce-with-chili.jpg"""
," EGGS, MEAT & FISH ", FISH & SEAFOOD , CANNED SEAFOOD , VINANTH Seer Fish Crackers,Vinanth,40182561,https://www.bigbasket.com/pd/40182561/vinanth-seer-fish-crackers-100-g/,"Vinanth Seer Fish Crackers, 100 g",219,Rs 197.10,22,100 g,,https://www.bigbasket.com/media/uploads/p/mm/40182561_4-vinanth-seer-fish-crackers.jpg,"These are tasty Uncooked Seer Fish Crackers that puff up when deep-fried in Oil. It can also be Air Fried or Microwaved. It is made by mixing Fresh Caught Wild Seer Fish Meat, tapioca starch, corn starch and water. The mixture is rolled out, steamed, and sliced. In a traditional way, to achieve maximum crispiness, these crackers are sun-dried. The Seer Fish flavour bursts in your mouth as soon as one takes the first bite. Crunchy and Delicious. Try It and You Will Love It. These Crackers make a great snack food for both kids and adults. Their texture and flavour go very well with beer and wine.",6.15435E+11,"https://www.bigbasket.com/media/uploads/p/l/40182561_4-vinanth-seer-fish-crackers.jpg"""
," EGGS, MEAT & FISH ", FISH & SEAFOOD , CANNED SEAFOOD , VINANTH Crab Crackers,Vinanth,40182563,https://www.bigbasket.com/pd/40182563/vinanth-crab-crackers-100-g/,"Vinanth Crab Crackers, 100 g",219,Rs 197.10,22,100 g,,https://www.bigbasket.com/media/uploads/p/mm/40182563_4-vinanth-crab-crackers.jpg,"These are tasty Uncooked Mud Crab Crackers that puff up when deep-fried in Oil. It can also be Air Fried or Microwaved. It is made by mixing fresh-caught Wild Mud Crab Meat, tapioca starch, corn starch and water. The mixture is rolled out, steamed, and sliced. In a traditional way, to achieve maximum crispiness, these crackers are sun-dried. The Crab flavour bursts in your mouth as soon as one takes the first bite. Crunchy and Delicious. Try It and You Will Love It. These Crackers make a great snack food for both kids and adults. Their texture and flavour go very well with beer and wine.",6.15435E+11,"https://www.bigbasket.com/media/uploads/p/l/40182563_4-vinanth-crab-crackers.jpg"""
," EGGS, MEAT & FISH ", FISH & SEAFOOD , CANNED SEAFOOD , VINANTH Prawn Crackers,Vinanth,40182565,https://www.bigbasket.com/pd/40182565/vinanth-prawn-crackers-100-g/,"Vinanth Prawn Crackers, 100 g",219,Rs 197.10,22,100 g,,https://www.bigbasket.com/media/uploads/p/mm/40182565_6-vinanth-prawn-crackers.jpg,"These are tasty Uncooked Prawn/Shrimp Crackers that puff up when deep-fried in Oil. It can also be Air Fried or Microwaved. It is made by mixing fresh Caught Wild Shrimp, tapioca starch, corn starch and water. The mixture is rolled out, steamed, and sliced. In a traditional way, to achieve maximum crispiness, these crackers are sun-dried. The Shrimp flavour bursts in your mouth as soon as one takes the first bite. Crunchy and Delicious. Try It and You Will Love It. These Crackers make a great snack food for both kids and adults. Their texture and flavour go very well with beer and wine.",6.15435E+11,"https://www.bigbasket.com/media/uploads/p/l/40182565_6-vinanth-prawn-crackers.jpg"""
," EGGS, MEAT & FISH ", FISH & SEAFOOD , CANNED SEAFOOD , TASTY NIBBLES Pickle - Prawn,Tasty Nibbles,40121144,https://www.bigbasket.com/pd/40121144/tasty-nibbles-pickle-prawn-400-g-pet-jar/,"Tasty Nibbles Pickle - Prawn, 400 g Pet Jar",225,,,400 g,non-veg,https://www.bigbasket.com/media/uploads/p/mm/40121144_4-tasty-nibbles-pickle-prawn.jpg,Sea caught fresh Prawns ( Chemmeen) are used in the making of Prawn pickles. The Prawn pickle is a mouth-watering nostalgia made by South Indian recipe. Processed using CFTRI know-how in a HACCP implemented factory.,8.90709E+12,"https://www.bigbasket.com/media/uploads/p/l/40121144_4-tasty-nibbles-pickle-prawn.jpg"""
," EGGS, MEAT & FISH ", FISH & SEAFOOD , CANNED SEAFOOD , TASTY NIBBLES Pickle - Fish,Tasty Nibbles,40121145,https://www.bigbasket.com/pd/40121145/tasty-nibbles-pickle-fish-400-g-pet-jar/,"Tasty Nibbles Pickle - Fish, 400 g Pet Jar",225,,,400 g,non-veg,https://www.bigbasket.com/media/uploads/p/mm/40121145_3-tasty-nibbles-pickle-fish.jpg,"Fish is a rich source of protein and Omega 3 fatty acids. The cleaned, marinated fish is cooked and pickled with spices and vinegar. The Fish Pickle is a great appetiser. Fish Pickle is processed with the know-how of CFTRI in a HACCP approved Factory.",8.90709E+12,"https://www.bigbasket.com/media/uploads/p/l/40121145_3-tasty-nibbles-pickle-fish.jpg"""
," EGGS, MEAT & FISH ", FISH & SEAFOOD , CANNED SEAFOOD ," TASTY NIBBLES Tuna Chunks - Light Meat, in Sunflower Oil, with Lemon Slice",Tasty Nibbles,40121152,https://www.bigbasket.com/pd/40121152/tasty-nibbles-tuna-chunks-light-meat-in-sunflower-oil-with-lemon-slice-185-g/,"Tasty Nibbles Tuna Chunks - Light Meat, in Sunflower Oil, with Lemon Slice, 185 g Canned light meat tuna chunks with sunflower oil as base and flavou... More",160,,,185 g,non-veg,https://www.bigbasket.com/media/uploads/p/mm/40121152_2-tasty-nibbles-tuna-chunks-light-meat-in-sunflower-oil-with-lemon-slice.jpg,"Ingredients Light meat Tuna,Sunflower Oil, Salt, Corn starch,Lemon slices, sugar,Acidity regulator E260,Guargum, Water",8.90709E+12,"https://www.bigbasket.com/media/uploads/p/l/40121152_2-tasty-nibbles-tuna-chunks-light-meat-in-sunflower-oil-with-lemon-slice.jpg"""
," EGGS, MEAT & FISH ", FISH & SEAFOOD , CANNED SEAFOOD ," TASTY NIBBLES Tuna Chunks - Light Meat, in Sunflower Oil, with Chilli & Cracked Pepper",Tasty Nibbles,40121153,https://www.bigbasket.com/pd/40121153/tasty-nibbles-tuna-chunks-light-meat-in-sunflower-oil-with-chilli-cracked-pepper-185-g/,"Tasty Nibbles Tuna Chunks - Light Meat, in Sunflower Oil, with Chilli & Cracked Pepper, 185 g Canned light meat tuna chunks with sunflower oil as bas... More",160,,,185 g,non-veg,https://www.bigbasket.com/media/uploads/p/mm/40121153_1-tasty-nibbles-tuna-chunks-light-meat-in-sunflower-oil-with-chilli-cracked-pepper.jpg,"Ingredients Light meat Tuna,Sunflower Oil, Salt, Chilli, Pepper, Paprika powder,water",8.90709E+12,"https://www.bigbasket.com/media/uploads/p/l/40121153_1-tasty-nibbles-tuna-chunks-light-meat-in-sunflower-oil-with-chilli-cracked-pepper.jpg"""
," EGGS, MEAT & FISH ", FISH & SEAFOOD , CANNED SEAFOOD , GOLDEN PRIZE Tuna Sandwich Flakes In Oil With Red Chili,Golden Prize,40153411,https://www.bigbasket.com/pd/40153411/golden-prize-tuna-sandwich-flakes-in-oil-with-red-chili-185-g/,"Golden Prize Tuna Sandwich Flakes In Oil With Red Chili, 185 g",165,Rs 156.75,8,185 g,non-veg,https://www.bigbasket.com/media/uploads/p/mm/40153411_5-golden-prize-tuna-sandwich-flakes-in-oil-with-red-chili.jpg,,,"https://www.bigbasket.com/media/uploads/p/l/40153411_5-golden-prize-tuna-sandwich-flakes-in-oil-with-red-chili.jpg"""
," EGGS, MEAT & FISH ", FISH & SEAFOOD , CANNED SEAFOOD , GOLDEN PRIZE Tuna Spread In Mayonnaise,Golden Prize,40153412,https://www.bigbasket.com/pd/40153412/golden-prize-tuna-spread-in-mayonnaise-185-g/,"Golden Prize Tuna Spread In Mayonnaise, 185 g",195,Rs 185.25,10,185 g,non-veg,https://www.bigbasket.com/media/uploads/p/mm/40153412_5-golden-prize-tuna-spread-in-mayonnaise.jpg,,,"https://www.bigbasket.com/media/uploads/p/l/40153412_5-golden-prize-tuna-spread-in-mayonnaise.jpg"""
," EGGS, MEAT & FISH ", FISH & SEAFOOD , CANNED SEAFOOD , SEALECT Tuna Steak - in Spring Water,Sealect,40009612,https://www.bigbasket.com/pd/40009612/sealect-tuna-steak-in-spring-water-185-g-tin/,"Sealect Tuna Steak - in Spring Water, 185 g Tin",250,,,185 g,,https://www.bigbasket.com/media/uploads/p/mm/40009612_3-sealect-tuna-steak-in-spring-water.jpg,,,"https://www.bigbasket.com/media/uploads/p/l/40009612_3-sealect-tuna-steak-in-spring-water.jpg"""
," EGGS, MEAT & FISH ", FISH & SEAFOOD , CANNED SEAFOOD , SEALECT Tuna Steak - in Soybean Oil,Sealect,40009613,https://www.bigbasket.com/pd/40009613/sealect-tuna-steak-in-soybean-oil-185-g-tin/,"Sealect Tuna Steak - in Soybean Oil, 185 g Tin",250,,,185 g,,https://www.bigbasket.com/media/uploads/p/mm/40009613_2-sealect-tuna-steak-in-soybean-oil.jpg,,,"https://www.bigbasket.com/media/uploads/p/l/40009613_2-sealect-tuna-steak-in-soybean-oil.jpg"""
," EGGS, MEAT & FISH ", FISH & SEAFOOD , CANNED SEAFOOD , ABBIES Tuna Flakes in Brine,Abbies,40087435,https://www.bigbasket.com/pd/40087435/abbies-tuna-flakes-in-brine-185-g/,"Abbies Tuna Flakes in Brine, 185 g",159,Rs 151.05,8,185 g,,https://www.bigbasket.com/media/uploads/p/mm/40087435_1-abbies-tuna-flakes-in-brine.jpg,"The classic all-time favorite, the original healthy meat.",8.56023E+11,https://www.bigbasket.com/media/uploads/p/l/40087435_1-abbies-tuna-flakes-in-brine.jpg
," EGGS, MEAT & FISH ", FISH & SEAFOOD , CANNED SEAFOOD ," TASTY NIBBLES Tuna Chunks - Light Meat, in Water",Tasty Nibbles,40121155,https://www.bigbasket.com/pd/40121155/tasty-nibbles-tuna-chunks-light-meat-in-water-185-g/,"Tasty Nibbles Tuna Chunks - Light Meat, in Water, 185 g Canned light meat tuna chunks with water as base",160,,,185 g,non-veg,https://www.bigbasket.com/media/uploads/p/mm/40121155_1-tasty-nibbles-tuna-chunks-light-meat-in-water.jpg,,8.90709E+12,"https://www.bigbasket.com/media/uploads/p/l/40121155_1-tasty-nibbles-tuna-chunks-light-meat-in-water.jpg"""
," EGGS, MEAT & FISH ", FISH & SEAFOOD , CANNED SEAFOOD , GOLDEN PRIZE Canned Sardine In Brine,Golden Prize,40037997,https://www.bigbasket.com/pd/40037997/golden-prize-canned-sardine-in-brine-200-g/,"Golden Prize Canned Sardine In Brine, 200 g",109,Rs 103.55,5,200 g,non-veg,https://www.bigbasket.com/media/uploads/p/mm/40037997_5-golden-prize-canned-sardine-in-brine.jpg,"Premium Quality Fish, Imported from Thailand, Excellent source of Omega 3",8.85211E+12,"https://www.bigbasket.com/media/uploads/p/l/40037997_5-golden-prize-canned-sardine-in-brine.jpg"""
," EGGS, MEAT & FISH ", FISH & SEAFOOD , CANNED SEAFOOD , GOLDEN PRIZE Canned Mackerel In - Brine,Golden Prize,40037995,https://www.bigbasket.com/pd/40037995/golden-prize-canned-mackerel-in-brine-200-g/,"Golden Prize Canned Mackerel In - Brine, 200 g",119,Rs 113.05,6,200 g,non-veg,https://www.bigbasket.com/media/uploads/p/mm/40037995_7-golden-prize-canned-mackerel-in-brine.jpg,"Premium Quality Fish, Imported from Thailand, Excellent source of Omega 3",8.85211E+12,"https://www.bigbasket.com/media/uploads/p/l/40037995_7-golden-prize-canned-mackerel-in-brine.jpg"""
," EGGS, MEAT & FISH ", FISH & SEAFOOD , CANNED SEAFOOD ," TASTY NIBBLES Tuna Chunks - Light Meat, in Sunflower Oil",Tasty Nibbles,40121151,https://www.bigbasket.com/pd/40121151/tasty-nibbles-tuna-chunks-light-meat-in-sunflower-oil-185-g/,"Tasty Nibbles Tuna Chunks - Light Meat, in Sunflower Oil, 185 g Canned light meat tuna chunks with sunflower oil as base",160,,,185 g,non-veg,https://www.bigbasket.com/media/uploads/p/mm/40121151_1-tasty-nibbles-tuna-chunks-light-meat-in-sunflower-oil.jpg,,8.90709E+12,"https://www.bigbasket.com/media/uploads/p/l/40121151_1-tasty-nibbles-tuna-chunks-light-meat-in-sunflower-oil.jpg"""
," EGGS, MEAT & FISH ", FISH & SEAFOOD , CANNED SEAFOOD , ABBIES Tuna Chunks in Olive Oil,Abbies,40087434,https://www.bigbasket.com/pd/40087434/abbies-tuna-chunks-in-olive-oil-185-g/,"Abbies Tuna Chunks in Olive Oil, 185 g",205,Rs 194.75,10,185 g,,https://www.bigbasket.com/media/uploads/p/mm/40087434_1-abbies-tuna-chunks-in-olive-oil.jpg,"Tuna Chunks in Olive Oil is 100% natural, high vitamin A, D, K & E content",8.56023E+11,https://www.bigbasket.com/media/uploads/p/l/40087434_1-abbies-tuna-chunks-in-olive-oil.jpg
," EGGS, MEAT & FISH ", FISH & SEAFOOD , CANNED SEAFOOD , GOLDEN PRIZE Canned Mackerel In - Tomato Sauce,Golden Prize,40037994,https://www.bigbasket.com/pd/40037994/golden-prize-canned-mackerel-in-tomato-sauce-200-g/,"Golden Prize Canned Mackerel In - Tomato Sauce, 200 g",119,Rs 113.05,6,200 g,non-veg,https://www.bigbasket.com/media/uploads/p/mm/40037994_7-golden-prize-canned-mackerel-in-tomato-sauce.jpg,"Premium Quality Fish, Imported from Thailand, Excellent source of Omega 3",8.85211E+12,"https://www.bigbasket.com/media/uploads/p/l/40037994_7-golden-prize-canned-mackerel-in-tomato-sauce.jpg"""
," EGGS, MEAT & FISH ", FISH & SEAFOOD , CANNED SEAFOOD , TASTY NIBBLES Pickle - Sardine,Tasty Nibbles,40121146,https://www.bigbasket.com/pd/40121146/tasty-nibbles-pickle-sardine-400-g-pet-jar/,"Tasty Nibbles Pickle - Sardine, 400 g Pet Jar",225,,,400 g,non-veg,https://www.bigbasket.com/media/uploads/p/mm/40121146_4-tasty-nibbles-pickle-sardine.jpg,"Fresh Sardine (Mathi) rich in Omega 3, is used for making pickles. The sardines are delicious in taste and is processed as per the CFTRI know-how in a HACCP implemented factory.",8.90709E+12,"https://www.bigbasket.com/media/uploads/p/l/40121146_4-tasty-nibbles-pickle-sardine.jpg"""
," EGGS, MEAT & FISH "," SAUSAGES, BACON & SALAMI ", CHICKEN SAUSAGES , MEATZZA Chicken - Meatball,Meatzza,40049540,https://www.bigbasket.com/pd/40049540/meatzza-chicken-meatball-200-g/,"Meatzza Chicken - Meatball, 200 g",150,,,200 g,non-veg,https://www.bigbasket.com/media/uploads/p/mm/40049540_5-meatzza-chicken-meatball.jpg,"Boneless poultry, Water, Green Spices (Green Coriander, Onion, Garlic, Green Chili, Ginger) ground to fine mixture and deep fried. Mostly used as snacks, rich in flavour and tender in texture. Its properly packed and frozen to ensure that it retains its taste and aroma. Should be Kept Frozen at or below -18C.",8.90406E+12,"https://www.bigbasket.com/media/uploads/p/l/40049540_5-meatzza-chicken-meatball.jpg"""
," EGGS, MEAT & FISH "," SAUSAGES, BACON & SALAMI ", PORK & HAM ," PRASUMA Pork - Momos, Original",Prasuma,40177264,https://www.bigbasket.com/pd/40177264/prasuma-pork-momos-original-24-pcs/,"Prasuma Pork - Momos, Original, 24 pcs",395,,,24 pcs,non-veg,https://www.bigbasket.com/media/uploads/p/mm/40177264_3-prasuma-pork-momos-original.jpg,"Made with premium ingredients and no preservatives, each Prasuma Momo is crafted with thin wrappers that allow for a larger filling-to-wrapper ratio, these bite-sized treats are full of flavour and easy to prepare. Prasuma Momos can be microwaved, pan-fried, steamed or deep fried and ready to eat in as little as 2 minutes.",8.90611E+12,"https://www.bigbasket.com/media/uploads/p/l/40177264_3-prasuma-pork-momos-original.jpg"""
," EGGS, MEAT & FISH ", POULTRY , FROZEN CHICKEN , VENKYS Popcorn - Chicken,Venkys,40002765,https://www.bigbasket.com/pd/40002765/venkys-popcorn-chicken-300-g-pouch/,"Venkys Popcorn - Chicken, 300 g Pouch",175,,,300 g,non-veg,https://www.bigbasket.com/media/uploads/p/mm/40002765_3-venkys-popcorn-chicken.jpg,Venkys Popcorn - Chicken 300 g,8.90404E+12,"https://www.bigbasket.com/media/uploads/p/l/40002765_3-venkys-popcorn-chicken.jpg"""
," EGGS, MEAT & FISH "," SAUSAGES, BACON & SALAMI ", CHICKEN SAUSAGES ," PRASUMA Chicken - Momos, Original",Prasuma,40177258,https://www.bigbasket.com/pd/40177258/prasuma-chicken-momos-original-10-pcs/,"Prasuma Chicken - Momos, Original, 10 pcs",175,,,10 pcs,non-veg,https://www.bigbasket.com/media/uploads/p/mm/40177258_3-prasuma-chicken-momos-original.jpg,"Made with premium ingredients and no preservatives, each Prasuma Momo is crafted with thin wrappers that allow for a larger filling-to-wrapper ratio, these bite-sized treats are full of flavour and easy to prepare. Prasuma Momos can be microwaved, pan-fried, steamed or deep fried and ready to eat in as little as 2 minutes.",8.90611E+12,"https://www.bigbasket.com/media/uploads/p/l/40177258_3-prasuma-chicken-momos-original.jpg"""
," EGGS, MEAT & FISH "," SAUSAGES, BACON & SALAMI ", CHICKEN SAUSAGES ," PRASUMA Chicken - Momos, Original",Prasuma,40177262,https://www.bigbasket.com/pd/40177262/prasuma-chicken-momos-original-24-pcs/,"Prasuma Chicken - Momos, Original, 24 pcs",295,,,24 pcs,non-veg,https://www.bigbasket.com/media/uploads/p/mm/40177262_4-prasuma-chicken-momos-original.jpg,"Made with premium ingredients and no preservatives, each Prasuma Momo is crafted with thin wrappers that allow for a larger filling-to-wrapper ratio, these bite-sized treats are full of flavour and easy to prepare. Prasuma Momos can be microwaved, pan-fried, steamed or deep fried and ready to eat in as little as 2 minutes.",8.90611E+12,"https://www.bigbasket.com/media/uploads/p/l/40177262_4-prasuma-chicken-momos-original.jpg"""
," EGGS, MEAT & FISH "," SAUSAGES, BACON & SALAMI ", CHICKEN SAUSAGES , MEATZZA Chicken Spicy Breast Strips,Meatzza,40183635,https://www.bigbasket.com/pd/40183635/meatzza-chicken-spicy-breast-strips-500-g/,"Meatzza Chicken Spicy Breast Strips, 500 g",325,,,500 g,non-veg,https://www.bigbasket.com/media/uploads/p/mm/40183635_4-meatzza-chicken-spicy-breast-strips.jpg,"Coarse Ground Chicken breast meat, seasoned, formed and coated in a crunchy crunch. Chicken is loved by people everywhere and can be had with loved ones. Enjoy it on weekends or whenever you like. The seasoning and crunchiness will make for the perfect treat to lighten up your mood. Whenever you have Hunger Pangs or you are planning a party you want something quick, open a pack of Meatzza Snackers. Just heat and eat.  ",8.90406E+12,"https://www.bigbasket.com/media/uploads/p/l/40183635_4-meatzza-chicken-spicy-breast-strips.jpg"""
," EGGS, MEAT & FISH ", POULTRY , FROZEN CHICKEN , MEATZZA Chicken Chapli Kebab,Meatzza,40183640,https://www.bigbasket.com/pd/40183640/meatzza-chicken-chapli-kebab-1-kg/,"Meatzza Chicken Chapli Kebab, 1 Kg",600,Rs 390,35%,1 Kg,non-veg,https://www.bigbasket.com/media/uploads/p/mm/40183640_5-meatzza-chicken-chapli-kebab.jpg,"Coarse ground chicken meat mixed exotic Indian herbs and pieces. Formed and cooked to perfection. Chicken Chapli Kebab is said to have originated in Asia and the middle east. It is popular across this region and loved by the people. It is in the shape of a patty. It can be served with buns and sandwiches after cooking it thoroughly. Whenever you have Hunger Pangs or you are planning a party you want something quick, open a pack of Meatzza Snackers. Just heat and eat.  ",8.90406E+12,"https://www.bigbasket.com/media/uploads/p/l/40183640_5-meatzza-chicken-chapli-kebab.jpg"""
," EGGS, MEAT & FISH "," SAUSAGES, BACON & SALAMI ", CHICKEN SAUSAGES , LA CARNE Chicken Cocktail Sausage,La Carne,40161835,https://www.bigbasket.com/pd/40161835/la-carne-chicken-cocktail-sausage-500-g-pkt/,"La Carne Chicken Cocktail Sausage, 500 g PKT",275,,,500 g,non-veg,https://www.bigbasket.com/media/uploads/p/mm/40161835_1-la-carne-chicken-cocktail-sausage.jpg,"At La Carne, we take pride in offering products of high quality. La Carne brings to you the authentic taste of premium Chicken Products. Quick Freezing technology used to preserve all the goodness and freshness inside. Made with lean ground chicken with the low fat, perfect snack for party serving or regular snacking.",8.90606E+12,"https://www.bigbasket.com/media/uploads/p/l/40161835_1-la-carne-chicken-cocktail-sausage.jpg"""
," EGGS, MEAT & FISH "," SAUSAGES, BACON & SALAMI ", CHICKEN SAUSAGES , LA CARNE Chicken Parsley Sausage,La Carne,40161837,https://www.bigbasket.com/pd/40161837/la-carne-chicken-parsley-sausage-500-g-pkt/,"La Carne Chicken Parsley Sausage, 500 g PKT",300,,,500 g,non-veg,https://www.bigbasket.com/media/uploads/p/mm/40161837_1-la-carne-chicken-parsley-sausage.jpg,"At La Carne, we take pride in offering products of high quality. La Carne brings to you the authentic taste of premium Chicken Products. Quick Freezing technology used to preserve all the goodness and freshness inside. Made with lean ground chicken with low fat, unique sausage to change the taste with the flavour of Parsley.",8.90606E+12,"https://www.bigbasket.com/media/uploads/p/l/40161837_1-la-carne-chicken-parsley-sausage.jpg"""
," EGGS, MEAT & FISH "," SAUSAGES, BACON & SALAMI ", CHICKEN SAUSAGES , LA CARNE Chicken Cheese Sausages,La Carne,40161838,https://www.bigbasket.com/pd/40161838/la-carne-chicken-cheese-sausages-500-g-pkt/,"La Carne Chicken Cheese Sausages, 500 g PKT",300,,,500 g,non-veg,https://www.bigbasket.com/media/uploads/p/mm/40161838_1-la-carne-chicken-cheese-sausages.jpg,"At La Carne, we take pride in offering products of high quality. La Carne brings to you the authentic taste of premium Chicken Products. Quick Freezing technology used to preserve all the goodness and freshness inside. Made with lean ground chicken with low fat. Chicken Sausages filled with cheese serves as anytime snack. Perfect snack for any time of the day.",8.90606E+12,"https://www.bigbasket.com/media/uploads/p/l/40161838_1-la-carne-chicken-cheese-sausages.jpg"""
," EGGS, MEAT & FISH "," SAUSAGES, BACON & SALAMI ", CHICKEN SAUSAGES , LA CARNE Chicken Tandoori Tikka,La Carne,40161844,https://www.bigbasket.com/pd/40161844/la-carne-chicken-tandoori-tikka-500-g-pkt/,"La Carne Chicken Tandoori Tikka, 500 g PKT",375,,,500 g,non-veg,https://www.bigbasket.com/media/uploads/p/mm/40161844_2-la-carne-chicken-tandoori-tikka.jpg,"At La Carne, we take pride in offering products of high quality. La Carne brings to you the authentic taste of premium Chicken Products. Quick Freezing technology used to preserve all the goodness and freshness inside. Made with lean ground chicken with low fat. Chicken Tandoori Tikka is a tender and traditionally marinated chicken cubes, ideal for delectable wraps and snack for parties.",8.90606E+12,"https://www.bigbasket.com/media/uploads/p/l/40161844_2-la-carne-chicken-tandoori-tikka.jpg"""
," EGGS, MEAT & FISH "," SAUSAGES, BACON & SALAMI ", CHICKEN SAUSAGES , LA CARNE Chicken Malai Tikka,La Carne,40161845,https://www.bigbasket.com/pd/40161845/la-carne-chicken-malai-tikka-500-g-pkt/,"La Carne Chicken Malai Tikka, 500 g PKT",375,,,500 g,non-veg,https://www.bigbasket.com/media/uploads/p/mm/40161845_2-la-carne-chicken-malai-tikka.jpg,"At La Carne, we take pride in offering products of high quality. La Carne brings to you the authentic taste of premium Chicken Products. Quick Freezing technology used to preserve all the goodness and freshness inside. Made with lean ground chicken with low fat. Chicken Malai Tikka is a classic tender and traditionally marinated chicken cubes, ideal for delectable wraps and snack for parties.",8.90606E+12,"https://www.bigbasket.com/media/uploads/p/l/40161845_2-la-carne-chicken-malai-tikka.jpg"""
," EGGS, MEAT & FISH "," SAUSAGES, BACON & SALAMI ", PORK & HAM , LA CARNE Pork Cocktail Sausage,La Carne,40161846,https://www.bigbasket.com/pd/40161846/la-carne-pork-cocktail-sausage-500-g-pkt/,"La Carne Pork Cocktail Sausage, 500 g PKT",425,,,500 g,non-veg,https://www.bigbasket.com/media/uploads/p/mm/40161846_2-la-carne-pork-cocktail-sausage.jpg,"At La Carne, we take pride in offering products of high quality. La Carne brings to you the authentic taste of premium Imported Pork Products. Quick Freezing technology used to preserve all the goodness and freshness inside. Made with best of European Pork meat, which is lean with low fat. Cocktail sausages are an ideal snack for parties.",8.90606E+12,"https://www.bigbasket.com/media/uploads/p/l/40161846_2-la-carne-pork-cocktail-sausage.jpg"""
," EGGS, MEAT & FISH "," SAUSAGES, BACON & SALAMI ", PORK & HAM , LA CARNE Pork Nuremburg Sausage,La Carne,40161847,https://www.bigbasket.com/pd/40161847/la-carne-pork-nuremburg-sausage-500-g-pkt/,"La Carne Pork Nuremburg Sausage, 500 g PKT",425,,,500 g,non-veg,https://www.bigbasket.com/media/uploads/p/mm/40161847_2-la-carne-pork-nuremburg-sausage.jpg,"At La Carne, we take pride in offering products of high quality. La Carne brings to you the authentic taste of premium Imported Pork Products. Quick Freezing technology used to preserve all the goodness and freshness inside. Made with best of European Pork meat, which is lean with low fat. Traditional German recipe, which is delicately spiced with garlic and herbs.",8.90606E+12,"https://www.bigbasket.com/media/uploads/p/l/40161847_2-la-carne-pork-nuremburg-sausage.jpg"""
," EGGS, MEAT & FISH ", MUTTON & LAMB , FROZEN MUTTON , LA CARNE Mutton Seekh Kebab,La Carne,40162599,https://www.bigbasket.com/pd/40162599/la-carne-mutton-seekh-kebab-500-g-pkt/,"La Carne Mutton Seekh Kebab, 500 g PKT",475,,,500 g,non-veg,https://www.bigbasket.com/media/uploads/p/mm/40162599_1-la-carne-mutton-seekh-kebab.jpg,"At La Carne, we take pride in offering products of high quality. La Carne brings to you the authentic taste of premium Mutton Products. Quick Freezing technology used to preserve all the goodness and freshness inside. Made with best of mutton, which is lean with low fat. Mutton Kebab is juicy and tender & spiced to perfection.",8.90606E+12,"https://www.bigbasket.com/media/uploads/p/l/40162599_1-la-carne-mutton-seekh-kebab.jpg"""
," EGGS, MEAT & FISH "," SAUSAGES, BACON & SALAMI ", PORK & HAM , LA CARNE Pork Classic Salami,La Carne,40162597,https://www.bigbasket.com/pd/40162597/la-carne-pork-classic-salami-250-g-pkt/,"La Carne Pork Classic Salami, 250 g PKT",225,,,250 g,non-veg,https://www.bigbasket.com/media/uploads/p/mm/40162597_1-la-carne-pork-classic-salami.jpg,"At La Carne, we take pride in offering products of high quality. La Carne brings to you the authentic taste of premium Imported Pork Products. Quick Freezing technology used to preserve all the goodness and freshness inside. Made with best of European Pork meat, which is lean with low fat. Pork Salami is the mildly flavoured and integral part of any breakfast.",8.90606E+12,"https://www.bigbasket.com/media/uploads/p/l/40162597_1-la-carne-pork-classic-salami.jpg"""
," EGGS, MEAT & FISH ", POULTRY , FROZEN CHICKEN , MEATZZA Chicken - Seekh Kebab Hot & Spicy,Meatzza,40059420,https://www.bigbasket.com/pd/40059420/meatzza-chicken-seekh-kebab-hot-spicy-500-g/,"Meatzza Chicken - Seekh Kebab Hot & Spicy, 500 g",325,,,500 g,non-veg,https://www.bigbasket.com/media/uploads/p/mm/40059420_8-meatzza-chicken-seekh-kebab-hot-spicy.jpg,Maeatzza Chicken Seekh Kebab are made from Tender Chicken Meat with Fresh Vegetable which gives you best taste.,8.90406E+12,"https://www.bigbasket.com/media/uploads/p/l/40059420_8-meatzza-chicken-seekh-kebab-hot-spicy.jpg"""
," EGGS, MEAT & FISH ", POULTRY , FROZEN CHICKEN , MEATZZA Chicken - Seekh Kebab Hot & Spicy,Meatzza,40059421,https://www.bigbasket.com/pd/40059421/meatzza-chicken-seekh-kebab-hot-spicy-1-kg/,"Meatzza Chicken - Seekh Kebab Hot & Spicy, 1 kg",550,,,1 kg,non-veg,https://www.bigbasket.com/media/uploads/p/mm/40059421_8-meatzza-chicken-seekh-kebab-hot-spicy.jpg,Maeatzza Chicken Seekh Kebab are made from Tender Chicken Meat with Fresh Vegetable which gives you best taste.,8.90406E+12,"https://www.bigbasket.com/media/uploads/p/l/40059421_8-meatzza-chicken-seekh-kebab-hot-spicy.jpg"""
," EGGS, MEAT & FISH ", POULTRY , FROZEN CHICKEN , MEATZZA Chicken - Seekh Kebab,Meatzza,40059419,https://www.bigbasket.com/pd/40059419/meatzza-chicken-seekh-kebab-1-kg/,"Meatzza Chicken - Seekh Kebab, 1 kg",550,,,1 kg,non-veg,https://www.bigbasket.com/media/uploads/p/mm/40059419_3-meatzza-chicken-seekh-kebab.jpg,Maeatzza Chicken Seekh Kebab are made from Tender Chicken Meat with Fresh Vegetable which gives you best taste.,8.90406E+12,"https://www.bigbasket.com/media/uploads/p/l/40059419_3-meatzza-chicken-seekh-kebab.jpg"""
," EGGS, MEAT & FISH "," SAUSAGES, BACON & SALAMI ", CHICKEN SAUSAGES , MEATZZA Chicken - Seek Kabab,Meatzza,40049535,https://www.bigbasket.com/pd/40049535/meatzza-chicken-seek-kabab-500-g/,"Meatzza Chicken - Seek Kabab, 500 g",300,,,500 g,non-veg,https://www.bigbasket.com/media/uploads/p/mm/40049535_7-meatzza-chicken-seek-kabab.jpg,It's an Indian delicacy with the rich aroma with some uncommon spices and fresh poultry. The finished result is delicious and milder in flavor than the amount of spices would predict. Can be eaten as a snack. It's properly packed and frozen to ensure that it retains its taste and aroma. Should be Kept Frozen at or below -18ºC.,8.90406E+12,"https://www.bigbasket.com/media/uploads/p/l/40049535_7-meatzza-chicken-seek-kabab.jpg"""
," EGGS, MEAT & FISH "," SAUSAGES, BACON & SALAMI ", CHICKEN SAUSAGES , MEATZZA Chicken - Finger,Meatzza,40049530,https://www.bigbasket.com/pd/40049530/meatzza-chicken-finger-500-g/,"Meatzza Chicken - Finger, 500 g",275,,,500 g,non-veg,https://www.bigbasket.com/media/uploads/p/mm/40049530_7-meatzza-chicken-finger.jpg,"Completely continental food and mostly used as a snack, the finished result is delicious and crispy in texture. It's properly packed and frozen to ensure that it retains its taste and holds the crisp once fried. Should be Kept Frozen at or below -18ºC.",8.90406E+12,"https://www.bigbasket.com/media/uploads/p/l/40049530_7-meatzza-chicken-finger.jpg"""
," EGGS, MEAT & FISH "," SAUSAGES, BACON & SALAMI ", CHICKEN SAUSAGES , MEATZZA Chicken - Nuggets,Meatzza,40049529,https://www.bigbasket.com/pd/40049529/meatzza-chicken-nuggets-500-g/,"Meatzza Chicken - Nuggets, 500 g",300,Rs 255,15%,500 g,non-veg,https://www.bigbasket.com/media/uploads/p/mm/40049529_6-meatzza-chicken-nuggets.jpg,"Completely continental food and mostly used a snack, the finished result is delicious and crispy in texture. It's properly packed and frozen to ensure that it retains its taste and holds the crisp once fried. Should be Kept Frozen at or below -18Ã‚ºC.",8.90406E+12,"https://www.bigbasket.com/media/uploads/p/l/40049529_6-meatzza-chicken-nuggets.jpg"""
," EGGS, MEAT & FISH ", MUTTON & LAMB , FROZEN MUTTON , MEATZZA Mutton - Seekh Kebab,Meatzza,40059425,https://www.bigbasket.com/pd/40059425/meatzza-mutton-seekh-kebab-500-g/,"Meatzza Mutton - Seekh Kebab, 500 g",550,,,500 g,non-veg,https://www.bigbasket.com/media/uploads/p/mm/40059425_6-meatzza-mutton-seekh-kebab.jpg,Maeatzza Mutton Seekh Kebab are made from FreshMutton Meat with Fresh Vegetable which gives you best taste.,8.90406E+12,"https://www.bigbasket.com/media/uploads/p/l/40059425_6-meatzza-mutton-seekh-kebab.jpg"""
," EGGS, MEAT & FISH ", MUTTON & LAMB , FROZEN MUTTON , MEATZZA Mutton - seek kebab,Meatzza,40049539,https://www.bigbasket.com/pd/40049539/meatzza-mutton-seek-kebab-200-g/,"Meatzza Mutton - seek kebab, 200 g",190,,,200 g,non-veg,https://www.bigbasket.com/media/uploads/p/mm/40049539_6-meatzza-mutton-seek-kebab.jpg,"Boneless Meat, Water, Green Spices (Green Coriander, Onion, Garlic, Green Chili, Ginger) ground to fine mixture and deep fried. Mostly used as snacks, rich in flavour and tender in texture. It's properly packed and frozen to ensure that it retains its taste and aroma. Should be Kept Frozen at or below -18Ã‚ºC.",8.90406E+12,"https://www.bigbasket.com/media/uploads/p/l/40049539_6-meatzza-mutton-seek-kebab.jpg"""
," EGGS, MEAT & FISH "," SAUSAGES, BACON & SALAMI ", CHICKEN SAUSAGES ," PRASUMA Chicken - Momos, Spicy",Prasuma,40177259,https://www.bigbasket.com/pd/40177259/prasuma-chicken-momos-spicy-10-pcs/,"Prasuma Chicken - Momos, Spicy, 10 pcs",175,,,10 pcs,non-veg,https://www.bigbasket.com/media/uploads/p/mm/40177259_3-prasuma-chicken-momos-spicy.jpg,"Made with premium ingredients and no preservatives, each Prasuma Momo is crafted with thin wrappers that allow for a larger filling-to-wrapper ratio, these bite-sized treats are full of flavour and easy to prepare. Prasuma Momos can be microwaved, pan-fried, steamed or deep fried and ready to eat in as little as 2 minutes.",8.90611E+12,"https://www.bigbasket.com/media/uploads/p/l/40177259_3-prasuma-chicken-momos-spicy.jpg"""
," EGGS, MEAT & FISH "," SAUSAGES, BACON & SALAMI ", CHICKEN SAUSAGES ," PRASUMA Chicken - Momos, Spicy",Prasuma,40177263,https://www.bigbasket.com/pd/40177263/prasuma-chicken-momos-spicy-24-pcs/,"Prasuma Chicken - Momos, Spicy, 24 pcs",295,,,24 pcs,non-veg,https://www.bigbasket.com/media/uploads/p/mm/40177263_4-prasuma-chicken-momos-spicy.jpg,"Made with premium ingredients and no preservatives, each Prasuma Momo is crafted with thin wrappers that allow for a larger filling-to-wrapper ratio, these bite-sized treats are full of flavour and easy to prepare. Prasuma Momos can be microwaved, pan-fried, steamed or deep fried and ready to eat in as little as 2 minutes.",8.90611E+12,"https://www.bigbasket.com/media/uploads/p/l/40177263_4-prasuma-chicken-momos-spicy.jpg"""
," EGGS, MEAT & FISH "," SAUSAGES, BACON & SALAMI ", CHICKEN SAUSAGES , MEATZZA Chicken Jalapeno Cheese Nuggets,Meatzza,40183638,https://www.bigbasket.com/pd/40183638/meatzza-chicken-jalapeno-cheese-nuggets-300-g/,"Meatzza Chicken Jalapeno Cheese Nuggets, 300 g",300,Rs 255,15%,300 g,non-veg,https://www.bigbasket.com/media/uploads/p/mm/40183638_4-meatzza-chicken-jalapeno-cheese-nuggets.jpg,"Boneless chicken meat, formed, batter-coated & breadcrumbed. Bite into these mildly spiced cheese nuggets every weekend. Enjoy it with family and friends.  Whenever you have Hunger Pangs or you are planning a party you want something quick, open a pack of Meatzza Snackers. Just heat and eat.  ",8.90406E+12,"https://www.bigbasket.com/media/uploads/p/l/40183638_4-meatzza-chicken-jalapeno-cheese-nuggets.jpg"""
," EGGS, MEAT & FISH ", POULTRY , FROZEN CHICKEN , MEATZZA Chicken Chapli Kebab,Meatzza,40183639,https://www.bigbasket.com/pd/40183639/meatzza-chicken-chapli-kebab-500-g/,"Meatzza Chicken Chapli Kebab, 500 g",325,Rs 276.25,15%,500 g,non-veg,https://www.bigbasket.com/media/uploads/p/mm/40183639_4-meatzza-chicken-chapli-kebab.jpg,"Coarse ground chicken meat mixed exotic Indian herbs and pieces. Formed and cooked to perfection. Chicken Chapli Kebab is said to have originated in Asia and the middle east. It is popular across this region and loved by the people. It is in the shape of a patty. It can be served with buns and sandwiches after cooking it thoroughly. Whenever you have Hunger Pangs or you are planning a party you want something quick, open a pack of Meatzza Snackers. Just heat and eat.  ",8.90406E+12,"https://www.bigbasket.com/media/uploads/p/l/40183639_4-meatzza-chicken-chapli-kebab.jpg"""
," EGGS, MEAT & FISH "," SAUSAGES, BACON & SALAMI ", CHICKEN SAUSAGES , MEATZZA Chicken Fries,Meatzza,40183636,https://www.bigbasket.com/pd/40183636/meatzza-chicken-fries-500-g/,"Meatzza Chicken Fries, 500 g",300,Rs 255,15%,500 g,non-veg,https://www.bigbasket.com/media/uploads/p/mm/40183636_4-meatzza-chicken-fries.jpg,"Boneless chicken meat, formed, batter-coated and breadcrumbed. Made from chicken, our Chicken Fries are seasoned with light spices and herbs along with crisp breading. Chicken Fries are made in the shape of fries and can be had with the accompaniment of delicious sauces.   Whenever you have Hunger Pangs or you are planning a party you want something quick, open a pack of Meatzza Snackers. Just heat and eat.  ",8.90406E+12,"https://www.bigbasket.com/media/uploads/p/l/40183636_4-meatzza-chicken-fries.jpg"""
," EGGS, MEAT & FISH "," SAUSAGES, BACON & SALAMI ", CHICKEN SAUSAGES , MEATZZA Chicken - Popcorn,Meatzza,40049542,https://www.bigbasket.com/pd/40049542/meatzza-chicken-popcorn-500-g/,"Meatzza Chicken - Popcorn, 500 g",300,,,500 g,non-veg,https://www.bigbasket.com/media/uploads/p/mm/40049542_8-meatzza-chicken-popcorn.jpg,"Completely continental food and mostly used as a snack, the finished result is delicious and crispy in texture. It's properly packed and frozen to ensure that it retains its taste and holds the crisp once fried. Should be Kept Frozen at or below -18ºC.",8.90406E+12,"https://www.bigbasket.com/media/uploads/p/l/40049542_8-meatzza-chicken-popcorn.jpg"""
," EGGS, MEAT & FISH "," SAUSAGES, BACON & SALAMI ", CHICKEN SAUSAGES , MEATZZA Chicken - Salami Masala Sliced,Meatzza,40059417,https://www.bigbasket.com/pd/40059417/meatzza-chicken-salami-masala-sliced-500-g/,"Meatzza Chicken - Salami Masala Sliced, 500 g",275,,,500 g,non-veg,https://www.bigbasket.com/media/uploads/p/mm/40059417_1-meatzza-chicken-salami-masala-sliced.jpg,Meatzza Chickrn Salami is made from Tender Chicken Meat which gives you best taste in sandwich and salad.,8.90406E+12,"https://www.bigbasket.com/media/uploads/p/l/40059417_1-meatzza-chicken-salami-masala-sliced.jpg"""
," EGGS, MEAT & FISH "," SAUSAGES, BACON & SALAMI ", CHICKEN SAUSAGES , MEATZZA Chicken - Salami Masala Slice,Meatzza,40049532,https://www.bigbasket.com/pd/40049532/meatzza-chicken-salami-masala-slice-250-g/,"Meatzza Chicken - Salami Masala Slice, 250 g",150,,,250 g,non-veg,https://www.bigbasket.com/media/uploads/p/mm/40049532_4-meatzza-chicken-salami-masala-slice.jpg,"Its fine cold cuts mostly eaten at the breakfast. Mixture of freshly mixed poultry, spices and flavouring agents. The Finished result is delicious and soft in texture. It's properly packed and frozen to ensure that it retains its taste and aroma. Should be Kept Frozen at or below -18Ã‚ºC.",8.90406E+12,"https://www.bigbasket.com/media/uploads/p/l/40049532_4-meatzza-chicken-salami-masala-slice.jpg"""
," EGGS, MEAT & FISH "," SAUSAGES, BACON & SALAMI ", PORK & HAM , MEATZZA Pork Sausages,Meatzza,40059427,https://www.bigbasket.com/pd/40059427/meatzza-pork-sausages-500-g/,"Meatzza Pork Sausages, 500 g",375,,,500 g,non-veg,https://www.bigbasket.com/media/uploads/p/mm/40059427_3-meatzza-pork-sausages.jpg,Meatzza Pork Sausages is made from farm raised Pork and it is skinless and 100% safe and hygiene.,8.90406E+12,"https://www.bigbasket.com/media/uploads/p/l/40059427_3-meatzza-pork-sausages.jpg"""
," EGGS, MEAT & FISH ", POULTRY , FROZEN CHICKEN , MEATZZA Chicken - Malai Seekh Kebab,Meatzza,40059422,https://www.bigbasket.com/pd/40059422/meatzza-chicken-malai-seekh-kebab-500-g/,"Meatzza Chicken - Malai Seekh Kebab, 500 g",335,,,500 g,non-veg,https://www.bigbasket.com/media/uploads/p/mm/40059422_8-meatzza-chicken-malai-seekh-kebab.jpg,Maeatzza Chicken Seekh Kebab are made from Tender Chicken Meat with Fresh Vegetable which gives you best taste.,8.90406E+12,"https://www.bigbasket.com/media/uploads/p/l/40059422_8-meatzza-chicken-malai-seekh-kebab.jpg"""
," EGGS, MEAT & FISH "," SAUSAGES, BACON & SALAMI ", CHICKEN SAUSAGES ," LA CARNE Ham - Chicken Classic whole, Smoked",La Carne,40063430,https://www.bigbasket.com/pd/40063430/la-carne-ham-chicken-classic-whole-smoked-800-g-pouch/,"La Carne Ham - Chicken Classic whole, Smoked, 800 g Pouch",700,,,800 g,non-veg,https://www.bigbasket.com/media/uploads/p/mm/40063430_2-la-carne-ham-chicken-classic-whole-smoked.jpg,,8.90606E+12,"https://www.bigbasket.com/media/uploads/p/l/40063430_2-la-carne-ham-chicken-classic-whole-smoked.jpg"""
," EGGS, MEAT & FISH "," SAUSAGES, BACON & SALAMI ", CHICKEN SAUSAGES , LA CARNE Chicken Breakfast Sausage,La Carne,40161832,https://www.bigbasket.com/pd/40161832/la-carne-chicken-breakfast-sausage-500-g-pkt/,"La Carne Chicken Breakfast Sausage, 500 g PKT",275,,,500 g,non-veg,https://www.bigbasket.com/media/uploads/p/mm/40161832_2-la-carne-chicken-breakfast-sausage.jpg,"At La Carne, we take pride in offering products of high quality. La Carne brings to you the authentic taste of premium Chicken Products. Quick Freezing technology used to preserve all the goodness and freshness inside. Made with lean ground chicken with low fat, perfect breakfast and alternative to regular sausages.",8.90606E+12,"https://www.bigbasket.com/media/uploads/p/l/40161832_2-la-carne-chicken-breakfast-sausage.jpg"""
," EGGS, MEAT & FISH "," SAUSAGES, BACON & SALAMI ", CHICKEN SAUSAGES , LA CARNE Chicken Chorizo Sausage,La Carne,40161833,https://www.bigbasket.com/pd/40161833/la-carne-chicken-chorizo-sausage-500-g-pkt/,"La Carne Chicken Chorizo Sausage, 500 g PKT",300,,,500 g,non-veg,https://www.bigbasket.com/media/uploads/p/mm/40161833_1-la-carne-chicken-chorizo-sausage.jpg,"At La Carne, we take pride in offering products of high quality. La Carne brings to you the authentic taste of premium Chicken Products. Quick Freezing technology used to preserve all the goodness and freshness inside. Spanish Chorizo flavouring in Chicken Sausage gives a distinctive taste of Spanish spices. ",8.90606E+12,"https://www.bigbasket.com/media/uploads/p/l/40161833_1-la-carne-chicken-chorizo-sausage.jpg"""
," EGGS, MEAT & FISH "," SAUSAGES, BACON & SALAMI ", CHICKEN SAUSAGES , LA CARNE Chicken Bell Pepper Salami,La Carne,40161839,https://www.bigbasket.com/pd/40161839/la-carne-chicken-bell-pepper-salami-250-g-pkt/,"La Carne Chicken Bell Pepper Salami, 250 g PKT",150,,,250 g,non-veg,https://www.bigbasket.com/media/uploads/p/mm/40161839_2-la-carne-chicken-bell-pepper-salami.jpg,"At La Carne, we take pride in offering products of high quality. La Carne brings to you the authentic taste of premium Chicken Products. Quick Freezing technology used to preserve all the goodness and freshness inside. Made with lean ground chicken with low fat. Chicken Salami with engraved Bell Peppers serves as anytime snack. Perfect snack or Salad combo for any meal of the day.",8.90606E+12,"https://www.bigbasket.com/media/uploads/p/l/40161839_2-la-carne-chicken-bell-pepper-salami.jpg"""
," EGGS, MEAT & FISH "," SAUSAGES, BACON & SALAMI ", CHICKEN SAUSAGES , LA CARNE Chicken Classic Salami,La Carne,40161840,https://www.bigbasket.com/pd/40161840/la-carne-chicken-classic-salami-250-g-pkt/,"La Carne Chicken Classic Salami, 250 g PKT",140,,,250 g,non-veg,https://www.bigbasket.com/media/uploads/p/mm/40161840_2-la-carne-chicken-classic-salami.jpg,"At La Carne, we take pride in offering products of high quality. La Carne brings to you the authentic taste of premium Chicken Products. Quick Freezing technology used to preserve all the goodness and freshness inside. Made with lean ground chicken with low fat. Traditional Chicken Salami serves as anytime snack. Perfect snack or Salad combo for any meal of the day.",8.90606E+12,"https://www.bigbasket.com/media/uploads/p/l/40161840_2-la-carne-chicken-classic-salami.jpg"""
," EGGS, MEAT & FISH "," SAUSAGES, BACON & SALAMI ", CHICKEN SAUSAGES , LA CARNE Chicken Premium Ham,La Carne,40161841,https://www.bigbasket.com/pd/40161841/la-carne-chicken-premium-ham-250-g-pkt/,"La Carne Chicken Premium Ham, 250 g PKT",200,,,250 g,non-veg,https://www.bigbasket.com/media/uploads/p/mm/40161841_2-la-carne-chicken-premium-ham.jpg,"At La Carne, we take pride in offering products of high quality. La Carne brings to you the authentic taste of premium Chicken Products. Quick Freezing technology used to preserve all the goodness and freshness inside. Made with lean ground chicken with low fat. Chicken ham is a unique product and an alternative to traditional ham. A good start to a day's breakfast.",8.90606E+12,"https://www.bigbasket.com/media/uploads/p/l/40161841_2-la-carne-chicken-premium-ham.jpg"""
," EGGS, MEAT & FISH "," SAUSAGES, BACON & SALAMI ", PORK & HAM , LA CARNE Pork Premium Bacon,La Carne,40161849,https://www.bigbasket.com/pd/40161849/la-carne-pork-premium-bacon-250-g-pkt/,"La Carne Pork Premium Bacon, 250 g PKT",350,,,250 g,non-veg,https://www.bigbasket.com/media/uploads/p/mm/40161849_1-la-carne-pork-premium-bacon.jpg,"At La Carne, we take pride in offering products of high quality. La Carne brings to you the authentic taste of premium Imported Pork Products. Quick Freezing technology used to preserve all the goodness and freshness inside. Made with best of European Pork meat, which is lean with low fat. Natural wood smoked pork bacon star of American style bacon.",8.90606E+12,"https://www.bigbasket.com/media/uploads/p/l/40161849_1-la-carne-pork-premium-bacon.jpg"""
," EGGS, MEAT & FISH "," SAUSAGES, BACON & SALAMI ", PORK & HAM , LA CARNE Pork Premium Ham,La Carne,40162598,https://www.bigbasket.com/pd/40162598/la-carne-pork-premium-ham-250-g-pkt/,"La Carne Pork Premium Ham, 250 g PKT",275,,,250 g,non-veg,https://www.bigbasket.com/media/uploads/p/mm/40162598_1-la-carne-pork-premium-ham.jpg,"At La Carne, we take pride in offering products of high quality. La Carne brings to you the authentic taste of premium Imported Pork Products. Quick Freezing technology used to preserve all the goodness and freshness inside. Made with best of European Pork meat, which is lean with low fat. Pork Ham is richly flavoured and traditional.",8.90606E+12,"https://www.bigbasket.com/media/uploads/p/l/40162598_1-la-carne-pork-premium-ham.jpg"""
," EGGS, MEAT & FISH "," SAUSAGES, BACON & SALAMI ", CHICKEN SAUSAGES , MEATZZA Chicken - Jumbo Hot Dog,Meatzza,40049537,https://www.bigbasket.com/pd/40049537/meatzza-chicken-jumbo-hot-dog-500-g/,"Meatzza Chicken - Jumbo Hot Dog, 500 g",300,,,500 g,non-veg,https://www.bigbasket.com/media/uploads/p/mm/40049537_6-meatzza-chicken-jumbo-hot-dog.jpg,"Its a cooked sausage, traditionally grilled or steamed and favoured, served in a sliced bun as a sandwich. Its properly packed and frozen to ensure that it retains its taste and aroma. Should be Kept Frozen at or below -18C.",8.90406E+12,"https://www.bigbasket.com/media/uploads/p/l/40049537_6-meatzza-chicken-jumbo-hot-dog.jpg"""
," EGGS, MEAT & FISH "," SAUSAGES, BACON & SALAMI ", PORK & HAM , LA CARNE Pork Chorizo Sausages,La Carne,40161848,https://www.bigbasket.com/pd/40161848/la-carne-pork-chorizo-sausages-250-g-pkt/,"La Carne Pork Chorizo Sausages, 250 g PKT",300,,,250 g,non-veg,https://www.bigbasket.com/media/uploads/p/mm/40161848_1-la-carne-pork-chorizo-sausages.jpg,"At La Carne, we take pride in offering products of high quality. La Carne brings to you the authentic taste of premium Imported Pork Products. Quick Freezing technology used to preserve all the goodness and freshness inside. Made with best of European Pork meat, which is lean with low fat. Spanish recipe, which is delicately spiced for that different zing.",8.90606E+12,"https://www.bigbasket.com/media/uploads/p/l/40161848_1-la-carne-pork-chorizo-sausages.jpg"""
," EGGS, MEAT & FISH "," SAUSAGES, BACON & SALAMI ", CHICKEN SAUSAGES , MEATZZA Fresh Chicken Mince,Meatzza,40055087,https://www.bigbasket.com/pd/40055087/meatzza-fresh-chicken-mince-500-g/,"Meatzza Fresh Chicken Mince, 500 g",240,Rs 216,24,500 g,non-veg,https://www.bigbasket.com/media/uploads/p/mm/40055087_4-meatzza-fresh-chicken-mince.jpg,"Processed from entire dressed whole bird, ideal for roasting and shallow frying, good to use in dry heat. Should be Kept Frozen at or below -18 C",8.90406E+12,"https://www.bigbasket.com/media/uploads/p/l/40055087_4-meatzza-fresh-chicken-mince.jpg"""
," EGGS, MEAT & FISH "," SAUSAGES, BACON & SALAMI ", CHICKEN SAUSAGES , MEATZZA Fresh Boneless Chicken Thighs,Meatzza,40055085,https://www.bigbasket.com/pd/40055085/meatzza-fresh-boneless-chicken-thighs-500-g/,"Meatzza Fresh Boneless Chicken Thighs, 500 g",260,Rs 234,26,500 g,non-veg,https://www.bigbasket.com/media/uploads/p/mm/40055085_2-meatzza-fresh-boneless-chicken-thighs.jpg,"Leg pieces processed from dressed whole bird. Very soft and tender in nature, ideal for roasting and good to use in dry heat. Should be Kept Frozen at or below -18 C",8.90406E+12,"https://www.bigbasket.com/media/uploads/p/l/40055085_2-meatzza-fresh-boneless-chicken-thighs.jpg"""
," EGGS, MEAT & FISH "," SAUSAGES, BACON & SALAMI ", CHICKEN SAUSAGES ," LA CARNE Ham - Chicken Tandoori, Mortadella",La Carne,40063431,https://www.bigbasket.com/pd/40063431/la-carne-ham-chicken-tandoori-mortadella-150-g-pouch/,"La Carne Ham - Chicken Tandoori, Mortadella, 150 g pouch",175,,,150 g,non-veg,https://www.bigbasket.com/media/uploads/p/mm/40063431_5-la-carne-ham-chicken-tandoori-mortadella.jpg,,8.90606E+12,"https://www.bigbasket.com/media/uploads/p/l/40063431_5-la-carne-ham-chicken-tandoori-mortadella.jpg"""
," EGGS, MEAT & FISH "," SAUSAGES, BACON & SALAMI ", CHICKEN SAUSAGES ," LA CARNE Ham - Champagine Chicken, Smoked",La Carne,40063432,https://www.bigbasket.com/pd/40063432/la-carne-ham-champagine-chicken-smoked-150-g-pouch/,"La Carne Ham - Champagine Chicken, Smoked, 150 g pouch",250,,,150 g,non-veg,https://www.bigbasket.com/media/uploads/p/mm/40063432_1-la-carne-ham-champagine-chicken-smoked.jpg,,8.90606E+12,"https://www.bigbasket.com/media/uploads/p/l/40063432_1-la-carne-ham-champagine-chicken-smoked.jpg"""
," EGGS, MEAT & FISH "," SAUSAGES, BACON & SALAMI ", CHICKEN SAUSAGES ," LA CARNE Ham - Chicken Chilli, Breast",La Carne,40063433,https://www.bigbasket.com/pd/40063433/la-carne-ham-chicken-chilli-breast-150-g-pouch/,"La Carne Ham - Chicken Chilli, Breast, 150 g pouch",250,,,150 g,non-veg,https://www.bigbasket.com/media/uploads/p/mm/40063433_1-la-carne-ham-chicken-chilli-breast.jpg,,8.90606E+12,"https://www.bigbasket.com/media/uploads/p/l/40063433_1-la-carne-ham-chicken-chilli-breast.jpg"""
," EGGS, MEAT & FISH "," SAUSAGES, BACON & SALAMI ", CHICKEN SAUSAGES ," LA CARNE Ham - Chicken Pariser, Smoked",La Carne,40063434,https://www.bigbasket.com/pd/40063434/la-carne-ham-chicken-pariser-smoked-150-g-pouch/,"La Carne Ham - Chicken Pariser, Smoked, 150 g pouch",200,,,150 g,non-veg,https://www.bigbasket.com/media/uploads/p/mm/40063434_1-la-carne-ham-chicken-pariser-smoked.jpg,,8.90606E+12,"https://www.bigbasket.com/media/uploads/p/l/40063434_1-la-carne-ham-chicken-pariser-smoked.jpg"""
," EGGS, MEAT & FISH "," SAUSAGES, BACON & SALAMI ", CHICKEN SAUSAGES ," LA CARNE Ham - Premium Beechwood Bacon, Smoked",La Carne,40063436,https://www.bigbasket.com/pd/40063436/la-carne-ham-premium-beechwood-bacon-smoked-180-g-pouch/,"La Carne Ham - Premium Beechwood Bacon, Smoked, 180 g pouch",405,,,180 g,non-veg,https://www.bigbasket.com/media/uploads/p/mm/40063436_1-la-carne-ham-premium-beechwood-bacon-smoked.jpg,,8.90606E+12,"https://www.bigbasket.com/media/uploads/p/l/40063436_1-la-carne-ham-premium-beechwood-bacon-smoked.jpg"""
," EGGS, MEAT & FISH "," SAUSAGES, BACON & SALAMI ", PORK & HAM , LA CARNE Sausage - Traditional Pork Kransky,La Carne,40063438,https://www.bigbasket.com/pd/40063438/la-carne-sausage-traditional-pork-kransky-280-g-pouch/,"La Carne Sausage - Traditional Pork Kransky, 280 g Pouch",350,,,280 g,non-veg,https://www.bigbasket.com/media/uploads/p/mm/40063438_2-la-carne-sausage-traditional-pork-kransky.jpg,,8.90606E+12,"https://www.bigbasket.com/media/uploads/p/l/40063438_2-la-carne-sausage-traditional-pork-kransky.jpg"""
," EGGS, MEAT & FISH "," SAUSAGES, BACON & SALAMI ", CHICKEN SAUSAGES , LA CARNE Sausage - New York Style Chicken Frankfurers,La Carne,40063439,https://www.bigbasket.com/pd/40063439/la-carne-sausage-new-york-style-chicken-frankfurers-300-g-pouch/,"La Carne Sausage - New York Style Chicken Frankfurers, 300 g Pouch",300,,,300 g,non-veg,https://www.bigbasket.com/media/uploads/p/mm/40063439_1-la-carne-sausage-new-york-style-chicken-frankfurers.jpg,,8.90606E+12,"https://www.bigbasket.com/media/uploads/p/l/40063439_1-la-carne-sausage-new-york-style-chicken-frankfurers.jpg"""
," EGGS, MEAT & FISH "," SAUSAGES, BACON & SALAMI ", CHICKEN SAUSAGES , LA CARNE Sausage - Chicken Chilli Cheese,La Carne,40063440,https://www.bigbasket.com/pd/40063440/la-carne-sausage-chicken-chilli-cheese-300-g-pouch/,"La Carne Sausage - Chicken Chilli Cheese, 300 g Pouch",325,,,300 g,non-veg,https://www.bigbasket.com/media/uploads/p/mm/40063440_1-la-carne-sausage-chicken-chilli-cheese.jpg,,8.90606E+12,"https://www.bigbasket.com/media/uploads/p/l/40063440_1-la-carne-sausage-chicken-chilli-cheese.jpg"""
," EGGS, MEAT & FISH "," SAUSAGES, BACON & SALAMI ", PORK & HAM , LA CARNE Sausage - Authentic Pork Bockwurst,La Carne,40063441,https://www.bigbasket.com/pd/40063441/la-carne-sausage-authentic-pork-bockwurst-280-g-pouch/,"La Carne Sausage - Authentic Pork Bockwurst, 280 g Pouch",350,,,280 g,non-veg,https://www.bigbasket.com/media/uploads/p/mm/40063441_2-la-carne-sausage-authentic-pork-bockwurst.jpg,,8.90606E+12,"https://www.bigbasket.com/media/uploads/p/l/40063441_2-la-carne-sausage-authentic-pork-bockwurst.jpg"""
," EGGS, MEAT & FISH "," SAUSAGES, BACON & SALAMI ", CHICKEN SAUSAGES , LA CARNE Sausage - Chicken Chorizo Picante,La Carne,40063442,https://www.bigbasket.com/pd/40063442/la-carne-sausage-chicken-chorizo-picante-300-g-pouch/,"La Carne Sausage - Chicken Chorizo Picante, 300 g Pouch",325,,,300 g,non-veg,https://www.bigbasket.com/media/uploads/p/mm/40063442_1-la-carne-sausage-chicken-chorizo-picante.jpg,,8.90606E+12,"https://www.bigbasket.com/media/uploads/p/l/40063442_1-la-carne-sausage-chicken-chorizo-picante.jpg"""
," EGGS, MEAT & FISH "," SAUSAGES, BACON & SALAMI ", CHICKEN SAUSAGES , LA CARNE Sausage - Chicken Piri Piri,La Carne,40063443,https://www.bigbasket.com/pd/40063443/la-carne-sausage-chicken-piri-piri-300-g-pouch/,"La Carne Sausage - Chicken Piri Piri, 300 g Pouch",325,,,300 g,non-veg,https://www.bigbasket.com/media/uploads/p/mm/40063443_1-la-carne-sausage-chicken-piri-piri.jpg,,8.90606E+12,"https://www.bigbasket.com/media/uploads/p/l/40063443_1-la-carne-sausage-chicken-piri-piri.jpg"""
," EGGS, MEAT & FISH ", MUTTON & LAMB , FRESH MUTTON , FRESHO Mutton Bones,Fresho,40188263,https://www.bigbasket.com/pd/40188263/fresho-mutton-bones-500-g/,"Fresho Mutton Bones, 500 g",565,,,500 g,non-veg,https://www.bigbasket.com/media/uploads/p/mm/40188263_2-fresho-mutton-bones.jpg,"We take utmost care in selecting the best suppliers to provide you with high quality and succulent products. Every product is stored in our cold storage right until your doorstep ensuring freshness and utmost hygiene. Additionally, every product is packed using food grade plastic which provides a nourishing and wholesome environment. Chef special marination is very authentic and has a fragrance that will delight your pallet, with its a mixture of exotic flavour and Indian spices.",40188263,"https://www.bigbasket.com/media/uploads/p/l/40188263_2-fresho-mutton-bones.jpg"""
," EGGS, MEAT & FISH "," SAUSAGES, BACON & SALAMI ", CHICKEN SAUSAGES , FRESHO Chicken Bratwurst,Fresho,40203768,https://www.bigbasket.com/pd/40203768/fresho-chicken-bratwurst-300-g/,"Fresho Chicken Bratwurst, 300 g",355,Rs 284,20%,300 g,non-veg,https://www.bigbasket.com/media/uploads/p/mm/40203768_1-fresho-chicken-bratwurst.jpg,"Chicken Bratwurst is made with premium ingredients, giving you the perfect blend of flavours. Easy to cook, this is a perfect option to tame your hunger pangs. Indulge in some premium taste with Fresho. ",8.90426E+12,"https://www.bigbasket.com/media/uploads/p/l/40203768_1-fresho-chicken-bratwurst.jpg"""
," EGGS, MEAT & FISH "," SAUSAGES, BACON & SALAMI ", CHICKEN SAUSAGES , FRESHO Chicken Thuringer,Fresho,40203769,https://www.bigbasket.com/pd/40203769/fresho-chicken-thuringer-300-g/,"Fresho Chicken Thuringer, 300 g",335,Rs 268,20%,300 g,non-veg,https://www.bigbasket.com/media/uploads/p/mm/40203769_1-fresho-chicken-thuringer.jpg,"Chicken Thuringer is made with premium ingredients, giving you the perfect blend of flavours. Easy to cook, this is a perfect option to tame your hunger pangs. Indulge in some premium taste with Fresho. ",8.90426E+12,"https://www.bigbasket.com/media/uploads/p/l/40203769_1-fresho-chicken-thuringer.jpg"""
," EGGS, MEAT & FISH "," SAUSAGES, BACON & SALAMI ", CHICKEN SAUSAGES , FRESHO Chicken Bockwurst,Fresho,40203770,https://www.bigbasket.com/pd/40203770/fresho-chicken-bockwurst-300-g/,"Fresho Chicken Bockwurst, 300 g",320,Rs 256,20%,300 g,non-veg,https://www.bigbasket.com/media/uploads/p/mm/40203770_1-fresho-chicken-bockwurst.jpg,"Chicken Bockwurst is made with premium ingredients, giving you the perfect blend of flavours. Easy to cook, this is a perfect option to tame your hunger pangs. Indulge in some premium taste with Fresho. ",8.90426E+12,"https://www.bigbasket.com/media/uploads/p/l/40203770_1-fresho-chicken-bockwurst.jpg"""
," EGGS, MEAT & FISH "," SAUSAGES, BACON & SALAMI ", CHICKEN SAUSAGES , FRESHO Smoked Chicken Ham,Fresho,40203773,https://www.bigbasket.com/pd/40203773/fresho-smoked-chicken-ham-200-g/,"Fresho Smoked Chicken Ham, 200 g",225,Rs 180,20%,200 g,non-veg,https://www.bigbasket.com/media/uploads/p/mm/40203773_1-fresho-smoked-chicken-ham.jpg,"Smoked Chicken Ham is made with premium ingredients, giving you the perfect blend of flavours. Easy to cook, this is a perfect option to tame your hunger pangs. Indulge in some premium taste with Fresho. ",8.90426E+12,"https://www.bigbasket.com/media/uploads/p/l/40203773_1-fresho-smoked-chicken-ham.jpg"""
," EGGS, MEAT & FISH "," SAUSAGES, BACON & SALAMI ", CHICKEN SAUSAGES , FRESHO Chicken Cocktail Sausage,Fresho,40203775,https://www.bigbasket.com/pd/40203775/fresho-chicken-cocktail-sausage-275-g/,"Fresho Chicken Cocktail Sausage, 275 g",220,Rs 176,20%,275 g,non-veg,https://www.bigbasket.com/media/uploads/p/mm/40203775_1-fresho-chicken-cocktail-sausage.jpg,"Chicken Cocktail Sausage is made with premium ingredients, giving you the perfect blend of flavours. Easy to cook, this is a perfect option to tame your hunger pangs. Indulge in some premium taste with Fresho. ",8.90426E+12,"https://www.bigbasket.com/media/uploads/p/l/40203775_1-fresho-chicken-cocktail-sausage.jpg"""
," EGGS, MEAT & FISH "," SAUSAGES, BACON & SALAMI ", CHICKEN SAUSAGES , FRESHO Chicken Frankfurter,Fresho,40203776,https://www.bigbasket.com/pd/40203776/fresho-chicken-frankfurter-300-g/,"Fresho Chicken Frankfurter, 300 g",255,Rs 204,20%,300 g,non-veg,https://www.bigbasket.com/media/uploads/p/mm/40203776_1-fresho-chicken-frankfurter.jpg,"Chicken Frankfurter is made with premium ingredients, giving you the perfect blend of flavours. Easy to cook, this is a perfect option to tame your hunger pangs. Indulge in some premium taste with Fresho. ",8.90426E+12,"https://www.bigbasket.com/media/uploads/p/l/40203776_1-fresho-chicken-frankfurter.jpg"""
," EGGS, MEAT & FISH "," SAUSAGES, BACON & SALAMI ", CHICKEN SAUSAGES , FRESHO Chicken Jalapeno Garlic Sausage,Fresho,40203777,https://www.bigbasket.com/pd/40203777/fresho-chicken-jalapeno-garlic-sausage-275-g/,"Fresho Chicken Jalapeno Garlic Sausage, 275 g",230,Rs 184,20%,275 g,non-veg,https://www.bigbasket.com/media/uploads/p/mm/40203777_1-fresho-chicken-jalapeno-garlic-sausage.jpg,"Chicken Jalapeno Garlic Sausage is made with premium ingredients, giving you the perfect blend of flavours. Easy to cook, this is a perfect option to tame your hunger pangs. Indulge in some premium taste with Fresho. ",8.90426E+12,"https://www.bigbasket.com/media/uploads/p/l/40203777_1-fresho-chicken-jalapeno-garlic-sausage.jpg"""
," EGGS, MEAT & FISH "," SAUSAGES, BACON & SALAMI ", CHICKEN SAUSAGES , FRESHO Chicken Nuremberg,Fresho,40203771,https://www.bigbasket.com/pd/40203771/fresho-chicken-nuremberg-240-g/,"Fresho Chicken Nuremberg, 240 g",270,Rs 216,20%,240 g,non-veg,https://www.bigbasket.com/media/uploads/p/mm/40203771_1-fresho-chicken-nuremberg.jpg,"Chicken Nuremberg is made with premium ingredients, giving you the perfect blend of flavours. Easy to cook, this is a perfect option to tame your hunger pangs. Indulge in some premium taste with Fresho. ",8.90426E+12,"https://www.bigbasket.com/media/uploads/p/l/40203771_1-fresho-chicken-nuremberg.jpg"""
," EGGS, MEAT & FISH "," SAUSAGES, BACON & SALAMI ", CHICKEN SAUSAGES , FRESHO Chicken Italian Shorties,Fresho,40203772,https://www.bigbasket.com/pd/40203772/fresho-chicken-italian-shorties-240-g/,"Fresho Chicken Italian Shorties, 240 g",260,Rs 208,20%,240 g,non-veg,https://www.bigbasket.com/media/uploads/p/mm/40203772_1-fresho-chicken-italian-shorties.jpg,"Chicken Italian Shorties is made with premium ingredients, giving you the perfect blend of flavours. Easy to cook, this is a perfect option to tame your hunger pangs. Indulge in some premium taste with Fresho. ",8.90426E+12,"https://www.bigbasket.com/media/uploads/p/l/40203772_1-fresho-chicken-italian-shorties.jpg"""
," EGGS, MEAT & FISH "," SAUSAGES, BACON & SALAMI ", CHICKEN SAUSAGES , FRESHO Chicken Sausage,Fresho,40203774,https://www.bigbasket.com/pd/40203774/fresho-chicken-sausage-275-g/,"Fresho Chicken Sausage, 275 g",220,Rs 176,20%,275 g,non-veg,https://www.bigbasket.com/media/uploads/p/mm/40203774_1-fresho-chicken-sausage.jpg,"Chicken Sausage is made with premium ingredients, giving you the perfect blend of flavours. Easy to cook, this is a perfect option to tame your hunger pangs. Indulge in some premium taste with Fresho. ",8.90426E+12,"https://www.bigbasket.com/media/uploads/p/l/40203774_1-fresho-chicken-sausage.jpg"""
," EGGS, MEAT & FISH "," SAUSAGES, BACON & SALAMI ", CHICKEN SAUSAGES , FRESHO Chicken Cheese & Onion Sausage,Fresho,40203778,https://www.bigbasket.com/pd/40203778/fresho-chicken-cheese-onion-sausage-275-g/,"Fresho Chicken Cheese & Onion Sausage, 275 g",245,Rs 196,20%,275 g,non-veg,https://www.bigbasket.com/media/uploads/p/mm/40203778_1-fresho-chicken-cheese-onion-sausage.jpg,"Chicken Cheese & Onion Sausage is made with premium ingredients, giving you the perfect blend of flavours. Easy to cook, this is a perfect option to tame your hunger pangs. Indulge in some premium taste with Fresho. ",8.90426E+12,"https://www.bigbasket.com/media/uploads/p/l/40203778_1-fresho-chicken-cheese-onion-sausage.jpg"""
," EGGS, MEAT & FISH "," SAUSAGES, BACON & SALAMI ", CHICKEN SAUSAGES , FRESHO Chicken Salami Plain,Fresho,40203779,https://www.bigbasket.com/pd/40203779/fresho-chicken-salami-plain-300-g/,"Fresho Chicken Salami Plain, 300 g",250,Rs 200,20%,300 g,non-veg,https://www.bigbasket.com/media/uploads/p/mm/40203779_1-fresho-chicken-salami-plain.jpg,"Chicken Salami Plain  is made with premium ingredients, giving you the perfect blend of flavours. Easy to cook, this is a perfect option to tame your hunger pangs. Indulge in some premium taste with Fresho. ",8.90426E+12,"https://www.bigbasket.com/media/uploads/p/l/40203779_1-fresho-chicken-salami-plain.jpg"""
," EGGS, MEAT & FISH "," SAUSAGES, BACON & SALAMI ", CHICKEN SAUSAGES , FRESHO Chicken Salami Spicy,Fresho,40203780,https://www.bigbasket.com/pd/40203780/fresho-chicken-salami-spicy-300-g/,"Fresho Chicken Salami Spicy, 300 g",255,Rs 204,20%,300 g,non-veg,https://www.bigbasket.com/media/uploads/p/mm/40203780_1-fresho-chicken-salami-spicy.jpg,"Chicken Salami Spicy is made with premium ingredients, giving you the perfect blend of flavours. Easy to cook, this is a perfect option to tame your hunger pangs. Indulge in some premium taste with Fresho. ",8.90426E+12,"https://www.bigbasket.com/media/uploads/p/l/40203780_1-fresho-chicken-salami-spicy.jpg"""
," EGGS, MEAT & FISH "," SAUSAGES, BACON & SALAMI ", CHICKEN SAUSAGES , FRESHO Chicken Olive Mortadella,Fresho,40203781,https://www.bigbasket.com/pd/40203781/fresho-chicken-olive-mortadella-300-g/,"Fresho Chicken Olive Mortadella, 300 g",285,Rs 228,20%,300 g,non-veg,https://www.bigbasket.com/media/uploads/p/mm/40203781_1-fresho-chicken-olive-mortadella.jpg,"Chicken Olive Mortadella is made with premium ingredients, giving you the perfect blend of flavours. Easy to cook, this is a perfect option to tame your hunger pangs. Indulge in some premium taste with Fresho. ",8.90426E+12,"https://www.bigbasket.com/media/uploads/p/l/40203781_1-fresho-chicken-olive-mortadella.jpg"""
," EGGS, MEAT & FISH ", POULTRY , FRESH CHICKEN ," FRESHO Chicken - Mince, Antibiotic Residue-Free, Growth Hormone-Free",Fresho,10000907,https://www.bigbasket.com/pd/10000907/fresho-chicken-mince-antibiotic-residue-free-growth-hormone-free-250-g/,"Fresho Chicken - Mince, Antibiotic Residue-Free, Growth Hormone-Free, 250 g",200,,,250 g,non-veg,https://www.bigbasket.com/media/uploads/p/mm/10000907_9-fresho-chicken-mince-antibiotic-residue-free-growth-hormone-free.jpg,"Net Weight Number Of Pcs Serving Size Storage Temp 250 g 2-3 2-3 people 0-4 deg cel Chicken is a lean meat with various health benefits. Packed with nutritional values, chicken is supremely advantageous for your body. Filled with vitamin, mineral and protein, chicken promotes brain development, strengthens your bones, aids in weight loss, builds muscle and helps in a healthy heart. Looking for a little cooking adventure? This minced chicken from Fresho will surely take out the chef in you. Get creative with your culinary talent with this perfectly chopped boneless chicken pieces. From your favourite subs to Indian keema, enjoy delicious dishes with Fresho minced Chicken. The quantity is perfect for 2-3 people. The Add-on Benefits of Fresho Chicken: • Free from antibiotic residue • No growth hormone Fresho Meats is our in-house brand of fresh meat, poultry, and seafood. We take utmost care in selecting the best suppliers to provide you with high quality and succulent products. Every product is stored in our cold storage right until your doorstep ensuring freshness and utmost hygiene.",10000907,"https://www.bigbasket.com/media/uploads/p/l/10000907_9-fresho-chicken-mince-antibiotic-residue-free-growth-hormone-free.jpg"""
," EGGS, MEAT & FISH ", EGGS , COUNTRY EGGS ," FRESHO Country Eggs - Small, Antibiotic Residue-Free, Growth Hormone-Free",Fresho,40094160,https://www.bigbasket.com/pd/40094160/fresho-country-eggs-small-antibiotic-residue-free-growth-hormone-free-6-pcs/,"Fresho Country Eggs - Small, Antibiotic Residue-Free, Growth Hormone-Free, 6 pcs",85,,,6 pcs,non-veg,https://www.bigbasket.com/media/uploads/p/mm/40094160_2-fresho-country-eggs-small-antibiotic-residue-free-growth-hormone-free.jpg,"Number of Pcs Size 6 pcs Small Country eggs are rich in protein, calcium and improve immunity. These eggs are ideal for the health of women. These country eggs are collected from the village side. The eggs are procured from country hens who are not given any antibiotics or vaccines but only natural feeds. The Add-on Benefits of Fresho Egg: • Antibiotic free • Free from growth hormones • Carefully selected • Rich in omega 3 Fresho is our in-house brand of fresh meat, poultry, and seafood. We take utmost care in selecting the best suppliers to provide you with high quality and succulent products. Every product is stored in our cold storage right until your doorstep ensuring freshness and utmost hygiene.",40094160,"https://www.bigbasket.com/media/uploads/p/l/40094160_2-fresho-country-eggs-small-antibiotic-residue-free-growth-hormone-free.jpg"""
," EGGS, MEAT & FISH ", EGGS , COUNTRY EGGS , MPM Eggs - Country,Mpm,60000399,https://www.bigbasket.com/pd/60000399/mpm-eggs-country-6-pcs-carton/,"Mpm Eggs - Country, 6 pcs Carton",120,,,6 pcs,non-veg,https://www.bigbasket.com/media/uploads/p/mm/60000399_3-mpm-eggs-country.jpg,"Gives high and rich protein, calcium and improves immunity. It is a portion of very good food for women's health. Country eggs are collected from the village side only. These countryside hens were not given any antibiotics, vaccines only are given natural feeds.",3.35929E+12,"https://www.bigbasket.com/media/uploads/p/l/60000399_3-mpm-eggs-country.jpg"""
," EGGS, MEAT & FISH ", FISH & SEAFOOD , FRESH FISH ," FRESHO Mackerel Fish - Large, Whole Cleaned, Preservative Free, 3-4 pcs",Fresho,10000703,https://www.bigbasket.com/pd/10000703/fresho-mackerel-fish-large-whole-cleaned-preservative-free-3-4-pcs-500-g/,"Fresho Mackerel Fish - Large, Whole Cleaned, Preservative Free, 3-4 pcs, 500 g (Gross Fish Weight 600-700 g, Net Weight After Cleaning 500 g)",286,,,500 g,non-veg,https://www.bigbasket.com/media/uploads/p/mm/10000703_32-fresho-mackerel-fish-large-whole-cleaned-preservative-free-3-4-pcs.jpg,"Net Weight Number Of Pcs Serving Size Storage Temp 500 g 3-4 3-4 people 0-4 deg cel Mackerel fish is perfect for people who are watching their weights. The high nutritional value makes it a perfect addition to the diet. It can be grilled, steamed or baked.  This whole cleaned mackerel fish comes with the head. It is cleaned and gutted. This comes in 3-4 pcs which are perfect for 3-4 people. It is preservative-free.  Fresho is our in-house brand of fresh meat, poultry, and seafood. We take utmost care in selecting the best suppliers to provide you with high quality and succulent products. Every product is stored in our cold storage right until your doorstep ensuring freshness and utmost hygiene.",4,https://www.bigbasket.com/media/uploads/p/l/10000703_32-fresho-mackerel-fish-large-whole-cleaned-preservative-free-3-4-pcs.jpg
," EGGS, MEAT & FISH ", FISH & SEAFOOD , CANNED SEAFOOD , TASTY NIBBLES Light Meat Tuna Flakes In Sunflower Oil,Tasty Nibbles,40092582,https://www.bigbasket.com/pd/40092582/tasty-nibbles-light-meat-tuna-flakes-in-sunflower-oil-185-g/,"Tasty Nibbles Light Meat Tuna Flakes In Sunflower Oil, 185 g Canned light meat tuna flakes with sunflower oil as base",150,,,185 g,non-veg,https://www.bigbasket.com/media/uploads/p/mm/40092582_2-tasty-nibbles-light-meat-tuna-flakes-in-sunflower-oil.jpg,,8.90709E+12,"https://www.bigbasket.com/media/uploads/p/l/40092582_2-tasty-nibbles-light-meat-tuna-flakes-in-sunflower-oil.jpg"""
," EGGS, MEAT & FISH ", FISH & SEAFOOD , FROZEN FISH & SEAFOOD , IFB Fresh Catch Fish Poppers,Ifb,40011519,https://www.bigbasket.com/pd/40011519/ifb-fresh-catch-fish-poppers-300-g-carton/,"Ifb Fresh Catch Fish Poppers, 300 g Approx 17 - 19 pcs",180,,,300 g,non-veg,https://www.bigbasket.com/media/uploads/p/mm/40011519_3-ifb-fresh-catch-fish-poppers.jpg,"Make best buds with your tastebuds! Expertly seasoned, golden crispy and oh-so-tender — our Fish Poppers add a delicious pop of crunch to any meal or party. Sharing is always an option (but not required).",8.1321E+12,"https://www.bigbasket.com/media/uploads/p/l/40011519_3-ifb-fresh-catch-fish-poppers.jpg"""
," EGGS, MEAT & FISH ", FISH & SEAFOOD , FROZEN FISH & SEAFOOD , IFB Fresh Catch Fish Fritters,Ifb,40011517,https://www.bigbasket.com/pd/40011517/ifb-fresh-catch-fish-fritters-600-g-carton/,"Ifb Fresh Catch Fish Fritters, 600 g 24 pcs",340,,,600 g,non-veg,https://www.bigbasket.com/media/uploads/p/mm/40011517_3-ifb-fresh-catch-fish-fritters.jpg,"Dashes of Indian spices and savoury breadcrumbs give our spicy Fritters a flavour to remember, for a meal, a snack or a tango.",8.1321E+12,"https://www.bigbasket.com/media/uploads/p/l/40011517_3-ifb-fresh-catch-fish-fritters.jpg"""
," EGGS, MEAT & FISH ", FISH & SEAFOOD , FROZEN FISH & SEAFOOD , IFB Fresh Catch Prawn Torpedoes,Ifb,40003218,https://www.bigbasket.com/pd/40003218/ifb-fresh-catch-prawn-torpedoes-150-g-carton/,"Ifb Fresh Catch Prawn Torpedoes, 150 g 6 pcs",270,,,150 g,non-veg,https://www.bigbasket.com/media/uploads/p/mm/40003218_3-ifb-fresh-catch-prawn-torpedoes.jpg,"Our Crunchy Prawn Torpedoes are the perfect finger food for any occasion. Trust us, your tastebuds will thank you later.",8.1321E+12,"https://www.bigbasket.com/media/uploads/p/l/40003218_3-ifb-fresh-catch-prawn-torpedoes.jpg"""
," EGGS, MEAT & FISH ", FISH & SEAFOOD , FROZEN FISH & SEAFOOD , FRESHO Prawns - Large,Fresho,40186084,https://www.bigbasket.com/pd/40186084/fresho-prawns-large-250-g-pouch/,"Fresho Prawns - Large, 250 g Pouch",250,,,250 g,,https://www.bigbasket.com/media/uploads/p/mm/40186084_4-fresho-prawns-large.jpg,"Net Weight Number Of Pcs Serving Size Storage Temp 250 g 15-20 2-4 0-4 deg cel Prawns are full of nutrients. They are packed with protein and low in carbohydrate. It helps to build muscle and aids in weight-loss.   The Fresho seawater prawns can be used instantly to cook a variety of delicious dishes without going through the pain of cleaning and deveining them. These are seawater prawn are peeled. Their firm meat is easy to cook whether you are preparing curries, fried snacks, or grilled items. This comes in 15-20 pieces which are perfect for 2-4 people. Fresho is our in-house brand of fresh meat, poultry, and seafood. We take utmost care in selecting the best suppliers to provide you with high quality and succulent products. Every product is stored in our cold storage right until your doorstep ensuring freshness and utmost hygiene.",8.90426E+12,"https://www.bigbasket.com/media/uploads/p/l/40186084_4-fresho-prawns-large.jpg"""
," EGGS, MEAT & FISH ", EGGS , FARM EGGS ," FRESHO Farm Eggs - Jumbo, Large, Antibiotic Residue-Free, Growth Hormone-Free",Fresho,40094159,https://www.bigbasket.com/pd/40094159/fresho-farm-eggs-jumbo-large-antibiotic-residue-free-growth-hormone-free-6-pcs/,"Fresho Farm Eggs - Jumbo, Large, Antibiotic Residue-Free, Growth Hormone-Free, 6 pcs",85,,,6 pcs,,https://www.bigbasket.com/media/uploads/p/mm/40094159_2-fresho-farm-eggs-jumbo-large-antibiotic-residue-free-growth-hormone-free.jpg,"Number of Pcs Size 6 pcs Large Eggs are one of the common food items in most of the households. From breakfast to dinner, eggs are indulged in various ways. Poached, boiled, fried; we all have our own favourite choices. Not only are they delicious, but they are also crammed with health benefits. It is one of the most in-expensive sources of high protein. These are one of nature's most wholesome and cost-effective foods. An egg can give you a health kick in no time at all! It is the ideal ingredient to add to your child's breakfast for growth and development. The Add-on Benefits of Fresho Egg: •Antibiotic free •Free from growth hormones •Carefully selected •Rich in omega 3 Fresho is our in-house brand of fresh meat, poultry, and seafood. We take utmost care in selecting the best suppliers to provide you with high quality and succulent products. Every product is stored in our cold storage right until your doorstep ensuring freshness and utmost hygiene.",40094159,https://www.bigbasket.com/media/uploads/p/l/40094159_2-fresho-farm-eggs-jumbo-large-antibiotic-residue-free-growth-hormone-free.jpg
," EGGS, MEAT & FISH ", POULTRY , FRESH CHICKEN ," FRESHO Chicken Drumstick - Without Skin, Antibiotic Residue-Free, Growth Hormone-Free, 4-6 pcs",Fresho,10000904,https://www.bigbasket.com/pd/10000904/fresho-chicken-drumstick-without-skin-antibiotic-residue-free-growth-hormone-free-4-6-pcs-500-g/,"Fresho Chicken Drumstick - Without Skin, Antibiotic Residue-Free, Growth Hormone-Free, 4-6 pcs, 500 g",199,,,500 g,non-veg,https://www.bigbasket.com/media/uploads/p/mm/10000904_8-fresho-chicken-drumstick-without-skin-antibiotic-residue-free-growth-hormone-free-4-6-pcs.jpg,"Net Weight Number Of Pcs Serving Size Storage Temp 500 g 4-6 3-4 people 0-4 deg cel Chicken is a lean meat with various health benefits. Packed with nutritional values, chicken is supremely advantageous for your body. Filled with vitamin, mineral and protein, chicken promotes brain development, strengthens your bones, aids in weight loss, builds muscle and helps in a healthy heart. This tender, juicy, without skin drumstick, gets flabbier once cooked. This is one of the most go-to pieces of a chicken, as it is really easy to cook. One can come with a countless culinary method to cook this deliciousness. Savoury, sweet, spicy: there are more than a hundred recipes to cook a drumstick. This scrumptious chicken pieces come in 4-6 in numbers which are perfect for 3-4 people. The Add-on Benefits of Fresho Chicken: • Free from antibiotic residue • No growth hormone Fresho Meats is our in-house brand of fresh meat, poultry, and seafood. We take utmost care in selecting the best suppliers to provide you with high quality and succulent products. Every product is stored in our cold storage right until your doorstep ensuring freshness and utmost hygiene.",1000090499,"https://www.bigbasket.com/media/uploads/p/l/10000904_8-fresho-chicken-drumstick-without-skin-antibiotic-residue-free-growth-hormone-free-4-6-pcs.jpg"""
," EGGS, MEAT & FISH ", POULTRY , FRESH CHICKEN ," FRESHO Chicken Drumstick - Without Skin, Antibiotic Residue-Free, Growth Hormone-Free",Fresho,10000905,https://www.bigbasket.com/pd/10000905/fresho-chicken-drumstick-without-skin-antibiotic-residue-free-growth-hormone-free-250-g/,"Fresho Chicken Drumstick - Without Skin, Antibiotic Residue-Free, Growth Hormone-Free, 250 g",125,,,250 g,non-veg,https://www.bigbasket.com/media/uploads/p/mm/10000905_9-fresho-chicken-drumstick-without-skin-antibiotic-residue-free-growth-hormone-free.jpg,"Net Weight Number Of Pcs Serving Size Storage Temp 250 g 2-4 2-3 people 0-4 deg cel Chicken is a lean meat with various health benefits. Packed with nutritional values, chicken is supremely advantageous for your body. Filled with vitamin, mineral and protein, chicken promotes brain development, strengthens your bones, aids in weight loss, builds muscle and helps in a healthy heart. Juicy and tender in each bite, this piece from the lower leg of the chicken is one of the juiciest and delicious parts. This comes in 2-4 pcs which are perfect for 2-3 people. The The Add-on Benefits of Fresho Chicken: • Free from antibiotic residue • No growth hormone Fresho Meats is our in-house brand of fresh meat, poultry, and seafood. We take utmost care in selecting the best suppliers to provide you with high quality and succulent products. Every product is stored in our cold storage right until your doorstep ensuring freshness and utmost hygiene.",10000905,"https://www.bigbasket.com/media/uploads/p/l/10000905_9-fresho-chicken-drumstick-without-skin-antibiotic-residue-free-growth-hormone-free.jpg"""
," EGGS, MEAT & FISH ", EGGS , FARM EGGS , MPM Eggs - White Leghorn,Mpm,60000396,https://www.bigbasket.com/pd/60000396/mpm-eggs-white-leghorn-6-pcs-carton/,"Mpm Eggs - White Leghorn, 6 pcs Carton",60,,,6 pcs,non-veg,https://www.bigbasket.com/media/uploads/p/mm/60000396_2-mpm-eggs-white-leghorn.jpg,"This is very fresh eggs collected from layer farms. These are very tender eggs. The hens are aged above 22 weeks only. They are fed normal proteins and calcium. These are one of nature's most wholesome and cost-effective foods. You can bake enjoyable cakes, cookies, scones etc. with eggs; try your hand over at family pasta as well. It is twisted boiled, sunny-side up, deviled or evened. The Indian method curry eggs can be finished in so many unique tasty ways. An egg can give you a health kick in no time at all! It is the ideal ingredient to add to your child's breakfast for growth and development. Eggs can be consumed in various ways like omelettes, boiled eggs, egg bhurji and in any of the dozen egg recipe. A rich source of protein, various vitamins and amino acids, it is one of the rare food items that contain diverse nutrients. Recent studies show that eggs can prevent strokes, heart diseases and also breast cancer. They promote healthy hair and nails now that is an incentive for every woman out there! You can have them for breakfast, lunch, dinner and even as in-between snacks. Doctors recommend having at least one egg every day.",3.35929E+12,"https://www.bigbasket.com/media/uploads/p/l/60000396_2-mpm-eggs-white-leghorn.jpg"""
," EGGS, MEAT & FISH ", EGGS , OTHER EGGS , MPM Quail Eggs,Mpm,40041960,https://www.bigbasket.com/pd/40041960/mpm-quail-eggs-12-pcs/,"Mpm Quail Eggs, 12 pcs",65,,,12 pcs,,https://www.bigbasket.com/media/uploads/p/mm/40041960_1-mpm-quail-eggs.jpg,"Eggs are hygienically processed and securely filled for keeping these free from any contamination and impurity. It has high dietary content, protein, smell and tastes rich. These are one of the natures most wholesome and cost-effective foods.",40041960,"https://www.bigbasket.com/media/uploads/p/l/40041960_1-mpm-quail-eggs.jpg"""
," EGGS, MEAT & FISH ", POULTRY , FROZEN CHICKEN , VENKYS Chicken - Burger Patty,Venkys,40059874,https://www.bigbasket.com/pd/40059874/venkys-chicken-burger-patty-500-g/,"Venkys Chicken - Burger Patty, 500 g",265,,,500 g,non-veg,https://www.bigbasket.com/media/uploads/p/mm/40059874_2-venkys-chicken-burger-patty.jpg,"Venkys Chicken Jumbo Burger Patty home which has got the ingredients of Chicken Meat, Water, Breadcrumbs, Onion, Edible Vegetable Oil, Green Chilly etc. Get set to enjoy the hot and spicy, ready to fill your tummy, the very zesty tasty Venkys Chicken Jumbo Burger Patty. Its a non veg frozen food that requires a little heat to offer you the sizzling taste.",40059874,"https://www.bigbasket.com/media/uploads/p/l/40059874_2-venkys-chicken-burger-patty.jpg"""
," EGGS, MEAT & FISH ", EGGS , PROTEIN EGGS ," FRESHO Farm Eggs - Brown, Medium, Antibiotic Residue-Free, Growth Hormone-Free",Fresho,40038379,https://www.bigbasket.com/pd/40038379/fresho-farm-eggs-brown-medium-antibiotic-residue-free-growth-hormone-free-6-pcs/,"Fresho Farm Eggs - Brown, Medium, Antibiotic Residue-Free, Growth Hormone-Free, 6 pcs",85,,,6 pcs,non-veg,https://www.bigbasket.com/media/uploads/p/mm/40038379_6-fresho-farm-eggs-brown-medium-antibiotic-residue-free-growth-hormone-free.jpg,"Number of Pcs Size 6 pcs Medium Eggs are one of the common food items in most of the households. From breakfast to dinner, eggs are indulged in various ways. Poached, boiled, fried; we all have our own favourite choices. Not only are they delicious, but they are also crammed with health benefits. It is one of the most in-expensive sources of high protein. These are one of nature's most wholesome and cost-effective foods. An egg can give you a health kick in no time at all! It is the ideal ingredient to add to your child's breakfast for growth and development. The Add-on Benefits of Fresho Egg: •Antibiotic free •Free from growth hormones •Carefully selected •Rich in omega 3 Fresho is our in-house brand of fresh meat, poultry, and seafood. We take utmost care in selecting the best suppliers to provide you with high quality and succulent products. Every product is stored in our cold storage right until your doorstep ensuring freshness and utmost hygiene.",40031217,https://www.bigbasket.com/media/uploads/p/l/40038379_6-fresho-farm-eggs-brown-medium-antibiotic-residue-free-growth-hormone-free.jpg
," EGGS, MEAT & FISH ", POULTRY , FRESH CHICKEN ," FRESHO Chicken Curry Cut - With Skin, Antibiotic Residue-Free, Growth Hormone-Free, 12-14 pcs",Fresho,10000926,https://www.bigbasket.com/pd/10000926/fresho-chicken-curry-cut-with-skin-antibiotic-residue-free-growth-hormone-free-12-14-pcs-500-g/,"Fresho Chicken Curry Cut - With Skin, Antibiotic Residue-Free, Growth Hormone-Free, 12-14 pcs, 500 g",125,,,500 g,non-veg,https://www.bigbasket.com/media/uploads/p/mm/10000926_9-fresho-chicken-curry-cut-with-skin-antibiotic-residue-free-growth-hormone-free-12-14-pcs.jpg,"Net Weight Number Of Pcs Serving Size Storage Temp 500 g 12-14 2-3 people 0-4 deg cel Chicken is a lean meat with various health benefits. Packed with nutritional values, chicken is supremely advantageous for your body. Filled with vitamin, mineral and protein, chicken promotes brain development, strengthens your bones, aids in weight loss, builds muscle and helps in a healthy heart. Chicken curry is one of the favourite non-veg dishes in most Indian households. Fresho Chicken curry cut is carved into perfect pieces to give you the ideal portion for your curries. This scrumptious with skin chicken pieces come in 12-14 in numbers which are perfect for 2-3 people. The Add-on Benefits of Fresho Chicken: • Free from antibiotic residue • No growth hormone Fresho Meats is our in-house brand of fresh meat, poultry, and seafood. We take utmost care in selecting the best suppliers to provide you with high quality and succulent products. Every product is stored in our cold storage right until your doorstep ensuring freshness and utmost hygiene.",1000092699,"https://www.bigbasket.com/media/uploads/p/l/10000926_9-fresho-chicken-curry-cut-with-skin-antibiotic-residue-free-growth-hormone-free-12-14-pcs.jpg"""
," EGGS, MEAT & FISH ", EGGS , PROTEIN EGGS , MPM Eggs - Brown Shell,Mpm,60000397,https://www.bigbasket.com/pd/60000397/mpm-eggs-brown-shell-6-pcs-carton/,"Mpm Eggs - Brown Shell, 6 pcs Carton",75,,,6 pcs,non-veg,https://www.bigbasket.com/media/uploads/p/mm/60000397_2-mpm-eggs-brown-shell.jpg,"The hen breed name is bv360 and is formerly known as giriraja eggs, it is natural egg no artificial colours of egg shells. The yellow yolk colour is lemon yellow and also this is export quality eggs.",3.35929E+12,"https://www.bigbasket.com/media/uploads/p/l/60000397_2-mpm-eggs-brown-shell.jpg"""
," EGGS, MEAT & FISH ", EGGS , OTHER EGGS ," FRESHO Farm Quail Eggs - Small, Antibiotic Residue-Free, Growth Hormone-Free",Fresho,40094157,https://www.bigbasket.com/pd/40094157/fresho-farm-quail-eggs-small-antibiotic-residue-free-growth-hormone-free-12-pcs/,"Fresho Farm Quail Eggs - Small, Antibiotic Residue-Free, Growth Hormone-Free, 12 pcs",75,,,12 pcs,,https://www.bigbasket.com/media/uploads/p/mm/40094157_2-fresho-farm-quail-eggs-small-antibiotic-residue-free-growth-hormone-free.jpg,"Number of Pcs Size 12 pcs Small Though smaller in size than chicken eggs, quail eggs contain more fat, protein, iron, and vitamin. It is packed with health-promoting antioxidants helping in cellular damage. It is a delicacy in different Asian countries like Indonesia, Japan, and South Korea. There are a variety of dishes one can cook with this egg. The Add-on Benefits of Fresho Egg: •Antibiotic free •Free from growth hormones •Carefully selected •Rich in omega 3 Fresho is our in-house brand of fresh meat, poultry, and seafood. We take utmost care in selecting the best suppliers to provide you with high quality and succulent products. Every product is stored in our cold storage right until your doorstep ensuring freshness and utmost hygiene.",40094157,https://www.bigbasket.com/media/uploads/p/l/40094157_2-fresho-farm-quail-eggs-small-antibiotic-residue-free-growth-hormone-free.jpg
," EGGS, MEAT & FISH ", EGGS , COUNTRY EGGS , MPM Eggs - Country Duck,Mpm,60000398,https://www.bigbasket.com/pd/60000398/mpm-eggs-country-duck-6-pcs-carton/,"Mpm Eggs - Country Duck, 6 pcs Carton",99,,,6 pcs,non-veg,https://www.bigbasket.com/media/uploads/p/mm/60000398_2-mpm-eggs-country-duck.jpg,"MPM's Country Duck Eggs are authentic duck eggs which are more healthier and nutritious than the normal poultry eggs and pack a higher content of proteins, fats and other essential vitamins and minerals. It has a rich and yummy orange coloured yolk in the centre which give a whole new look and taste to your sunny-side-ups!",3.35929E+12,"https://www.bigbasket.com/media/uploads/p/l/60000398_2-mpm-eggs-country-duck.jpg"""
," EGGS, MEAT & FISH ", EGGS , FARM EGGS , FARM MADE Eggs - Free Range,Farm Made,40117922,https://www.bigbasket.com/pd/40117922/farm-made-eggs-free-range-12-pcs/,"Farm Made Eggs - Free Range, 12 pcs",230,,,12 pcs,non-veg,https://www.bigbasket.com/media/uploads/p/mm/40117922_2-farm-made-eggs-free-range.jpg,"Our infertile free range eggs are produced using traditional farming methods, ensuring highest animal protection standards. Our hens are pasture raised and humanely treated. These eggs do not contain antibiotics, growth promoters, hormones or any such substances. Our eggs are rich in omega 3, protein & vitamins. Our hens enjoy a lot of free space, a lot of greens to feed on, space place to rest, areas for playing a lot of fresh air, 100% natural free range eggs.",7.11766E+11,"https://www.bigbasket.com/media/uploads/p/l/40117922_2-farm-made-eggs-free-range.jpg"""
," EGGS, MEAT & FISH ", MUTTON & LAMB , FRESH MUTTON ," FRESHO Mutton - Chops, 6-8 pcs, Antibiotic Residue-Free, Growth Hormone-Free",Fresho,40001172,https://www.bigbasket.com/pd/40001172/fresho-mutton-chops-6-8-pcs-antibiotic-residue-free-growth-hormone-free-500-g/,"Fresho Mutton - Chops, 6-8 pcs, Antibiotic Residue-Free, Growth Hormone-Free, 500 g",460,,,500 g,non-veg,https://www.bigbasket.com/media/uploads/p/mm/40001172_3-fresho-mutton-chops-6-8-pcs-antibiotic-residue-free-growth-hormone-free.jpg,"Net Weight Number Of Pcs Serving Size Storage Temp 500 g 6-8 2-4 people 0-4 deg cel Mutton is popular in most of the household. It is treated as a delicacy and is prepared in different joyous occasions. The juicy taste and the chewy texture make it a favourite among many. Moreover, they come with a lot of health benefits. It is packed with protein, saturated fat, iron, zinc and B vitamins. Mutton chop has a heavenly taste when put together with the spices and perfect ingredients. One can show their culinary talent by making diverse dishes with this special cut. Fresho chop comes in 6-8 pcs which are perfect for 2-4 people. Add-on Benefits of Fresho Mutton: • Premium quality • Tender Meat • Processed and packed under strict hygienic condition. Fresho Meats is our in-house brand of fresh meat, poultry, and seafood. We take utmost care in selecting the best suppliers to provide you with high quality and succulent products. Every product is stored in our cold storage right until your doorstep ensuring freshness and utmost hygiene.",40001172,"https://www.bigbasket.com/media/uploads/p/l/40001172_3-fresho-mutton-chops-6-8-pcs-antibiotic-residue-free-growth-hormone-free.jpg"""
," EGGS, MEAT & FISH ", FISH & SEAFOOD , FROZEN FISH & SEAFOOD ," ITC MASTER CHEF Prawns - Large, Peeled & Deveined",ITC Master Chef,40110125,https://www.bigbasket.com/pd/40110125/itc-master-chef-prawns-large-peeled-deveined-200-g/,"ITC Master Chef Prawns - Large, Peeled & Deveined, 200 g",250,,,200 g,non-veg,https://www.bigbasket.com/media/uploads/p/mm/40110125_3-itc-master-chef-prawns-large-peeled-deveined.jpg,"Soft & juicy, super safe prawns-adherence to European, America, Japan & Indian Standards. Make your favourite dishes with this super tasty prawns. 243 tests conducted for ITC master chef prawn’s v/s 16 tests required for FSSAI.",8.90607E+12,"https://www.bigbasket.com/media/uploads/p/l/40110125_3-itc-master-chef-prawns-large-peeled-deveined.jpg"""
," EGGS, MEAT & FISH ", FISH & SEAFOOD , PRAWNS & SHRIMPS ," FRESHO White Prawn - Small, Unpeeled",Fresho,40087276,https://www.bigbasket.com/pd/40087276/fresho-white-prawn-small-unpeeled-500-g/,"Fresho White Prawn - Small, Unpeeled, 500 g (Gross Weight 550-600 g, Net Weight After Cleaning 500 g)",331,,,500 g,,https://www.bigbasket.com/media/uploads/p/mm/40087276_2-fresho-white-prawn-small-unpeeled.jpg,"Net Weight Number Of Pcs Serving Size Storage Temp 500 g 40-50 4-6 people 0-4 deg cel Prawns are full of nutrients. They are packed with protein and low in carbohydrate. It helps to build muscle and aids in weight-loss.  The Fresho seawater prawns can be used instantly to cook a variety of delicious dishes without going through the pain of cleaning and deveining them. These seawater prawns are unpeeled. Their firm meat is easy to cook whether you are preparing curries, fried snacks, or grilled items. This comes in 40-50 pieces which are perfect for 4-6 people.  Fresho is our in-house brand of fresh meat, poultry, and seafood. We take utmost care in selecting the best suppliers to provide you with high quality and succulent products. Every product is stored in our cold storage right until your doorstep ensuring freshness and utmost hygiene.",40087276,https://www.bigbasket.com/media/uploads/p/l/40087276_2-fresho-white-prawn-small-unpeeled.jpg
," EGGS, MEAT & FISH ", FISH & SEAFOOD , PRAWNS & SHRIMPS ," FRESHO White Prawn - Small, Unpeeled",Fresho,40087277,https://www.bigbasket.com/pd/40087277/fresho-white-prawn-small-unpeeled-1-kg/,"Fresho White Prawn - Small, Unpeeled, 1 kg (Gross Weight 1.1-1.2 kg, Net Weight After Cleaning 1 kg)",489,,,1 kg,,https://www.bigbasket.com/media/uploads/p/mm/40087277_2-fresho-white-prawn-small-unpeeled.jpg,"The small white prawn is used for human consumption and is the subject of a sea fishery, particularly in China, India, Indonesia, Vietnam and Thailand. It is also the subject of an aquaculture industry the main countries involved in this being Saudi Arabia, Vietnam, Iran and India. For this, wild seed is collected or young shrimps are reared in hatcheries and kept in ponds as they grow.",40087277,https://www.bigbasket.com/media/uploads/p/l/40087277_2-fresho-white-prawn-small-unpeeled.jpg
," EGGS, MEAT & FISH ", POULTRY , FROZEN CHICKEN , VENKYS Chicken - Chese And Nuggets,Venkys,40059873,https://www.bigbasket.com/pd/40059873/venkys-chicken-chese-and-nuggets-500-g/,"Venkys Chicken - Chese And Nuggets, 500 g",310,,,500 g,non-veg,https://www.bigbasket.com/media/uploads/p/mm/40059873_2-venkys-chicken-chese-and-nuggets.jpg,"Venkys Chicken & Chese Nuggets home which has got the ingredients of Chicken Meat, Water, Breadcrumbs, Onion, Edible Vegetable Oil, Green Chilly etc. Get set to enjoy the hot and spicy, ready to fill your tummy, the very zesty tasty Venkys Chicken chese &nugget. Its a non veg frozen food that requires a little heat to offer you the sizzling taste.",8.90404E+13,"https://www.bigbasket.com/media/uploads/p/l/40059873_2-venkys-chicken-chese-and-nuggets.jpg"""
," EGGS, MEAT & FISH ", FISH & SEAFOOD , DRY FISH , H.S. DRY FISH Bombay Duck,H.S. Dry Fish,40036194,https://www.bigbasket.com/pd/40036194/hs-dry-fish-bombay-duck-80-g/,"H.S. Dry Fish Bombay Duck, 80 g",75,,,80 g,non-veg,https://www.bigbasket.com/media/uploads/p/mm/40036194_3-hs-dry-fish-bombay-duck.jpg,"The oldest traditional way of preserving fish is drying, and is still considered one of the most effective preservation methods.",8.90911E+12,"https://www.bigbasket.com/media/uploads/p/l/40036194_3-hs-dry-fish-bombay-duck.jpg"""
," EGGS, MEAT & FISH ", FISH & SEAFOOD , FROZEN FISH & SEAFOOD , BIG SAMS Frozen Basa Fish - Fillets,Big Sams,40067768,https://www.bigbasket.com/pd/40067768/big-sams-frozen-basa-fish-fillets-500-g/,"Big Sams Frozen Basa Fish - Fillets, 500 g",295,,,500 g,non-veg,https://www.bigbasket.com/media/uploads/p/mm/40067768_4-big-sams-frozen-basa-fish-fillets.jpg,"Big Sams frozen BASA FISH fillets, packed by using best quality pangasius fish fillets.",8.90417E+12,"https://www.bigbasket.com/media/uploads/p/l/40067768_4-big-sams-frozen-basa-fish-fillets.jpg"""
," EGGS, MEAT & FISH ", EGGS , COUNTRY EGGS ," FRESHO Country Eggs - Kadaknath, Small, Antibiotic Residue-Free, Growth Hormone-Free",Fresho,40094161,https://www.bigbasket.com/pd/40094161/fresho-country-eggs-kadaknath-small-antibiotic-residue-free-growth-hormone-free-6-pcs/,"Fresho Country Eggs - Kadaknath, Small, Antibiotic Residue-Free, Growth Hormone-Free, 6 pcs",125,,,6 pcs,,https://www.bigbasket.com/media/uploads/p/mm/40094161_1-fresho-country-eggs-kadaknath-small-antibiotic-residue-free-growth-hormone-free.jpg,"Number of Pcs Size 6 pcs Small Kadaknath egg is one of the rare variety of eggs in the country. It increases the high protein level in the human body. The origin of eggs is from Madhya Pradesh. The Add-on Benefits of Fresho Egg: • Antibiotic free • Free from growth hormones • Carefully selected • Rich in omega 3 Fresho is our in-house brand of fresh meat, poultry, and seafood. We take utmost care in selecting the best suppliers to provide you with high quality and succulent products. Every product is stored in our cold storage right until your doorstep ensuring freshness and utmost hygiene.",40094161,https://www.bigbasket.com/media/uploads/p/l/40094161_1-fresho-country-eggs-kadaknath-small-antibiotic-residue-free-growth-hormone-free.jpg
," EGGS, MEAT & FISH ", EGGS , OTHER EGGS , BEST Cardio Egg - Low Cholesterol Good For Heart,Best,40003815,https://www.bigbasket.com/pd/40003815/best-cardio-egg-low-cholesterol-good-for-heart-6-pcs-pouch/,"Best Cardio Egg - Low Cholesterol Good For Heart, 6 pcs Pouch",84,,,6 pcs,non-veg,https://www.bigbasket.com/media/uploads/p/mm/40003815_1-best-cardio-egg-low-cholesterol-good-for-heart.jpg,"Best Cardio Egg includes 6 fresh and secure eggs. It is pesticide and anti-biotic free without bad odour. It is UV treated fresh eggs that are free of crack and blood spots. It is famous wealthy source of protein. It is an important building block of bones, cartilage, muscles, skin, and blood. It is a wealthy source of vitamins, phosphorous, calcium, lecithin and iron. It is excellent for the heart due to the presence of low cholesterol.",40003815,"https://www.bigbasket.com/media/uploads/p/l/40003815_1-best-cardio-egg-low-cholesterol-good-for-heart.jpg"""
," EGGS, MEAT & FISH ", FISH & SEAFOOD , FROZEN FISH & SEAFOOD ," ITC MASTER CHEF Prawns - Jumbo, Peeled & Deveined",ITC Master Chef,40110127,https://www.bigbasket.com/pd/40110127/itc-master-chef-prawns-jumbo-peeled-deveined-200-g/,"ITC Master Chef Prawns - Jumbo, Peeled & Deveined, 200 g",320,Rs 224,30%,200 g,non-veg,https://www.bigbasket.com/media/uploads/p/mm/40110127_2-itc-master-chef-prawns-jumbo-peeled-deveined.jpg,"Soft & juicy, super safe prawns-adherence to European, America, Japan & Indian Standards. Make your favourite dishes with this super tasty prawns. 243 tests conducted for ITC master chef prawn’s v/s 16 tests required for FSSAI.",8.90607E+12,"https://www.bigbasket.com/media/uploads/p/l/40110127_2-itc-master-chef-prawns-jumbo-peeled-deveined.jpg"""
," EGGS, MEAT & FISH ", EGGS , FARM EGGS , HAPPY HENS FARMS Free Range Eggs - Omega 3,Happy Hens Farms,40001285,https://www.bigbasket.com/pd/40001285/happy-hens-farms-free-range-eggs-omega-3-6-pcs-carton/,"Happy Hens Farms Free Range Eggs - Omega 3, 6 pcs Carton",150,,,6 pcs,non-veg,https://www.bigbasket.com/media/uploads/p/mm/40001285_4-happy-hens-farms-free-range-eggs-omega-3.jpg,"Happy Hens Farms Eggs are from chickens feed on herbs, grains, in addition to bugs, greens and others in the range which enriches the eggs uniquely. These are providing the strength and energy to patients. Our eggs are hygienically processed and also safely packed for keeping these free from any contamination and impurity. It contains rich nutritional content, protein, rich taste and the fragrance.",2.01002E+12,"https://www.bigbasket.com/media/uploads/p/l/40001285_4-happy-hens-farms-free-range-eggs-omega-3.jpg"""
," EGGS, MEAT & FISH ", POULTRY , FROZEN CHICKEN , YUMMIEZ Punjabi Tikka - Chicken,Yummiez,294237,https://www.bigbasket.com/pd/294237/yummiez-punjabi-tikka-chicken-360-g-pouch/,"Yummiez Punjabi Tikka - Chicken, 360 g Pouch",295,,,360 g,non-veg,https://www.bigbasket.com/media/uploads/p/mm/294237_7-yummiez-punjabi-tikka-chicken.jpg,"Here you get a sizzling palate to add to your non veg plate, with the very yummy and spicy Yummiez Punjabi Tikka Chicken. It is made from chicken breasts, and is a high source of protein. The tender chicken with authentic seasoning is succulent in every bite. Enjoy this snack anytime you wish and are also a great appetizer for parties and events.",8.90276E+12,"https://www.bigbasket.com/media/uploads/p/l/294237_7-yummiez-punjabi-tikka-chicken.jpg"""
," EGGS, MEAT & FISH ", FISH & SEAFOOD , FROZEN FISH & SEAFOOD , IFB Fresh Catch Prawns - Small,Ifb,40004055,https://www.bigbasket.com/pd/40004055/ifb-fresh-catch-prawns-small-200-g-pouch/,"Ifb Fresh Catch Prawns - Small, 200 g Approx 80 - 90 pcs",185,,,200 g,non-veg,https://www.bigbasket.com/media/uploads/p/mm/40004055_5-ifb-fresh-catch-prawns-small.jpg,"IFB Fresh Catch brings you premium quality prawns from the warm coastal waters of Bengal. It is quickly frozen to ensure consistency and freshness. Upon being thawed and cooked, the natural juices of the prawns are released making it soft and succulent. By purchasing these prawns, you will be supporting a community of dedicated Aqua Farmers committed to preserve the health of their home and the environment, for years to come.",8.1321E+12,"https://www.bigbasket.com/media/uploads/p/l/40004055_5-ifb-fresh-catch-prawns-small.jpg"""
," EGGS, MEAT & FISH ", EGGS , OTHER EGGS , MPM Eggs - Panchakavya,Mpm,40129036,https://www.bigbasket.com/pd/40129036/mpm-eggs-panchakavya-300-g/,"Mpm Eggs - Panchakavya, 300 g",65,,,300 g,contains egg,https://www.bigbasket.com/media/uploads/p/mm/40129036_4-mpm-eggs-panchakavya.jpg,MPMs Panchakavya Eggs are completely antibiotic and enhancer free and contain more nutrients than your regular broiler eggs. It is also effective in controlling ulcers and also help in reducing body heat. Panchakavya Eggs contain loads of medical characteristics.,8.86856E+12,"https://www.bigbasket.com/media/uploads/p/l/40129036_4-mpm-eggs-panchakavya.jpg"""
," EGGS, MEAT & FISH ", FISH & SEAFOOD , FROZEN FISH & SEAFOOD , SUMERU Large Prawns,sumeru,40004587,https://www.bigbasket.com/pd/40004587/sumeru-large-prawns-250-g-pouch/,"sumeru Large Prawns, 250 g Pouch",310,,,250 g,non-veg,https://www.bigbasket.com/media/uploads/p/mm/40004587_2-sumeru-large-prawns.jpg,"Sumeru Five Senses Medium Prawns is the choicest catch from the dirt free, deep and sterilely packed. A fresh juicy prawn is ideal for your curries. Hand picked by Urban Ration to make sure that only the freshest construct reaches your doorstep. It is golden and crisp when fried.",40004587,"https://www.bigbasket.com/media/uploads/p/l/40004587_2-sumeru-large-prawns.jpg"""
," EGGS, MEAT & FISH ", FISH & SEAFOOD , FROZEN FISH & SEAFOOD , BIG SAMS Frozen Salmon Skin-on Portions,Big Sams,40084540,https://www.bigbasket.com/pd/40084540/big-sams-frozen-salmon-skin-on-portions-250-g/,"Big Sams Frozen Salmon Skin-on Portions, 250 g",960,,,250 g,non-veg,https://www.bigbasket.com/media/uploads/p/mm/40084540_2-big-sams-frozen-salmon-skin-on-portions.jpg,"Salmon Skin-on Portions makes the perfect meal for 2. It contains nutritious Omega-3 fatty acids, Salmon is one of the healthiest proteins one can eat. It is flown in directly from Norway, so it is never too far from its date of production. Perfect for grilling.",8.90417E+12,"https://www.bigbasket.com/media/uploads/p/l/40084540_2-big-sams-frozen-salmon-skin-on-portions.jpg"""
," EGGS, MEAT & FISH ", FISH & SEAFOOD , FROZEN FISH & SEAFOOD ," ITC MASTER CHEF Prawns - Super Large, Peeled & Deveined",ITC Master Chef,40110126,https://www.bigbasket.com/pd/40110126/itc-master-chef-prawns-super-large-peeled-deveined-200-g/,"ITC Master Chef Prawns - Super Large, Peeled & Deveined, 200 g",275,,,200 g,non-veg,https://www.bigbasket.com/media/uploads/p/mm/40110126_4-itc-master-chef-prawns-super-large-peeled-deveined.jpg,"Soft & juicy, super safe prawns-adherence to European, America, Japan & Indian Standards. Make your favourite dishes with this super tasty prawns. 243 tests conducted for ITC master chef prawn’s v/s 16 tests required for FSSAI.",8.90607E+12,"https://www.bigbasket.com/media/uploads/p/l/40110126_4-itc-master-chef-prawns-super-large-peeled-deveined.jpg"""
," EGGS, MEAT & FISH ", EGGS , PROTEIN EGGS , MPM Eggs - Double Yolk,Mpm,30007716,https://www.bigbasket.com/pd/30007716/mpm-eggs-double-yolk-6-nos/,"Mpm Eggs - Double Yolk, 6 nos",60,,,6 nos,non-veg,https://www.bigbasket.com/media/uploads/p/mm/30007716_5-mpm-eggs-double-yolk.jpg,"Double Yolkers appear when ovulation occurs too rapidly, or when one yolk somehow gets ""lost"" and is joined by the next yolk. Double yolkers may be by a pullet whose productive cycle is not yet well synchronized. They're occasionally laid by a heavy-breed hen, often as an inherited trait.",3000771699,"https://www.bigbasket.com/media/uploads/p/l/30007716_5-mpm-eggs-double-yolk.jpg"""
," EGGS, MEAT & FISH ", FISH & SEAFOOD , FROZEN FISH & SEAFOOD , IFB Fresh Catch Prawns - Large,Ifb,40049586,https://www.bigbasket.com/pd/40049586/ifb-fresh-catch-prawns-large-200-g/,"Ifb Fresh Catch Prawns - Large, 200 g Approx 35-37 pcs",240,,,200 g,non-veg,https://www.bigbasket.com/media/uploads/p/mm/40049586_2-ifb-fresh-catch-prawns-large.jpg,"IFB Fresh Catch brings you premium quality prawns from the warm coastal waters of Bengal. It is quickly frozen to ensure consistency and freshness. Upon being thawed and cooked, the natural juices of the prawns are released making it soft and succulent. By purchasing these prawns, you will be supporting a community of dedicated Aqua Farmers committed to preserve the health of their home and the environment, for years to come.",8.1321E+12,"https://www.bigbasket.com/media/uploads/p/l/40049586_2-ifb-fresh-catch-prawns-large.jpg"""
," EGGS, MEAT & FISH ", FISH & SEAFOOD , FROZEN FISH & SEAFOOD , FRESHO Prawns - Small,Fresho,40186082,https://www.bigbasket.com/pd/40186082/fresho-prawns-small-250-g-pouch/,"Fresho Prawns - Small, 250 g Pouch",200,,,250 g,,https://www.bigbasket.com/media/uploads/p/mm/40186082_5-fresho-prawns-small.jpg,"Net Weight Number Of Pcs Serving Size Storage Temp 250 g 20-30 2-4 people 0-4 deg cel Prawns are full of nutrients. They are packed with protein and low in carbohydrate. It helps to build muscle and aids in weight-loss. The Fresho seawater prawns can be used instantly to cook a variety of delicious dishes without going through the pain of cleaning and deveining them.  These are seawater prawn are peeled. Their firm meat is easy to cook whether you are preparing curries, fried snacks, or grilled items. This comes in 30-40 pieces which are perfect for 2-4 people.  Fresho is our in-house brand of fresh meat, poultry, and seafood. We take utmost care in selecting the best suppliers to provide you with high quality and succulent products. Every product is stored in our cold storage right until your doorstep ensuring freshness and utmost hygiene.",8.90426E+12,"https://www.bigbasket.com/media/uploads/p/l/40186082_5-fresho-prawns-small.jpg"""
," EGGS, MEAT & FISH ", EGGS , COUNTRY EGGS , MPM Eggs - Kadaknath Chicken,Mpm,60000400,https://www.bigbasket.com/pd/60000400/mpm-eggs-kadaknath-chicken-6-pcs-carton/,"Mpm Eggs - Kadaknath Chicken, 6 pcs Carton",120,,,6 pcs,non-veg,https://www.bigbasket.com/media/uploads/p/mm/60000400_2-mpm-eggs-kadaknath-chicken.jpg,"Kadaknath is an Indian breed of chicken, which is completely black in colour and indigenous to Madhya Pradesh. Kadaknath eggs are a rare variety of eggs, which are richer in protein than compared to regular eggs and have a high nutritive value.  100 grams serving of this egg contains 11.67% protein and 1745 Kcal.",3.35929E+12,"https://www.bigbasket.com/media/uploads/p/l/60000400_2-mpm-eggs-kadaknath-chicken.jpg"""
," EGGS, MEAT & FISH ", FISH & SEAFOOD , DRY FISH , H.S. DRY FISH Prawns(Big),H.S. Dry Fish,40036189,https://www.bigbasket.com/pd/40036189/hs-dry-fish-prawnsbig-80-g/,"H.S. Dry Fish Prawns(Big), 80 g",75,,,80 g,non-veg,https://www.bigbasket.com/media/uploads/p/mm/40036189_2-hs-dry-fish-prawnsbig.jpg,"The oldest traditional way of preserving fish is drying, and is still considered one of the most effective preservation methods.",8.90911E+12,"https://www.bigbasket.com/media/uploads/p/l/40036189_2-hs-dry-fish-prawnsbig.jpg"""
," EGGS, MEAT & FISH ", FISH & SEAFOOD , CANNED SEAFOOD , GOLDEN PRIZE Canned Sardine - in Brine,Golden Prize,40119298,https://www.bigbasket.com/pd/40119298/golden-prize-canned-sardine-in-brine-125-g/,"Golden Prize Canned Sardine - in Brine, 125 g",79,Rs 75.05,5%,125 g,non-veg,https://www.bigbasket.com/media/uploads/p/mm/40119298_6-golden-prize-canned-sardine-in-brine.jpg,"Golden Prize Canned Sardine in Brine is rich in Omega 3 and can be used to prepare a variety of delicious dishes, or can be eaten straight from the can. Brine dipped sardines contain twice the calcium content than milk. These sardines are a product of Thailand and come in an easy to open lid can. They are dolphin safe and HACCP compliant.",8.85211E+12,"https://www.bigbasket.com/media/uploads/p/l/40119298_6-golden-prize-canned-sardine-in-brine.jpg"""
," EGGS, MEAT & FISH ", FISH & SEAFOOD , FROZEN FISH & SEAFOOD , IFB Fresh Catch Breaded Fish Fillets,Ifb,40003219,https://www.bigbasket.com/pd/40003219/ifb-fresh-catch-breaded-fish-fillets-200-g-carton/,"Ifb Fresh Catch Breaded Fish Fillets, 200 g 4 pcs",220,,,200 g,non-veg,https://www.bigbasket.com/media/uploads/p/mm/40003219_7-ifb-fresh-catch-breaded-fish-fillets.jpg,"100% real fish, 1000% delicious! Our Breaded Fish Fillets have golden-crisped, crunchy flavour. It’s no wonder that these flaky fillets are a classic family favourite.",8.1321E+12,"https://www.bigbasket.com/media/uploads/p/l/40003219_7-ifb-fresh-catch-breaded-fish-fillets.jpg"""
," EGGS, MEAT & FISH ", FISH & SEAFOOD , DRY FISH , H.S. DRY FISH Prawns(Small),H.S. Dry Fish,40036199,https://www.bigbasket.com/pd/40036199/hs-dry-fish-prawnssmall-80-g/,"H.S. Dry Fish Prawns(Small), 80 g",60,,,80 g,non-veg,https://www.bigbasket.com/media/uploads/p/mm/40036199_2-hs-dry-fish-prawnssmall.jpg,"The oldest traditional way of preserving fish is drying, and is still considered one of the most effective preservation methods.",8.90911E+12,"https://www.bigbasket.com/media/uploads/p/l/40036199_2-hs-dry-fish-prawnssmall.jpg"""
," EGGS, MEAT & FISH ", FISH & SEAFOOD , CANNED SEAFOOD , GOLDEN PRIZE Canned Sardine - in Natural Oil with Chili,Golden Prize,40119300,https://www.bigbasket.com/pd/40119300/golden-prize-canned-sardine-in-natural-oil-with-chili-125-g/,"Golden Prize Canned Sardine - in Natural Oil with Chili, 125 g",79,Rs 75.05,5%,125 g,non-veg,https://www.bigbasket.com/media/uploads/p/mm/40119300_4-golden-prize-canned-sardine-in-natural-oil-with-chili.jpg,"Golden Prize Canned Sardine in Natural Oil with Chili is rich in Omega 3 and can be used to prepare a variety of delicious dishes, or can be eaten straight from the can. These sardines are a product of Thailand and come in an easy to open lid can. They are dolphin safe and HACCP compliant.",8.85211E+12,"https://www.bigbasket.com/media/uploads/p/l/40119300_4-golden-prize-canned-sardine-in-natural-oil-with-chili.jpg"""
," EGGS, MEAT & FISH ", FISH & SEAFOOD , FROZEN FISH & SEAFOOD , IFB Fresh Catch Fish Fingers,Ifb,40003220,https://www.bigbasket.com/pd/40003220/ifb-fresh-catch-fish-fingers-200-g-carton/,"Ifb Fresh Catch Fish Fingers, 200 g 10 pcs",240,,,200 g,non-veg,https://www.bigbasket.com/media/uploads/p/mm/40003220_4-ifb-fresh-catch-fish-fingers.jpg,"You can’t beat the classics. Perfectly crispy and exceptionally dippable, our Crunchy Fish Fingers are always delicious, making them the perfect intro for any get-together of family and friends.",40003220,"https://www.bigbasket.com/media/uploads/p/l/40003220_4-ifb-fresh-catch-fish-fingers.jpg"""
," EGGS, MEAT & FISH ", FISH & SEAFOOD , FROZEN FISH & SEAFOOD , BIG SAMS Atlantic Salmon - Fillet,Big Sams,40021108,https://www.bigbasket.com/pd/40021108/big-sams-atlantic-salmon-fillet-300-g-pouch/,"Big Sams Atlantic Salmon - Fillet, 300 g Pouch",1190,,,300 g,non-veg,https://www.bigbasket.com/media/uploads/p/mm/40021108_9-big-sams-atlantic-salmon-fillet.jpg,"Big Sams is a well-known international brand which offers a range of quality frozen seafood. The raw salmon fillets provided by Big Sams is trimmed and cut into a fillet portion so that it is easy to cook. The skin is kept as intact as some people like the skin of the salmon on their fillet. They are hygienically processed under strict conditions, so that the fish reaches your home in its fresh best.",8.90417E+12,"https://www.bigbasket.com/media/uploads/p/l/40021108_9-big-sams-atlantic-salmon-fillet.jpg"""
," EGGS, MEAT & FISH ", POULTRY , FROZEN CHICKEN , VENKYS Chicken - Sheek Kabab,Venkys,40059879,https://www.bigbasket.com/pd/40059879/venkys-chicken-sheek-kabab-500-g/,"Venkys Chicken - Sheek Kabab, 500 g",310,,,500 g,non-veg,https://www.bigbasket.com/media/uploads/p/mm/40059879_2-venkys-chicken-sheek-kabab.jpg,Venkys Chicken - Sheek Kabab 500 g,8.90404E+12,"https://www.bigbasket.com/media/uploads/p/l/40059879_2-venkys-chicken-sheek-kabab.jpg"""
," EGGS, MEAT & FISH ", FISH & SEAFOOD , DRY FISH , H.S. DRY FISH Korai Fish,H.S. Dry Fish,40036197,https://www.bigbasket.com/pd/40036197/hs-dry-fish-korai-fish-100-g/,"H.S. Dry Fish Korai Fish, 100 g",50,Rs 45,10%,100 g,non-veg,https://www.bigbasket.com/media/uploads/p/mm/40036197_2-hs-dry-fish-korai-fish.jpg,"The oldest traditional way of preserving fish is drying, and is still considered one of the most effective preservation methods.",8.90911E+12,"https://www.bigbasket.com/media/uploads/p/l/40036197_2-hs-dry-fish-korai-fish.jpg"""
," EGGS, MEAT & FISH ", FISH & SEAFOOD , DRY FISH , H.S. DRY FISH Ferra Fish,H.S. Dry Fish,40036193,https://www.bigbasket.com/pd/40036193/hs-dry-fish-ferra-fish-80-g/,"H.S. Dry Fish Ferra Fish, 80 g",70,,,80 g,non-veg,https://www.bigbasket.com/media/uploads/p/mm/40036193_2-hs-dry-fish-ferra-fish.jpg,"The oldest traditional way of preserving fish is drying, and is still considered one of the most effective preservation methods.",8.90911E+12,"https://www.bigbasket.com/media/uploads/p/l/40036193_2-hs-dry-fish-ferra-fish.jpg"""
," EGGS, MEAT & FISH ", FISH & SEAFOOD , FROZEN FISH & SEAFOOD , IFB Fresh Catch Prawn Pops,Ifb,40003221,https://www.bigbasket.com/pd/40003221/ifb-fresh-catch-prawn-pops-200-g-carton/,"Ifb Fresh Catch Prawn Pops, 200 g Approx 18 - 20 pcs",230,,,200 g,non-veg,https://www.bigbasket.com/media/uploads/p/mm/40003221_4-ifb-fresh-catch-prawn-pops.jpg,"Make best buds with your tastebuds! Expertly seasoned, golden crispy and oh-so-tender — our Prawn Pops add a delicious pop of crunch to any meal or party. Sharing is always an option (but not required).",8.1321E+12,"https://www.bigbasket.com/media/uploads/p/l/40003221_4-ifb-fresh-catch-prawn-pops.jpg"""
," EGGS, MEAT & FISH ", POULTRY , FROZEN CHICKEN , VENKYS Chicken - Pops,Venkys,40059872,https://www.bigbasket.com/pd/40059872/venkys-chicken-pops-500-g/,"Venkys Chicken - Pops, 500 g",280,,,500 g,non-veg,https://www.bigbasket.com/media/uploads/p/mm/40059872_3-venkys-chicken-pops.jpg,"Venkys Chicken Pops home which has got the ingredients of Chicken Meat, Water, Breadcrumbs, Onion, Edible Vegetable Oil, Green Chilly etc. Get set to enjoy the hot and spicy, ready to fill your tummy, the very zesty tasty Venkys Chicken pops. Its a non veg frozen food that requires a little heat to offer you the sizzling taste.",40059872,"https://www.bigbasket.com/media/uploads/p/l/40059872_3-venkys-chicken-pops.jpg"""
," EGGS, MEAT & FISH ", EGGS , OTHER EGGS , SKM BEST Egg White - Cube,SKM BEST,40122449,https://www.bigbasket.com/pd/40122449/skm-best-egg-white-cube-200-g/,"SKM BEST Egg White - Cube, 200 g",100,,,200 g,contains egg,https://www.bigbasket.com/media/uploads/p/mm/40122449_4-skm-best-egg-white-cube.jpg,"Best Egg White cubes are ideal for cooking and are easier to store than regular whole eggs as they are packaged and do not need to be handled with as much care. These egg cubes taste delicious and are high in protein with no fat or cholesterol, making it ideal to have as breakfast or as part of a post workout meal.",8.90196E+12,"https://www.bigbasket.com/media/uploads/p/l/40122449_4-skm-best-egg-white-cube.jpg"""
," EGGS, MEAT & FISH "," SAUSAGES, BACON & SALAMI ", PORK & HAM , SUMERU Pork - Back Bacon,sumeru,40055137,https://www.bigbasket.com/pd/40055137/sumeru-pork-back-bacon-150-g/,"sumeru Pork - Back Bacon, 150 g",245,,,150 g,non-veg,https://www.bigbasket.com/media/uploads/p/mm/40055137_4-sumeru-pork-back-bacon.jpg,"Its fine cold cuts mostly eaten in the breakfast. Mixture of freshly minced poultry, spices and flavouring agents. The Finished result is delicious and soft in texture. Its properly packed and frozen to ensure that it retains its taste and aroma. Should be Kept Frozen at or below -18 C",40055137,"https://www.bigbasket.com/media/uploads/p/l/40055137_4-sumeru-pork-back-bacon.jpg"""
," EGGS, MEAT & FISH "," SAUSAGES, BACON & SALAMI ", PORK & HAM , SUMERU Pork - Back Bacon,sumeru,40055138,https://www.bigbasket.com/pd/40055138/sumeru-pork-back-bacon-500-g/,"sumeru Pork - Back Bacon, 500 g",665,,,500 g,non-veg,https://www.bigbasket.com/media/uploads/p/mm/40055138_2-sumeru-pork-back-bacon.jpg,"Its fine cold cuts mostly eaten in the breakfast. Mixture of freshly minced poultry, spices and flavouring agents. The Finished result is delicious and soft in texture. It's properly packed and frozen to ensure that it retains its taste and aroma. Should be Kept Frozen at or below -18 C",40055138,"https://www.bigbasket.com/media/uploads/p/l/40055138_2-sumeru-pork-back-bacon.jpg"""
," EGGS, MEAT & FISH ", FISH & SEAFOOD , FROZEN FISH & SEAFOOD , SUMERU Small Prawns,sumeru,40004588,https://www.bigbasket.com/pd/40004588/sumeru-small-prawns-250-g-pouch/,"sumeru Small Prawns, 250 g Pouch",220,Rs 198,22,250 g,non-veg,https://www.bigbasket.com/media/uploads/p/mm/40004588_2-sumeru-small-prawns.jpg,"Sumeru Five Senses Small Prawns Fresh from the sea, separately fast frozen huge prawns that are peeled and deveined for your convenience. Enjoy the spongy and juicy prawns in curries, soups, grills, salads, and more.",40004588,"https://www.bigbasket.com/media/uploads/p/l/40004588_2-sumeru-small-prawns.jpg"""
," EGGS, MEAT & FISH ", POULTRY , FROZEN CHICKEN , CP EASY SNACK Crispy Chicken Popcorn,CP Easy Snack,40094087,https://www.bigbasket.com/pd/40094087/cp-easy-snack-crispy-chicken-popcorn-400-g/,"CP Easy Snack Crispy Chicken Popcorn, 400 g",200,,,400 g,non-veg,https://www.bigbasket.com/media/uploads/p/mm/40094087_4-cp-easy-snack-crispy-chicken-popcorn.jpg,Crispy Chicken Popcorns from CP Easy Snack are spicy and flavourful bite-sized chicken pieces coated in the crunchy golden breadcrumb. Chicken is a good source of protein.,40094087,"https://www.bigbasket.com/media/uploads/p/l/40094087_4-cp-easy-snack-crispy-chicken-popcorn.jpg"""
," EGGS, MEAT & FISH ", POULTRY , FROZEN CHICKEN , CP EASY SNACK Supreme Chicken Nuggets,CP Easy Snack,40169041,https://www.bigbasket.com/pd/40169041/cp-easy-snack-supreme-chicken-nuggets-300-g/,"CP Easy Snack Supreme Chicken Nuggets, 300 g",170,,,300 g,non-veg,https://www.bigbasket.com/media/uploads/p/mm/40169041_1-cp-easy-snack-supreme-chicken-nuggets.jpg,"These Crunchy, Nuggets are made with juicy chicken and are mildly seasoned, making it a great appetizer of kids. Chicken is a good source of protein.",8.90608E+12,"https://www.bigbasket.com/media/uploads/p/l/40169041_1-cp-easy-snack-supreme-chicken-nuggets.jpg"""
," EGGS, MEAT & FISH ", POULTRY , FROZEN CHICKEN , CP EASY SNACK Supreme Chicken Nuggets,CP Easy Snack,40094098,https://www.bigbasket.com/pd/40094098/cp-easy-snack-supreme-chicken-nuggets-500-g/,"CP Easy Snack Supreme Chicken Nuggets, 500 g",300,Rs 270,30,500 g,non-veg,https://www.bigbasket.com/media/uploads/p/mm/40094098_4-cp-easy-snack-supreme-chicken-nuggets.jpg,"These Crunchy, Nuggets are made with juicy chicken and are mildly seasoned, making it a great appetizer of kids. Chicken is a good source of protein.",40094098,"https://www.bigbasket.com/media/uploads/p/l/40094098_4-cp-easy-snack-supreme-chicken-nuggets.jpg"""
," EGGS, MEAT & FISH ", FISH & SEAFOOD , FROZEN FISH & SEAFOOD , BUFFET Medium Prawns - Peeled & Deveined,Buffet,40001201,https://www.bigbasket.com/pd/40001201/buffet-medium-prawns-peeled-deveined-250-g-pouch/,"Buffet Medium Prawns - Peeled & Deveined, 250 g Pouch",255,,,250 g,non-veg,https://www.bigbasket.com/media/uploads/p/mm/40001201_2-buffet-medium-prawns-peeled-deveined.jpg,"Buffet prawns are fresh from the sea, individually fast frozen medium sized prawns that are peeled and deveined for your ease. Our freezing and vacuum packing technology minimizes breakage and makes sure that the freshness of all prawn is locked in.",8.90197E+12,"https://www.bigbasket.com/media/uploads/p/l/40001201_2-buffet-medium-prawns-peeled-deveined.jpg"""
," EGGS, MEAT & FISH ", FISH & SEAFOOD , DRY FISH , H.S. DRY FISH Tuna Fish,H.S. Dry Fish,40036196,https://www.bigbasket.com/pd/40036196/hs-dry-fish-tuna-fish-100-g/,"H.S. Dry Fish Tuna Fish, 100 g",60,,,100 g,non-veg,https://www.bigbasket.com/media/uploads/p/mm/40036196_1-hs-dry-fish-tuna-fish.jpg,"The oldest traditional way of preserving fish is drying, and is still considered one of the most effective preservation methods.",8.90911E+12,https://www.bigbasket.com/media/uploads/p/l/40036196_1-hs-dry-fish-tuna-fish.jpg
," EGGS, MEAT & FISH ", POULTRY , FROZEN CHICKEN , SUGUNA Anytime - Chicken Drumstick (Skinless),Suguna,40002825,https://www.bigbasket.com/pd/40002825/suguna-anytime-chicken-drumstick-skinless-450-g-carton/,"Suguna Anytime - Chicken Drumstick (Skinless), 450 g Carton",179,,,450 g,non-veg,https://www.bigbasket.com/media/uploads/p/mm/40002825_2-suguna-anytime-chicken-drumstick-skinless.jpg,"Suguna Drumstick Skinless Chicken is most excellent in taste, and presents you to grasp a punch on it without delay. It provides fresh and quality chicken stuffs which come in a hygienically sealed packet that ensures the best and fresh bites you grab over your choice chicken pieces.",8.90403E+12,"https://www.bigbasket.com/media/uploads/p/l/40002825_2-suguna-anytime-chicken-drumstick-skinless.jpg"""
," EGGS, MEAT & FISH ", FISH & SEAFOOD , DRY FISH , H.S. DRY FISH Sole Fish,H.S. Dry Fish,40036200,https://www.bigbasket.com/pd/40036200/hs-dry-fish-sole-fish-100-g/,"H.S. Dry Fish Sole Fish, 100 g",50,,,100 g,non-veg,https://www.bigbasket.com/media/uploads/p/mm/40036200_1-hs-dry-fish-sole-fish.jpg,"The oldest traditional way of preserving fish is drying, and is still considered one of the most effective preservation methods.",8.90911E+12,https://www.bigbasket.com/media/uploads/p/l/40036200_1-hs-dry-fish-sole-fish.jpg
," EGGS, MEAT & FISH ", POULTRY , FROZEN CHICKEN , SUGUNA Anytime - Chicken Lollipop,Suguna,40002827,https://www.bigbasket.com/pd/40002827/suguna-anytime-chicken-lollipop-450-g-carton/,"Suguna Anytime - Chicken Lollipop, 450 g Carton",179,,,450 g,non-veg,https://www.bigbasket.com/media/uploads/p/mm/40002827_2-suguna-anytime-chicken-lollipop.jpg,"Suguna Anytime - Chicken Lollipop, prepared from tender Suguna chicken. It is a crispy tasty treat. It ensures the cleanness and cut pieces of the parts of the chicken you desire to have. It enjoys the experience of choosing from a variety of fresh chilled chicken for your convenience.",8.90403E+12,"https://www.bigbasket.com/media/uploads/p/l/40002827_2-suguna-anytime-chicken-lollipop.jpg"""
," EGGS, MEAT & FISH ", POULTRY , FROZEN CHICKEN , SUGUNA Anytime - Chicken Whole Leg (Skinless),Suguna,40002824,https://www.bigbasket.com/pd/40002824/suguna-anytime-chicken-whole-leg-skinless-450-g-carton/,"Suguna Anytime - Chicken Whole Leg (Skinless), 450 g Carton",168,Rs 142.80,15%,450 g,non-veg,https://www.bigbasket.com/media/uploads/p/mm/40002824_2-suguna-anytime-chicken-whole-leg-skinless.jpg,"Grab straight the Chicken Whole Leg Skinless pieces, presented from Suguna Fresh Chicken. They ensures the dirt free and hygienically fresher chicken stuffs that increases your taste buds and prepares your cooking easy without consuming a lot time of yours. It is the place where you get to experience the choosy chicken pieces from a variety of fresh chilled chicken for your convenience.",8.90403E+12,"https://www.bigbasket.com/media/uploads/p/l/40002824_2-suguna-anytime-chicken-whole-leg-skinless.jpg"""
," EGGS, MEAT & FISH ", FISH & SEAFOOD , FROZEN FISH & SEAFOOD , BIG SAMS Breaded Basa Fish Fingers,Big Sams,40106322,https://www.bigbasket.com/pd/40106322/big-sams-breaded-basa-fish-fingers-200-g/,"Big Sams Breaded Basa Fish Fingers, 200 g",185,,,200 g,non-veg,https://www.bigbasket.com/media/uploads/p/mm/40106322_2-big-sams-breaded-basa-fish-fingers.jpg,"Contains fish & gluten, Ready to cook, It contains Basa fish with breadcrumbs (22%) spices & herbs. Heat the oil in deep frying pan until breadcrumb sizzles & turns brown when dropped into it. Add & fry for 5-6 minutes, turning occasionally until golden brown & crisp on all sides.",8.90417E+12,"https://www.bigbasket.com/media/uploads/p/l/40106322_2-big-sams-breaded-basa-fish-fingers.jpg"""
," EGGS, MEAT & FISH ", FISH & SEAFOOD , CANNED SEAFOOD , GOLDEN PRIZE Canned Sardine - in Natural Oil,Golden Prize,40119299,https://www.bigbasket.com/pd/40119299/golden-prize-canned-sardine-in-natural-oil-125-g/,"Golden Prize Canned Sardine - in Natural Oil, 125 g",79,Rs 75.05,5%,125 g,non-veg,https://www.bigbasket.com/media/uploads/p/mm/40119299_5-golden-prize-canned-sardine-in-natural-oil.jpg,"Golden Prize Canned Sardine in Natural Oil is rich in Omega 3 and can be used to prepare a variety of delicious dishes, or can be eaten straight from the can. These sardines are a product of Thailand and come in an easy to open lid can. They are dolphin safe and HACCP compliant.",8.85211E+12,"https://www.bigbasket.com/media/uploads/p/l/40119299_5-golden-prize-canned-sardine-in-natural-oil.jpg"""
," EGGS, MEAT & FISH ", FISH & SEAFOOD , FROZEN FISH & SEAFOOD , SUMERU Premium Fish Fillet,sumeru,40055142,https://www.bigbasket.com/pd/40055142/sumeru-premium-fish-fillet-300-g/,"sumeru Premium Fish Fillet, 300 g",230,,,300 g,non-veg,https://www.bigbasket.com/media/uploads/p/mm/40055142_3-sumeru-premium-fish-fillet.jpg,"Used as burger fillers. Freshly harvested vegetables, Water, Green Spices (Green Coriander, Onion, Garlic, Green Chili, Ginger) ground to fine mixture and deep fried. Mostly used as snacks, rich in flavour and tender in texture. Its properly packed and frozen to ensure that it retains its taste and aroma. Should be Kept Frozen at or below -18 C",8.90169E+12,"https://www.bigbasket.com/media/uploads/p/l/40055142_3-sumeru-premium-fish-fillet.jpg"""
," EGGS, MEAT & FISH "," SAUSAGES, BACON & SALAMI ", PORK & HAM , SUMERU Pork - Streaky Bacon,sumeru,40004586,https://www.bigbasket.com/pd/40004586/sumeru-pork-streaky-bacon-500-g-pouch/,"sumeru Pork - Streaky Bacon, 500 g Pouch",610,Rs 579.50,31,500 g,non-veg,https://www.bigbasket.com/media/uploads/p/mm/40004586_4-sumeru-pork-streaky-bacon.jpg,"Sumeru Five Senses Smoked Pork Streaky Bacon taps into immense culinary traditions from around the world carry you a choice of gourmet foods that delight your senses. Frozen fresh luscious, Hygienically filled so that you can convey alive the world of fine at your home.",8.90169E+12,https://www.bigbasket.com/media/uploads/p/l/40004586_4-sumeru-pork-streaky-bacon.jpg
," EGGS, MEAT & FISH "," SAUSAGES, BACON & SALAMI ", PORK & HAM , SUMERU Pork Frankfurters,sumeru,40055140,https://www.bigbasket.com/pd/40055140/sumeru-pork-frankfurters-500-g/,"sumeru Pork Frankfurters, 500 g",510,,,500 g,non-veg,https://www.bigbasket.com/media/uploads/p/mm/40055140_4-sumeru-pork-frankfurters.jpg,"Pork Frankfurters are mostly eaten in breakfast. A mixture of freshly minced poultry, spices and flavouring agents, the Finished result is delicious and soft in texture. Its properly packed and frozen to ensure that it retains its taste and aroma. *Should be kept frozen at or below -18 degree C.",40055140,https://www.bigbasket.com/media/uploads/p/l/40055140_4-sumeru-pork-frankfurters.jpg
," EGGS, MEAT & FISH ", FISH & SEAFOOD , FRESH FISH ," FRESHO Lady Fish - Whole Cleaned, Preservative Free, 12-16 pcs",Fresho,10000731,https://www.bigbasket.com/pd/10000731/fresho-lady-fish-whole-cleaned-preservative-free-12-16-pcs-500-g/,"Fresho Lady Fish - Whole Cleaned, Preservative Free, 12-16 pcs, 500 g (Gross Fish Weight 650-750 g, Net Weight After Cleaning 500 g)",315,,,500 g,non-veg,https://www.bigbasket.com/media/uploads/p/mm/10000731_31-fresho-lady-fish-whole-cleaned-preservative-free-12-16-pcs.jpg,"Net Weight Number Of Pcs Serving Size Storage Temp 500 g 12-16 4-5 people 0-4 deg cel Lady fishes are boney, and they are oily and mushy. These fishes are really beneficial to the body. Packed in protein, calcium, vitamins and minerals, it is a perfect option to include in your diet.  This whole cleaned ladyfish comes with the head. It is cleaned and gutted. This comes in 12-16 pcs which are perfect for 4-5 people. It is preservative-free.  Fresho is our in-house brand of fresh meat, poultry, and seafood. We take utmost care in selecting the best suppliers to provide you with high quality and succulent products. Every product is stored in our cold storage right until your doorstep ensuring freshness and utmost hygiene.",1000073199,https://www.bigbasket.com/media/uploads/p/l/10000731_31-fresho-lady-fish-whole-cleaned-preservative-free-12-16-pcs.jpg
," EGGS, MEAT & FISH ", FISH & SEAFOOD , FRESH FISH ," FRESHO Tuna Fish - Boneless, Preservative Free, 14-18 pcs",Fresho,10000753,https://www.bigbasket.com/pd/10000753/fresho-tuna-fish-boneless-preservative-free-14-18-pcs-500-g-tray/,"Fresho Tuna Fish - Boneless, Preservative Free, 14-18 pcs, 500 g (Gross Fish Weight 900g -1 kg, Net Weight After Cleaning 500 g)",400,,,500 g,non-veg,https://www.bigbasket.com/media/uploads/p/mm/10000753_27-fresho-tuna-fish-boneless-preservative-free-14-18-pcs.jpg,"Net Weight Number Of Pcs Serving Size Storage Temp 500 g 14-18 3-4 people 0-4 deg cel Tuna, a saltwater fish, is tasty and healthy. It is consumed in a different way. Tuna is enriched with protein and has no fat. This makes it perfect for your diet. It is great for your heart and muscles.  This boneless tuna fish is cleaned and gutted. This comes in 14-18 pcs which are perfect for 3-4 people. It is preservative-free.  Fresho is our in-house brand of fresh meat, poultry, and seafood. We take utmost care in selecting the best suppliers to provide you with high quality and succulent products. Every product is stored in our cold storage right until your doorstep ensuring freshness and utmost hygiene. The product weighed before cleaning and cutting.",1000075399,"https://www.bigbasket.com/media/uploads/p/l/10000753_27-fresho-tuna-fish-boneless-preservative-free-14-18-pcs.jpg"""
," EGGS, MEAT & FISH ", POULTRY , FRESH CHICKEN ," FRESHO Chicken Wings - With Skin, Antibiotic Residue-Free, Growth Hormone-Free, 8-10 pcs",Fresho,10000922,https://www.bigbasket.com/pd/10000922/fresho-chicken-wings-with-skin-antibiotic-residue-free-growth-hormone-free-8-10-pcs-500-g/,"Fresho Chicken Wings - With Skin, Antibiotic Residue-Free, Growth Hormone-Free, 8-10 pcs, 500 g",155,,,500 g,non-veg,https://www.bigbasket.com/media/uploads/p/mm/10000922_11-fresho-chicken-wings-with-skin-antibiotic-residue-free-growth-hormone-free-8-10-pcs.jpg,"Net Weight Number Of Pcs Serving Size Storage Temp 500 g 8-10 3-4 people 0-4 deg cel Chicken is a lean meat with various health benefits. Packed with nutritional values, chicken is supremely advantageous for your body. Filled with vitamin, mineral and protein, chicken promotes brain development, strengthens your bones, aids in weight loss, builds muscle and helps in a healthy heart. Chicken wings are one of the favourite pieces of most people. This super tender, succulent, and very flavorful with skin whole wings can be cooked in a lot of ways. Grilled, fried, barbeques, do whatever that please your taste buds. Perfectly cooked chicken wings are also great for diabetes and arthritis. This comes in 8-10 pieces which are enough for 3-4 people. The Add-on Benefits of Fresho Chicken: • Free from antibiotic residue • No growth hormone Fresho Meats is our in-house brand of fresh meat, poultry, and seafood. We take utmost care in selecting the best suppliers to provide you with high quality and succulent products. Every product is stored in our cold storage right until your doorstep ensuring freshness and utmost hygiene.",2.86004E+12,"https://www.bigbasket.com/media/uploads/p/l/10000922_11-fresho-chicken-wings-with-skin-antibiotic-residue-free-growth-hormone-free-8-10-pcs.jpg"""
," EGGS, MEAT & FISH ", FISH & SEAFOOD , FROZEN FISH & SEAFOOD , BUFFET Ready to Cook - Large Prawns (Peeled & Deveined),Buffet,40001209,https://www.bigbasket.com/pd/40001209/buffet-ready-to-cook-large-prawns-peeled-deveined-250-g-pouch/,"Buffet Ready to Cook - Large Prawns (Peeled & Deveined), 250 g Pouch",305,,,250 g,non-veg,https://www.bigbasket.com/media/uploads/p/mm/40001209_4-buffet-ready-to-cook-large-prawns-peeled-deveined.jpg,"Buffet prawns are fresh from the sea, individually fast frozen medium sized prawns that are peeled and deveined for your ease. Our freezing and vacuum packing technology minimizes breakage and makes sure that the freshness of all prawn is locked in.",40001209,"https://www.bigbasket.com/media/uploads/p/l/40001209_4-buffet-ready-to-cook-large-prawns-peeled-deveined.jpg"""
," EGGS, MEAT & FISH ", FISH & SEAFOOD , CANNED SEAFOOD , JIMS Salmon - Pink,Jims,40085811,https://www.bigbasket.com/pd/40085811/jims-salmon-pink-418-g/,"Jims Salmon - Pink, 418 g",579,,,418 g,,https://www.bigbasket.com/media/uploads/p/mm/40085811_3-jims-salmon-pink.jpg,"Alaskan Salmon, Wild Caught, No Preservatives",8.90801E+12,"https://www.bigbasket.com/media/uploads/p/l/40085811_3-jims-salmon-pink.jpg"""
," EGGS, MEAT & FISH ", POULTRY , FROZEN CHICKEN , CP EASY SNACK Chicken Kebab E Seekh,CP Easy Snack,40169042,https://www.bigbasket.com/pd/40169042/cp-easy-snack-chicken-kebab-e-seekh-250-g/,"CP Easy Snack Chicken Kebab E Seekh, 250 g",145,,,250 g,non-veg,https://www.bigbasket.com/media/uploads/p/mm/40169042_1-cp-easy-snack-chicken-kebab-e-seekh.jpg,Juicy minced chicken seasoned with green chillies and Indian spices to create a fine blend of flavour. Chicken is a good source of protein.,8.90608E+12,"https://www.bigbasket.com/media/uploads/p/l/40169042_1-cp-easy-snack-chicken-kebab-e-seekh.jpg"""
," EGGS, MEAT & FISH ", POULTRY , FROZEN CHICKEN , CP EASY SNACK Chicken Mini Kievs,CP Easy Snack,40169038,https://www.bigbasket.com/pd/40169038/cp-easy-snack-chicken-mini-kievs-300-g/,"CP Easy Snack Chicken Mini Kievs, 300 g",170,Rs 150,12%,300 g,non-veg,https://www.bigbasket.com/media/uploads/p/mm/40169038_1-cp-easy-snack-chicken-mini-kievs.jpg,"These are mini golden breaded balls, filled with cheese. It is loved by the kids and the adults too, so you can all sit down together to enjoy. Chicken is a good source of protein.",8.90608E+12,"https://www.bigbasket.com/media/uploads/p/l/40169038_1-cp-easy-snack-chicken-mini-kievs.jpg"""
," EGGS, MEAT & FISH ", POULTRY , FROZEN CHICKEN , CP EASY SNACK Chicken Momos,CP Easy Snack,40169048,https://www.bigbasket.com/pd/40169048/cp-easy-snack-chicken-momos-300-g/,"CP Easy Snack Chicken Momos, 300 g",180,Rs 150,17%,300 g,non-veg,https://www.bigbasket.com/media/uploads/p/mm/40169048_1-cp-easy-snack-chicken-momos.jpg,"Delectable, CP Chicken Momos packed with all the joy and goodness of food. What better treat could there be, than a bite of this yummy dish? This delicious appetizer can be steamed or fried. Bon Appetit!",8.90608E+12,"https://www.bigbasket.com/media/uploads/p/l/40169048_1-cp-easy-snack-chicken-momos.jpg"""
," EGGS, MEAT & FISH ", POULTRY , FROZEN CHICKEN , CP EASY SNACK Chicken Tikka,CP Easy Snack,40169049,https://www.bigbasket.com/pd/40169049/cp-easy-snack-chicken-tikka-250-g/,"CP Easy Snack Chicken Tikka, 250 g",200,,,250 g,non-veg,https://www.bigbasket.com/media/uploads/p/mm/40169049_1-cp-easy-snack-chicken-tikka.jpg,"CP Easy Snack's Chicken Tikka is an authentic sizzler blended with traditional flavours. These are boneless chicken, skewered and cooked in a tandoor. Healthier, less spicy and is a dish in and of itself, but due to its simplicity, it can easily be used to make other more elaborate dishes as well. Bon Appetit!",8.90608E+12,"https://www.bigbasket.com/media/uploads/p/l/40169049_1-cp-easy-snack-chicken-tikka.jpg"""
," EGGS, MEAT & FISH ", FISH & SEAFOOD , CANNED SEAFOOD ," TASTY NIBBLES Tuna Flakes - White Meat In Water, Salt Added",Tasty Nibbles,40176768,https://www.bigbasket.com/pd/40176768/tasty-nibbles-tuna-flakes-white-meat-in-water-salt-added-185-g-can/,"Tasty Nibbles Tuna Flakes - White Meat In Water, Salt Added, 185 g Can",190,,,185 g,,https://www.bigbasket.com/media/uploads/p/mm/40176768_4-tasty-nibbles-tuna-flakes-white-meat-in-water-salt-added.jpg,"Ready to Eat Canned White Meat Tuna from yellowfin is a healthy and tastier meal. Rich in Omega 3, Proteins, Potassium, Magnesium, Iron, Vitamin A, B16 & B12, it comes with no preservative and no odour. It is zero carbs/sugar-free and unopened and it can be kept at room temperature. It comes with HACCP, Halal, and Japanese Technology.",8.90709E+12,"https://www.bigbasket.com/media/uploads/p/l/40176768_4-tasty-nibbles-tuna-flakes-white-meat-in-water-salt-added.jpg"""
," EGGS, MEAT & FISH ", MUTTON & LAMB , FRESH MUTTON ," FRESHO Mutton Paya - 6-8 pcs, Antibiotic Residue-Free, Growth Hormone-Free",Fresho,20001002,https://www.bigbasket.com/pd/20001002/fresho-mutton-paya-6-8-pcs-antibiotic-residue-free-growth-hormone-free-1-pc/,"Fresho Mutton Paya - 6-8 pcs, Antibiotic Residue-Free, Growth Hormone-Free, 1 pc",375,,,1 pc,non-veg,https://www.bigbasket.com/media/uploads/p/mm/20001002_3-fresho-mutton-paya-6-8-pcs-antibiotic-residue-free-growth-hormone-free.jpg,"Net Weight Number Of Pcs Serving Size Storage Temp NA 6-8 2-4 people 0-4 deg cel Mutton is popular in most of the household. It is treated as a delicacy and is prepared in different joyous occasions. The juicy taste and the chewy texture make it a favourite among many. Moreover, they come with a lot of health benefits. It is packed with protein, saturated fat, iron, zinc and B vitamins. Enriched with calcium, mutton paya brings a lot of health benefits. It helps in strengthening bone and teeth. One can make numerous numbers of delicious dishes with this cut. Fresh mutton paya comes in 6-8 pcs which are perfect for 2-4 people. Add-on Benefits of Fresho Mutton: • Premium quality • Tender Meat • Processed and packed under strict hygienic condition. Fresho Meats is our in-house brand of fresh meat, poultry, and seafood. We take utmost care in selecting the best suppliers to provide you with high quality and succulent products. Every product is stored in our cold storage right until your doorstep ensuring freshness and utmost hygiene.",21466755,"https://www.bigbasket.com/media/uploads/p/l/20001002_3-fresho-mutton-paya-6-8-pcs-antibiotic-residue-free-growth-hormone-free.jpg"""
," EGGS, MEAT & FISH ", FISH & SEAFOOD , DRY FISH , H.S. DRY FISH Shark,H.S. Dry Fish,40036198,https://www.bigbasket.com/pd/40036198/hs-dry-fish-shark-80-g/,"H.S. Dry Fish Shark, 80 g",70,,,80 g,non-veg,https://www.bigbasket.com/media/uploads/p/mm/40036198_2-hs-dry-fish-shark.jpg,"The oldest traditional way of preserving fish is drying, and is still considered one of the most effective preservation methods.",8.90911E+12,"https://www.bigbasket.com/media/uploads/p/l/40036198_2-hs-dry-fish-shark.jpg"""
," EGGS, MEAT & FISH ", FISH & SEAFOOD , FROZEN FISH & SEAFOOD , BIG SAMS Atlantic Salmon Portion Single,Big Sams,40068151,https://www.bigbasket.com/pd/40068151/big-sams-atlantic-salmon-portion-single-200-g/,"Big Sams Atlantic Salmon Portion Single, 200 g",825,,,200 g,non-veg,https://www.bigbasket.com/media/uploads/p/mm/40068151_4-big-sams-atlantic-salmon-portion-single.jpg,Big Sams Atlantic Salmon Fish fillets - Frozen Skinless Fillet Portions.,8.90417E+12,"https://www.bigbasket.com/media/uploads/p/l/40068151_4-big-sams-atlantic-salmon-portion-single.jpg"""
," EGGS, MEAT & FISH ", POULTRY , FRESH CHICKEN ," FRESHO Chicken Leg - Without Skin, Antibiotic Residue-Free, Growth Hormone-Free, 3-4 pcs",Fresho,10000912,https://www.bigbasket.com/pd/10000912/fresho-chicken-leg-without-skin-antibiotic-residue-free-growth-hormone-free-3-4-pcs-500-g/,"Fresho Chicken Leg - Without Skin, Antibiotic Residue-Free, Growth Hormone-Free, 3-4 pcs, 500 g",199,,,500 g,non-veg,https://www.bigbasket.com/media/uploads/p/mm/10000912_9-fresho-chicken-leg-without-skin-antibiotic-residue-free-growth-hormone-free-3-4-pcs.jpg,"Net Weight Number Of Pcs Serving Size Storage Temp 500 g 3-4 3-4 people 0-4 deg cel Chicken is a lean meat with various health benefits. Packed with nutritional values, chicken is supremely advantageous for your body. Filled with vitamin, mineral and protein, chicken promotes brain development, strengthens your bones, aids in weight loss, builds muscle and helps in a healthy heart. This whole chicken leg without skin comes 3-4 pieces that are sufficient for 3-4 people. This super tender, succulent, and very flavorful pieces are an excellent source of iron and zinc. This is perfect for curries, biriyanis and barbeque. The Add-on Benefits of Fresho Chicken: • Free from antibiotic residue • No growth hormone Fresho Meats is our in-house brand of fresh meat, poultry, and seafood. We take utmost care in selecting the best suppliers to provide you with high quality and succulent products. Every product is stored in our cold storage right until your doorstep ensuring freshness and utmost hygiene.",10000912,"https://www.bigbasket.com/media/uploads/p/l/10000912_9-fresho-chicken-leg-without-skin-antibiotic-residue-free-growth-hormone-free-3-4-pcs.jpg"""
," EGGS, MEAT & FISH ", POULTRY , FRESH CHICKEN ," FRESHO Chicken Leg - Without Skin, Antibiotic Residue-Free, Growth Hormone-Free",Fresho,10000913,https://www.bigbasket.com/pd/10000913/fresho-chicken-leg-without-skin-antibiotic-residue-free-growth-hormone-free-250-g/,"Fresho Chicken Leg - Without Skin, Antibiotic Residue-Free, Growth Hormone-Free, 250 g",125,,,250 g,,https://www.bigbasket.com/media/uploads/p/mm/10000913_7-fresho-chicken-leg-without-skin-antibiotic-residue-free-growth-hormone-free.jpg,"Net Weight Number Of Pcs Serving Size Storage Temp 250 g 2-3 2-3 people 0-4 deg cel Chicken is a lean meat with various health benefits. Packed with nutritional values, chicken is supremely advantageous for your body. Filled with vitamin, mineral and protein, chicken promotes brain development, strengthens your bones, aids in weight loss, builds muscle and helps in a healthy heart. This whole chicken leg without skin comes 2-3 pieces that are sufficient for 2-3 people. This super tender, succulent, and very flavorful pieces are an excellent source of iron and zinc. This is perfect for curries, biriyanis and barbeque. The Add-on Benefits of Fresho Chicken: • Free from antibiotic residue • No growth hormone Fresho Meats is our in-house brand of fresh meat, poultry, and seafood. We take utmost care in selecting the best suppliers to provide you with high quality and succulent products. Every product is stored in our cold storage right until your doorstep ensuring freshness and utmost hygiene.",10000913,"https://www.bigbasket.com/media/uploads/p/l/10000913_7-fresho-chicken-leg-without-skin-antibiotic-residue-free-growth-hormone-free.jpg"""
," EGGS, MEAT & FISH ", FISH & SEAFOOD , FROZEN FISH & SEAFOOD , IFB Fresh Catch Prawns - Jumbo,Ifb,40004053,https://www.bigbasket.com/pd/40004053/ifb-fresh-catch-prawns-jumbo-200-g-pouch/,"Ifb Fresh Catch Prawns - Jumbo, 200 g Approx 17 - 19 pcs",300,,,200 g,non-veg,https://www.bigbasket.com/media/uploads/p/mm/40004053_5-ifb-fresh-catch-prawns-jumbo.jpg,"IFB Fresh Catch brings you premium quality prawns from the warm coastal waters of Bengal. It is quickly frozen to ensure consistency and freshness. Upon being thawed and cooked, the natural juices of the prawns are released making it soft and succulent. By purchasing these prawns, you will be supporting a community of dedicated Aqua Farmers committed to preserve the health of their home and the environment, for years to come.",8.1321E+12,"https://www.bigbasket.com/media/uploads/p/l/40004053_5-ifb-fresh-catch-prawns-jumbo.jpg"""
," EGGS, MEAT & FISH ", FISH & SEAFOOD , DRY FISH , H.S. DRY FISH Silver Belly,H.S. Dry Fish,40036186,https://www.bigbasket.com/pd/40036186/hs-dry-fish-silver-belly-100-g/,"H.S. Dry Fish Silver Belly, 100 g",50,,,100 g,non-veg,https://www.bigbasket.com/media/uploads/p/mm/40036186_2-hs-dry-fish-silver-belly.jpg,"The oldest traditional way of preserving fish is drying, and is still considered one of the most effective preservation methods.",8.90911E+12,"https://www.bigbasket.com/media/uploads/p/l/40036186_2-hs-dry-fish-silver-belly.jpg"""
," EGGS, MEAT & FISH ", FISH & SEAFOOD , FRESH FISH ," FRESHO Mackerel Fish Medium 6-8 pcs/kg, Whole Cleaned",Fresho,20000611,https://www.bigbasket.com/pd/20000611/fresho-mackerel-fish-medium-6-8-pcskg-whole-cleaned-1-kg/,"Fresho Mackerel Fish Medium 6-8 pcs/kg, Whole Cleaned, 1 kg (Gross Fish Weight 1.2-1.4 kg, Net Weight After Cleaning 1 kg)",400,,,1 kg,non-veg,https://www.bigbasket.com/media/uploads/p/mm/20000611_5-fresho-mackerel-fish-medium-6-8-pcskg-whole-cleaned.jpg,"We take utmost care in selecting the best suppliers to provide you with high quality and succulent products. Every product is stored in our cold storage right until your doorstep ensuring freshness and utmost hygiene. Additionally, every product is packed using food grade plastic which provides a nourishing and wholesome environment. These fishes are cleaned with bones retained. The product weighed is before cleaning and cutting. Mackerel Fish is rich in omega-3 fatty acid. This oily fish is consumed worldwide.",20000611,"https://www.bigbasket.com/media/uploads/p/l/20000611_5-fresho-mackerel-fish-medium-6-8-pcskg-whole-cleaned.jpg"""
," EGGS, MEAT & FISH ", FISH & SEAFOOD , FRESH FISH , FRESHO Basa Fish Fillet - Preservative Free,Fresho,20003673,https://www.bigbasket.com/pd/20003673/fresho-basa-fish-fillet-preservative-free-500-g/,"Fresho Basa Fish Fillet - Preservative Free, 500 g (Gross Fish Weight 1.05-1.1 kg, Net Weight After Cleaning 500 g)",330,,,500 g,non-veg,https://www.bigbasket.com/media/uploads/p/mm/20003673_6-fresho-basa-fish-fillet-preservative-free.jpg,"Net Weight Number Of Pcs Serving Size Storage Temp 500 g NA 2-3 people 0-4 deg cel Basa is a catfish which is light in colour and has a firm texture. Enriched in protein, it contains low fat making it perfect for your diet.  These Fresho Basa boneless fillets are great for grilling, frying, barbecuing or for curries. This is perfect for 2-3 people. It is preservative-free.  Fresho is our in-house brand of fresh meat, poultry, and seafood. We take utmost care in selecting the best suppliers to provide you with high quality and succulent products. Every product is stored in our cold storage right until your doorstep ensuring freshness and utmost hygiene.",20003673,"https://www.bigbasket.com/media/uploads/p/l/20003673_6-fresho-basa-fish-fillet-preservative-free.jpg"""
," EGGS, MEAT & FISH ", FISH & SEAFOOD , FRESH FISH , FRESHO Basa Fish Fillet - Preservative Free,Fresho,40048878,https://www.bigbasket.com/pd/40048878/fresho-basa-fish-fillet-preservative-free-1-kg/,"Fresho Basa Fish Fillet - Preservative Free, 1 kg (Gross Fish Weight 2.1-2.2 kg, Net Weight After Cleaning 1 kg)",789,,,1 kg,non-veg,https://www.bigbasket.com/media/uploads/p/mm/40048878_2-fresho-basa-fish-fillet-preservative-free.jpg,"Net Weight Number Of Pcs Serving Size Storage Temp 1 kg 2-3 4-5 people 0-4 deg cel Basa is a catfish which is light in colour and has a firm texture. Enriched in protein, it contains low fat making it perfect for your diet.  These Fresho basa fillets are great for grilling, frying, barbecuing or for curries. This comes in 2-3 pieces are which are perfect for 4-5 people. It is preservative-free.  Fresho is our in-house brand of fresh meat, poultry, and seafood. We take utmost care in selecting the best suppliers to provide you with high quality and succulent products. Every product is stored in our cold storage right until your doorstep ensuring freshness and utmost hygiene.",40048878,https://www.bigbasket.com/media/uploads/p/l/40048878_2-fresho-basa-fish-fillet-preservative-free.jpg
," EGGS, MEAT & FISH ", POULTRY , FRESH CHICKEN ," FRESHO Mixed Chicken Pieces - Boneless, Antibiotic Residue-Free, Growth Hormone-Free, 4-6 pcs",Fresho,10000924,https://www.bigbasket.com/pd/10000924/fresho-mixed-chicken-pieces-boneless-antibiotic-residue-free-growth-hormone-free-4-6-pcs-500-g/,"Fresho Mixed Chicken Pieces - Boneless, Antibiotic Residue-Free, Growth Hormone-Free, 4-6 pcs, 500 g",209,,,500 g,non-veg,https://www.bigbasket.com/media/uploads/p/mm/10000924_11-fresho-mixed-chicken-pieces-boneless-antibiotic-residue-free-growth-hormone-free-4-6-pcs.jpg,"Net Weight Number Of Pcs Serving Size Storage Temp 500 g 4-6 2-3 people 0-4 deg cel Chicken is a lean meat with various health benefits. Packed with nutritional values, chicken is supremely advantageous for your body. Filled with vitamin, mineral and protein, chicken promotes brain development, strengthens your bones, aids in weight loss, builds muscle and helps in a healthy heart. Fresho mixed boneless chicken is carved into perfect pieces to give you the ideal portion for your curries or biriyani. This super tender, succulent, and very flavorful pieces can make any dishes delicious. This scrumptious chicken pieces come in 4-6 in numbers which are perfect for 2-3 people. The Add-on Benefits of Fresho Chicken: • Free from antibiotic residue • No growth hormone Fresho Meats is our in-house brand of fresh meat, poultry, and seafood. We take utmost care in selecting the best suppliers to provide you with high quality and succulent products. Every product is stored in our cold storage right until your doorstep ensuring freshness and utmost hygiene.",10000924,"https://www.bigbasket.com/media/uploads/p/l/10000924_11-fresho-mixed-chicken-pieces-boneless-antibiotic-residue-free-growth-hormone-free-4-6-pcs.jpg"""
," EGGS, MEAT & FISH ", POULTRY , FRESH CHICKEN ," FRESHO Chicken Mince - Antibiotic Residue Free, Growth Hormone-Free",Fresho,10000906,https://www.bigbasket.com/pd/10000906/fresho-chicken-mince-antibiotic-residue-free-growth-hormone-free-500-g/,"Fresho Chicken Mince - Antibiotic Residue Free, Growth Hormone-Free, 500 g",240,,,500 g,non-veg,https://www.bigbasket.com/media/uploads/p/mm/10000906_9-fresho-chicken-mince-antibiotic-residue-free-growth-hormone-free.jpg,"Net Weight Number Of Pcs Serving Size Storage Temp 500 g NA 2-3 people 0-4 deg cel Chicken is a lean meat with various health benefits. Packed with nutritional values, chicken is supremely advantageous for your body. Filled with vitamin, mineral and protein, chicken promotes brain development, strengthens your bones, aids in weight loss, builds muscle and helps in a healthy heart. Looking for a little cooking adventure? This minced chicken from Fresho will surely take out the chef in you. Get creative with your culinary talent with this perfectly chopped boneless chicken pieces. From your favourite subs to Indian keema, enjoy delicious dishes with Fresho minced Chicken. The quantity is perfect for 2-3 people. The Add-on Benefits of Fresho Chicken: •Free from antibiotic residue •No growth hormone Fresho Meats is our in-house brand of fresh meat, poultry, and seafood. We take utmost care in selecting the best suppliers to provide you with high quality and succulent products. Every product is stored in our cold storage right until your doorstep ensuring freshness and utmost hygiene.",10000906,"https://www.bigbasket.com/media/uploads/p/l/10000906_9-fresho-chicken-mince-antibiotic-residue-free-growth-hormone-free.jpg"""
," EGGS, MEAT & FISH ", MUTTON & LAMB , FRESH MUTTON ," FRESHO Mutton - Biryani Pieces, 8-10 pcs, Antibiotic Residue-Free, Growth Hormone-Free",Fresho,10000938,https://www.bigbasket.com/pd/10000938/fresho-mutton-biryani-pieces-8-10-pcs-antibiotic-residue-free-growth-hormone-free-500-g/,"Fresho Mutton - Biryani Pieces, 8-10 pcs, Antibiotic Residue-Free, Growth Hormone-Free, 500 g",599,,,500 g,non-veg,https://www.bigbasket.com/media/uploads/p/mm/10000938_8-fresho-mutton-biryani-pieces-8-10-pcs-antibiotic-residue-free-growth-hormone-free.jpg,"Net Weight Number Of Pcs Serving Size Storage Temp 500 g 8-10 2-3 people 0-4 deg cel Mutton is popular in most of the household. It is treated as a delicacy and is prepared in different joyous occasions. The juicy taste and the chewy texture make it a favourite among many. Moreover, they come with a lot of health benefits. It is packed with protein, saturated fat, iron, zinc and B vitamins. Fresho Mutton Biriyani pieces are perfectly carved to with your biriyani. This juicy, tender meat will surely enhance the flavour of the dish. It comes in 8-10 pieces which are perfect for 2-3 people. Add-on Benefits of Fresho Mutton: • Premium quality • Tender Meat • Processed and packed under strict hygienic condition. Fresho Meats is our in-house brand of fresh meat, poultry, and seafood. We take utmost care in selecting the best suppliers to provide you with high quality and succulent products. Every product is stored in our cold storage right until your doorstep ensuring freshness and utmost hygiene.",1000093899,"https://www.bigbasket.com/media/uploads/p/l/10000938_8-fresho-mutton-biryani-pieces-8-10-pcs-antibiotic-residue-free-growth-hormone-free.jpg"""
," EGGS, MEAT & FISH ", FISH & SEAFOOD , FROZEN FISH & SEAFOOD , FRESHO Prawns - Medium,Fresho,40186083,https://www.bigbasket.com/pd/40186083/fresho-prawns-medium-250-g-pouch/,"Fresho Prawns - Medium, 250 g Pouch",230,,,250 g,,https://www.bigbasket.com/media/uploads/p/mm/40186083_3-fresho-prawns-medium.jpg,"Net Weight Number Of Pcs Serving Size Storage Temp 250 g 20-30 2-4 people 0-4 deg cel Prawns are full of nutrients. They are packed with protein and low in carbohydrate. It helps to build muscle and aids in weight-loss. The Fresho seawater prawns can be used instantly to cook a variety of delicious dishes without going through the pain of cleaning and deveining them.  These are seawater prawn are peeled. Their firm meat is easy to cook whether you are preparing curries, fried snacks, or grilled items. This comes in 20-30 pieces which are perfect for 2-4 people.  Fresho is our in-house brand of fresh meat, poultry, and seafood. We take utmost care in selecting the best suppliers to provide you with high quality and succulent products. Every product is stored in our cold storage right until your doorstep ensuring freshness and utmost hygiene",8.90426E+12,"https://www.bigbasket.com/media/uploads/p/l/40186083_3-fresho-prawns-medium.jpg"""
," EGGS, MEAT & FISH ", FISH & SEAFOOD , FROZEN FISH & SEAFOOD , FRESHO Basa Fillet - Preservative Free,Fresho,40186085,https://www.bigbasket.com/pd/40186085/fresho-basa-fillet-preservative-free-500-g-pouch/,"Fresho Basa Fillet - Preservative Free, 500 g Pouch",220,,,500 g,,https://www.bigbasket.com/media/uploads/p/mm/40186085_5-fresho-basa-fillet-preservative-free.jpg,"Net Weight Number Of Pcs Serving Size Storage Temp 500 g 2-3 2-3 people 0-4 deg cel Basa is a catfish which is light in colour and has a firm texture. Enriched in protein, it contains low fat making it perfect for your diet. This Fresho basa fillets without head are great for grilling, frying, barbecuing or for curries. This comes in 2-3 pieces are which are perfect for 2-3 people. It is preservative-free.  Fresho is our in-house brand of fresh meat, poultry, and seafood. We take utmost care in selecting the best suppliers to provide you with high quality and succulent products. Every product is stored in our cold storage right until your doorstep ensuring freshness and utmost hygiene.",8.90426E+12,"https://www.bigbasket.com/media/uploads/p/l/40186085_5-fresho-basa-fillet-preservative-free.jpg"""
," EGGS, MEAT & FISH "," SAUSAGES, BACON & SALAMI ", CHICKEN SAUSAGES , ELICIOUS Sausage - Chicken Cocktail,Elicious,40003838,https://www.bigbasket.com/pd/40003838/elicious-sausage-chicken-cocktail-400-g-pouch/,"Elicious Sausage - Chicken Cocktail, 400 g Get 50% Extra Free",325,,,400 g,non-veg,https://www.bigbasket.com/media/uploads/p/mm/40003838_3-elicious-sausage-chicken-cocktail.jpg,"This chicken delight is a legendary classic in its own league. The perfect supplement to any buffet, breakfast or lunch.",8.90602E+12,"https://www.bigbasket.com/media/uploads/p/l/40003838_3-elicious-sausage-chicken-cocktail.jpg"""
," EGGS, MEAT & FISH ", EGGS , OTHER EGGS , SKM BEST Whole Egg - Liquid,SKM BEST,40122453,https://www.bigbasket.com/pd/40122453/skm-best-whole-egg-liquid-250-ml/,"SKM BEST Whole Egg - Liquid, 250 ml",90,,,250 ml,contains egg,https://www.bigbasket.com/media/uploads/p/mm/40122453_4-skm-best-whole-egg-liquid.jpg,Best Liquid Egg is ideal for cooking and are easier to store than regular whole eggs as they are packaged and do not need to be handled with as much care. This liquid egg is ideal to be used for cooking and baking. They are high in protein with no added colour or preservatives.,8.90196E+12,"https://www.bigbasket.com/media/uploads/p/l/40122453_4-skm-best-whole-egg-liquid.jpg"""
," EGGS, MEAT & FISH ", FISH & SEAFOOD , FRESH FISH ," FRESHO Pink Perch Fish - Whole Cleaned, Preservative Free, 3-4 pcs",Fresho,10000709,https://www.bigbasket.com/pd/10000709/fresho-pink-perch-fish-whole-cleaned-preservative-free-3-4-pcs-500-g-tray/,"Fresho Pink Perch Fish - Whole Cleaned, Preservative Free, 3-4 pcs, 500 g (Gross Fish Weight 650-750 g, Net Weight After Cleaning 500 g)",329,,,500 g,non-veg,https://www.bigbasket.com/media/uploads/p/mm/10000709_31-fresho-pink-perch-fish-whole-cleaned-preservative-free-3-4-pcs.jpg,"Net Weight Number Of Pcs Serving Size Storage Temp 500 g 3-4 3-4 people 0-4 deg cel Pink Perch fish has got tender meat and packed with DHA. It holds a mild taste once cooked. With a really less body fat, this one can be categorized as lean fish. So, it is perfect if you are watching your weight.  This whole cleaned pink perch comes with the head. It is cleaned and gutted. This comes in 3-4 pcs which are perfect for 3-4 people. It is preservative-free.  Fresho is our in-house brand of fresh meat, poultry, and seafood. We take utmost care in selecting the best suppliers to provide you with high quality and succulent products. Every product is stored in our cold storage right until your doorstep ensuring freshness and utmost hygiene. The product weighed before cleaning and cutting. Net weight will be lower at the time of delivery because of cleaning and Processing weight loss",10000709,https://www.bigbasket.com/media/uploads/p/l/10000709_31-fresho-pink-perch-fish-whole-cleaned-preservative-free-3-4-pcs.jpg
," EGGS, MEAT & FISH ", FISH & SEAFOOD , FROZEN FISH & SEAFOOD , IFB Prawns - Medium,Ifb,40076266,https://www.bigbasket.com/pd/40076266/ifb-prawns-medium-200-g/,"Ifb Prawns - Medium, 200 g",200,,,200 g,non-veg,https://www.bigbasket.com/media/uploads/p/mm/40076266_1-ifb-prawns-medium.jpg,"Soft and Succulent, Individually Quick Frozen, 99% fat free. Rich in Omega-3",8.1321E+12,https://www.bigbasket.com/media/uploads/p/l/40076266_1-ifb-prawns-medium.jpg
," EGGS, MEAT & FISH ", POULTRY , FROZEN CHICKEN , SUGUNA Anytime - Chicken Curry Cut (Skinless),Suguna,40002822,https://www.bigbasket.com/pd/40002822/suguna-anytime-chicken-curry-cut-skinless-450-g-carton/,"Suguna Anytime - Chicken Curry Cut (Skinless), 450 g Carton",152,Rs 98.80,35%,450 g,non-veg,https://www.bigbasket.com/media/uploads/p/mm/40002822_2-suguna-anytime-chicken-curry-cut-skinless.jpg,"Just grab the hygienically sealed packet of Suguna Chicken Curry Cut Skinless. Enjoy good quality chicken curry cut skinless, prepared by the way you like & save your time since it is already all set to create curry directly. Have a mouthful chicken enjoy the stomach full treat.",8.90403E+12,"https://www.bigbasket.com/media/uploads/p/l/40002822_2-suguna-anytime-chicken-curry-cut-skinless.jpg"""
," EGGS, MEAT & FISH ", FISH & SEAFOOD , FRESH FISH , FRESHO Rohu Fish (Large) - Curry Cut/Bengali Cut 1 kg + Mutton - Curry Cut 1 kg,Fresho,1202507,https://www.bigbasket.com/pd/1202507/fresho-rohu-fish-large-curry-cutbengali-cut-1-kg-mutton-curry-cut-1-kg-combo/,"Fresho Rohu Fish (Large) - Curry Cut/Bengali Cut 1 kg + Mutton - Curry Cut 1 kg, Combo 2 Items",1439,,,Combo,,https://www.bigbasket.com/media/uploads/p/mm/1202507_1-fresho-rohu-fish-large-curry-cutbengali-cut-1-kg-mutton-curry-cut-1-kg.jpg,"Product weighed before cleaning and cutting. Net weight will be lower at the time of delivery because of cleaning and Processing weight loss Fresho Meats is our in house brand of fresh meat, poultry and seafood. We take utmost care in selecting the best suppliers to provide you with high quality and succulent products. Every product is stored in our cold storage right until your doorstep ensuring freshness and utmost hygiene. Additionally, every product is packed using food grade plastic which provides a nourishing and wholesome environment. Freshly processed & Clean curry pieces ready for cooking.",1202507,https://www.bigbasket.com/media/uploads/p/l/1202507_1-fresho-rohu-fish-large-curry-cutbengali-cut-1-kg-mutton-curry-cut-1-kg.jpg
," EGGS, MEAT & FISH ", FISH & SEAFOOD , FROZEN FISH & SEAFOOD , BRITTE Ready to Cook - Prawn Small,Britte,40001095,https://www.bigbasket.com/pd/40001095/britte-ready-to-cook-prawn-small-250-g-carton/,"Britte Ready to Cook - Prawn Small, 250 g Carton",160,,,250 g,non-veg,https://www.bigbasket.com/media/uploads/p/mm/40001095_3-britte-ready-to-cook-prawn-small.jpg,"Britte Small Prawn is a ready to cook product, produced as just cleaning and freezing domestic areas. It is an excellent supply of protein and is low in fat. It is also an excellent source of Omega 3 EPA + DHA. You can have A vitamin and zinc. Also, you can create antioxidant source and strengthen your immune system against cancer.",8.90405E+12,"https://www.bigbasket.com/media/uploads/p/l/40001095_3-britte-ready-to-cook-prawn-small.jpg"""
," EGGS, MEAT & FISH ", FISH & SEAFOOD , FROZEN FISH & SEAFOOD , BRITTE Ready to Cook Fish Fillet,Britte,40001096,https://www.bigbasket.com/pd/40001096/britte-ready-to-cook-fish-fillet-454-g-carton/,"Britte Ready to Cook Fish Fillet, 454 g Carton",200,,,454 g,non-veg,https://www.bigbasket.com/media/uploads/p/mm/40001096_2-britte-ready-to-cook-fish-fillet.jpg,Britte Ready to Cook Fish Fillet,400010961,"https://www.bigbasket.com/media/uploads/p/l/40001096_2-britte-ready-to-cook-fish-fillet.jpg"""
," EGGS, MEAT & FISH ", FISH & SEAFOOD , FRESH FISH ," FRESHO Seer Fish - Fillet, Preservative Free, 4-6 pcs",Fresho,40063803,https://www.bigbasket.com/pd/40063803/fresho-seer-fish-fillet-preservative-free-4-6-pcs-500-g/,"Fresho Seer Fish - Fillet, Preservative Free, 4-6 pcs, 500 g",689,,,500 g,non-veg,https://www.bigbasket.com/media/uploads/p/mm/40063803_1-fresho-seer-fish-fillet-preservative-free-4-6-pcs.jpg,"Net Weight Number Of Pcs Serving Size Storage Temp 500 g 4-6 4-6 people 0-4 deg cel Seer fish is known for its great taste and different health benefits. It is one of the favourite fish in the south. It is used to made different delicacy including fish pickle. Seer fish is good for the heart and has a rich content of Omega-3 fatty acid.  This boneless fillet comes without the head. This comes in 4-6 pcs which are perfect for 4-6 people. It is preservative-free.  Fresho is our in-house brand of fresh meat, poultry, and seafood. We take utmost care in selecting the best suppliers to provide you with high quality and succulent products. Every product is stored in our cold storage right until your doorstep ensuring freshness and utmost hygiene.",4.00638E+12,https://www.bigbasket.com/media/uploads/p/l/40063803_1-fresho-seer-fish-fillet-preservative-free-4-6-pcs.jpg
," EGGS, MEAT & FISH ", POULTRY , FRESH CHICKEN ," FRESHO Chicken Mixed - Boneless, Antibiotic Residue-Free, Growth Hormone-Free, 6-10 pcs",Fresho,10001013,https://www.bigbasket.com/pd/10001013/fresho-chicken-mixed-boneless-antibiotic-residue-free-growth-hormone-free-6-10-pcs-1-kg/,"Fresho Chicken Mixed - Boneless, Antibiotic Residue-Free, Growth Hormone-Free, 6-10 pcs, 1 kg",265,,,1 kg,non-veg,https://www.bigbasket.com/media/uploads/p/mm/10001013_5-fresho-chicken-mixed-boneless-antibiotic-residue-free-growth-hormone-free-6-10-pcs.jpg,"Net Weight Number Of Pcs Serving Size Storage Temp 1 kg 6-10 4-6 people 0-4 deg cel Chicken is a lean meat with various health benefits. Packed with nutritional values, chicken is supremely advantageous for your body. Filled with vitamin, mineral and protein, chicken promotes brain development, strengthens your bones, aids in weight loss, builds muscle and helps in a healthy heart. This boneless mixed chicken comes in 6-10 pieces which can easily serve 4-6 people. The different parts of the chicken are chopped carefully to give you the perfect pieces. This can be used to make different non-veg dishes. The Add-on Benefits of Fresho Chicken: • Free from antibiotic residue • No growth hormone Fresho Meats is our in-house brand of fresh meat, poultry, and seafood. We take utmost care in selecting the best suppliers to provide you with high quality and succulent products. Every product is stored in our cold storage right until your doorstep ensuring freshness and utmost hygiene.",10001013,"https://www.bigbasket.com/media/uploads/p/l/10001013_5-fresho-chicken-mixed-boneless-antibiotic-residue-free-growth-hormone-free-6-10-pcs.jpg"""
," EGGS, MEAT & FISH ", POULTRY , FRESH CHICKEN , FRESHO Chicken Mixed Boneless,Fresho,10000925,https://www.bigbasket.com/pd/10000925/fresho-chicken-mixed-boneless-250-g/,"Fresho Chicken Mixed Boneless, 250 g",200,,,250 g,,https://www.bigbasket.com/media/uploads/p/mm/10000925_7-fresho-chicken-mixed-boneless.jpg,"Fresho Meats is our in house brand of fresh meat, poultry and seafood. We take utmost care in selecting the best suppliers to provide you with high quality and succulent products. Every product is stored in our cold storage right until your doorstep ensuring freshness and utmost hygiene. Additionally, every product is packed using food grade plastic which provides a nourishing and wholesome environment.",10000925,https://www.bigbasket.com/media/uploads/p/l/10000925_7-fresho-chicken-mixed-boneless.jpg
," EGGS, MEAT & FISH ", FISH & SEAFOOD , FRESH FISH ," FRESHO Tuna Fish - Curry Cut, Preservative Free, 10-14 pcs",Fresho,10000754,https://www.bigbasket.com/pd/10000754/fresho-tuna-fish-curry-cut-preservative-free-10-14-pcs-1-kg-tray/,"Fresho Tuna Fish - Curry Cut, Preservative Free, 10-14 pcs, 1 kg (Gross Fish Weight 1.4-1.6 kg, Net Weight After Cleaning 1 kg)",415,,,1 kg,,https://www.bigbasket.com/media/uploads/p/mm/10000754_26-fresho-tuna-fish-curry-cut-preservative-free-10-14-pcs.jpg,"Net Weight Number Of Pcs Serving Size Storage Temp 1 kg 10-14 4-5 people 0-4 deg cel Tuna, a saltwater fish, is tasty and healthy. It is consumed in different ways. Tuna is enriched with protein and has no fat. This makes it perfect for your diet. It is great for your heart and muscles.  This curry cut tuna fish comes without the head. It is cleaned and gutted. This comes in 10-14 pcs which are perfect for 4-5 people. It is preservative-free.  Fresho is our in-house brand of fresh meat, poultry, and seafood. We take utmost care in selecting the best suppliers to provide you with high quality and succulent products. Every product is stored in our cold storage right until your doorstep ensuring freshness and utmost hygiene. Net weight will be lower at the time of delivery because of cleaning and Processing weight loss",10000754,https://www.bigbasket.com/media/uploads/p/l/10000754_26-fresho-tuna-fish-curry-cut-preservative-free-10-14-pcs.jpg
," EGGS, MEAT & FISH ", FISH & SEAFOOD , FRESH FISH ," FRESHO Tuna Fish - Steak/Slice, Preservative Free, 6-8 pcs",Fresho,10000711,https://www.bigbasket.com/pd/10000711/fresho-tuna-fish-steakslice-preservative-free-6-8-pcs-500-g-tray/,"Fresho Tuna Fish - Steak/Slice, Preservative Free, 6-8 pcs, 500 g (Gross Fish Weight 700-800 g, Net Weight After Cleaning 500 g)",369,,,500 g,non-veg,https://www.bigbasket.com/media/uploads/p/mm/10000711_31-fresho-tuna-fish-steakslice-preservative-free-6-8-pcs.jpg,"Net Weight Number Of Pcs Serving Size Storage Temp 500 g 6-8 2-3 people 0-4 deg cel Tuna, a saltwater fish, is tasty and healthy. It is consumed in different ways. Tuna is enriched with protein and has no fat. This makes it perfect for your diet. It is great for your heart and muscles.  This steak sliced tuna fish comes without the head. It is cleaned and gutted. This comes in 6-8 pcs which are perfect for 2-3 people. It is preservative-free.  Fresho is our in-house brand of fresh meat, poultry, and seafood. We take utmost care in selecting the best suppliers to provide you with high quality and succulent products. Every product is stored in our cold storage right until your doorstep ensuring freshness and utmost hygiene.",10000711,https://www.bigbasket.com/media/uploads/p/l/10000711_31-fresho-tuna-fish-steakslice-preservative-free-6-8-pcs.jpg
," EGGS, MEAT & FISH ", POULTRY , FRESH CHICKEN ," FRESHO Chicken - Wings, Antibiotic Residue-Free, Growth Hormone-Free",Fresho,10001012,https://www.bigbasket.com/pd/10001012/fresho-chicken-wings-antibiotic-residue-free-growth-hormone-free-1-kg/,"Fresho Chicken - Wings, Antibiotic Residue-Free, Growth Hormone-Free, 1 kg",220,,,1 kg,,https://www.bigbasket.com/media/uploads/p/mm/10001012_4-fresho-chicken-wings-antibiotic-residue-free-growth-hormone-free.jpg,"Net Weight Number Of Pcs Serving Size Storage Temp 1 kg 15-20 6-8 people 0-4 deg cel Chicken is a lean meat with various health benefits. Packed with nutritional values, chicken is supremely advantageous for your body. Filled with vitamin, mineral and protein, chicken promotes brain development, strengthens your bones, aids in weight loss, builds muscle and helps in a healthy heart. Chicken wings are one of the favourite pieces of most people. This super tender, succulent, and very flavorful whole wings can be cooked in a lot of ways. Grilled, fried, barbeques, do whatever that please your taste buds. Perfectly cooked chicken wings are also great for diabetes and arthritis. This comes in 15-20 pieces which are enough for 6-8 people. The Add-on Benefits of Fresho Chicken: • Free from antibiotic residue • No growth hormone Fresho Meats is our in-house brand of fresh meat, poultry, and seafood. We take utmost care in selecting the best suppliers to provide you with high quality and succulent products. Every product is stored in our cold storage right until your doorstep ensuring freshness and utmost hygiene.",10001012,"https://www.bigbasket.com/media/uploads/p/l/10001012_4-fresho-chicken-wings-antibiotic-residue-free-growth-hormone-free.jpg"""
," EGGS, MEAT & FISH "," SAUSAGES, BACON & SALAMI ", TURKEY & DUCK ," LA CARNE Ham - Turkey Bacon, Smoked",La Carne,40063435,https://www.bigbasket.com/pd/40063435/la-carne-ham-turkey-bacon-smoked-180-g-pouch/,"La Carne Ham - Turkey Bacon, Smoked, 180 g pouch",375,,,180 g,non-veg,https://www.bigbasket.com/media/uploads/p/mm/40063435_1-la-carne-ham-turkey-bacon-smoked.jpg,,8.90606E+12,"https://www.bigbasket.com/media/uploads/p/l/40063435_1-la-carne-ham-turkey-bacon-smoked.jpg"""
," EGGS, MEAT & FISH "," SAUSAGES, BACON & SALAMI ", LAMB , LA CARNE Sausage - Moroccan Lamb Merguez,La Carne,40063437,https://www.bigbasket.com/pd/40063437/la-carne-sausage-moroccan-lamb-merguez-250-g-pouch/,"La Carne Sausage - Moroccan Lamb Merguez, 250 g Pouch",350,,,250 g,non-veg,https://www.bigbasket.com/media/uploads/p/mm/40063437_1-la-carne-sausage-moroccan-lamb-merguez.jpg,,8.90606E+12,"https://www.bigbasket.com/media/uploads/p/l/40063437_1-la-carne-sausage-moroccan-lamb-merguez.jpg"""
," EGGS, MEAT & FISH ", FISH & SEAFOOD , FRESH FISH , FRESHO Black Pomfret,Fresho,40087288,https://www.bigbasket.com/pd/40087288/fresho-black-pomfret-250-g/,"Fresho Black Pomfret, 250 g (Gross Fish Weight 300-400 g, Net Weight After Cleaning 250 g)",249,,,250 g,,https://www.bigbasket.com/media/uploads/p/mm/40087288_2-fresho-black-pomfret.jpg,"The black pomfret, Parastromateus niger, is a species of carangid native to reefs of the Indian Ocean and the western Pacific Ocean, where it is found at depths from 15 to 105 m, though it is rarely found deeper than 40 m.",40087288,https://www.bigbasket.com/media/uploads/p/l/40087288_2-fresho-black-pomfret.jpg
," EGGS, MEAT & FISH ", FISH & SEAFOOD , FRESH FISH ," FRESHO Pomfret Black Fish - Medium, Whole Cleaned, Preservative Free, 2-4 pcs",Fresho,10000961,https://www.bigbasket.com/pd/10000961/fresho-pomfret-black-fish-medium-whole-cleaned-preservative-free-2-4-pcs-500-g/,"Fresho Pomfret Black Fish - Medium, Whole Cleaned, Preservative Free, 2-4 pcs, 500 g (Gross Fish Weight 700-800 g, Net Weight After Cleaning 500 g)",179,,,500 g,non-veg,https://www.bigbasket.com/media/uploads/p/mm/10000961_5-fresho-pomfret-black-fish-medium-whole-cleaned-preservative-free-2-4-pcs.jpg,"Net Weight Number Of Pcs Serving Size Storage Temp 500 g 2-4 2-3 people 0-4 deg cel Black Pomfret is a butterfish which is known for its amazing taste. It is considered a delicacy and can be cooked in different ways. Not only taste but also it is known for its beneficial value. These fishes are great for hearts, protects joints and improves eyesight.  This whole cleaned black pomfret fish comes with the head. It is cleaned and gutted. This comes in 2-4 pcs which are perfect for 2-3 people. It is preservative-free.  Fresho is our in-house brand of fresh meat, poultry, and seafood. We take utmost care in selecting the best suppliers to provide you with high quality and succulent products. Every product is stored in our cold storage right until your doorstep ensuring freshness and utmost hygiene.",10000961,"https://www.bigbasket.com/media/uploads/p/l/10000961_5-fresho-pomfret-black-fish-medium-whole-cleaned-preservative-free-2-4-pcs.jpg"""
," EGGS, MEAT & FISH ", FISH & SEAFOOD , FRESH FISH ," FRESHO Sardine Fish - Large, Whole Cleaned, Preservative Free, 8-12 pcs",Fresho,10000721,https://www.bigbasket.com/pd/10000721/fresho-sardine-fish-large-whole-cleaned-preservative-free-8-12-pcs-500-g/,"Fresho Sardine Fish - Large, Whole Cleaned, Preservative Free, 8-12 pcs, 500 g (Gross Fish Weight 700-800 g, Net Weight After Cleaning 500 g)",170,,,500 g,non-veg,https://www.bigbasket.com/media/uploads/p/mm/10000721_36-fresho-sardine-fish-large-whole-cleaned-preservative-free-8-12-pcs.jpg,"Net Weight Number Of Pcs Serving Size Storage Temp 500 g 8-12 4-5 people 0-4 deg cel These small oily fishes are rich in Omega-3 fatty acid which is good for your heart diseases. It is an excellent source of vitamin and calcium. These fishes are fleshy and have tender meat.  This whole cleaned sardine fish comes with the head. It is cleaned and gutted. This comes in 8-12 pcs which are perfect for 4-5 people. It is preservative-free.  Fresho is our in-house brand of fresh meat, poultry, and seafood. We take utmost care in selecting the best suppliers to provide you with high quality and succulent products. Every product is stored in our cold storage right until your doorstep ensuring freshness and utmost hygiene.",1000072199,"https://www.bigbasket.com/media/uploads/p/l/10000721_36-fresho-sardine-fish-large-whole-cleaned-preservative-free-8-12-pcs.jpg"""
," EGGS, MEAT & FISH ", FISH & SEAFOOD , FRESH FISH ," FRESHO Anchovy Fish - Whole Cleaned, Preservative Free, 20-30 pcs",Fresho,20002495,https://www.bigbasket.com/pd/20002495/fresho-anchovy-fish-whole-cleaned-preservative-free-20-30-pcs-500-g/,"Fresho Anchovy Fish - Whole Cleaned, Preservative Free, 20-30 pcs, 500 g (Gross Fish Weight 700-800 g, Net Weight After Cleaning 500 g)",319,,,500 g,non-veg,https://www.bigbasket.com/media/uploads/p/mm/20002495_2-fresho-anchovy-fish-whole-cleaned-preservative-free-20-30-pcs.jpg,"Net Weight Number Of Pcs Serving Size Storage Temp 500 g 20-30 3-4 people 0-4 deg cel These anchovy fishes are perfect for your cholesterol. It is rich in Omega-3 which helps in maintaining a healthy heart. These fishes are also packed with protein. This whole cleaned anchovy comes with the head. It is cleaned and gutted. This comes in 20-30 pcs which are perfect for 3-4 people. It is preservative-free.  Fresho is our in-house brand of fresh meat, poultry, and seafood. We take utmost care in selecting the best suppliers to provide you with high quality and succulent products. Every product is stored in our cold storage right until your doorstep ensuring freshness and utmost hygiene. Product Net weighed After cleaning and cutting.",20002495,https://www.bigbasket.com/media/uploads/p/l/20002495_2-fresho-anchovy-fish-whole-cleaned-preservative-free-20-30-pcs.jpg
," EGGS, MEAT & FISH "," SAUSAGES, BACON & SALAMI ", CHICKEN SAUSAGES , VENKYS Chicken - Breakfast Sausages,Venkys,40049602,https://www.bigbasket.com/pd/40049602/venkys-chicken-breakfast-sausages-500-g/,"Venkys Chicken - Breakfast Sausages, 500 g",230,,,500 g,non-veg,https://www.bigbasket.com/media/uploads/p/mm/40049602_2-venkys-chicken-breakfast-sausages.jpg,"Its fine cold cuts mostly eaten in the breakfast. Mixture of freshly minced poultry, spices and flavouring agents. The Finished result is delicious and soft in texture. It's properly packed and frozen to ensure that it retains its taste and aroma. Should be Kept Frozen at or below -18Ã‚ºC.",8.90404E+12,"https://www.bigbasket.com/media/uploads/p/l/40049602_2-venkys-chicken-breakfast-sausages.jpg"""
," EGGS, MEAT & FISH ", POULTRY , FROZEN CHICKEN , VENKYS Nuggets - Chicken,Venkys,103737,https://www.bigbasket.com/pd/103737/venkys-nuggets-chicken-500-g-pouch/,"Venkys Nuggets - Chicken, 500 g Pouch",300,,,500 g,non-veg,https://www.bigbasket.com/media/uploads/p/mm/103737_2-venkys-nuggets-chicken.jpg,"Ingredients: Chicken meat (58.76%), water, breadcrumbs (wheat flour, yeast, iodized salt, dextrose, antioxidant INS 300), maida, batter (stabilizer-INS 466), edible vegetable oil, caseinates, iodized salt, spices and condiments, stabilizer - (INS 452(i)), sugar, acidity regulator - (INS 330)",103737,"https://www.bigbasket.com/media/uploads/p/l/103737_2-venkys-nuggets-chicken.jpg"""
," EGGS, MEAT & FISH ", FISH & SEAFOOD , DRY FISH , H.S. DRY FISH Seer Fish,H.S. Dry Fish,40036187,https://www.bigbasket.com/pd/40036187/hs-dry-fish-seer-fish-80-g/,"H.S. Dry Fish Seer Fish, 80 g",120,,,80 g,non-veg,https://www.bigbasket.com/media/uploads/p/mm/40036187_2-hs-dry-fish-seer-fish.jpg,"The oldest traditional way of preserving fish is drying, and is still considered one of the most effective preservation methods.",8.90911E+12,"https://www.bigbasket.com/media/uploads/p/l/40036187_2-hs-dry-fish-seer-fish.jpg"""
," EGGS, MEAT & FISH ", FISH & SEAFOOD , DRY FISH , H.S. DRY FISH Nathili,H.S. Dry Fish,40036191,https://www.bigbasket.com/pd/40036191/hs-dry-fish-nathili-80-g/,"H.S. Dry Fish Nathili, 80 g",60,,,80 g,non-veg,https://www.bigbasket.com/media/uploads/p/mm/40036191_1-hs-dry-fish-nathili.jpg,"The oldest traditional way of preserving fish is drying, and is still considered one of the most effective preservation methods.",8.90911E+12,"https://www.bigbasket.com/media/uploads/p/l/40036191_1-hs-dry-fish-nathili.jpg"""
," EGGS, MEAT & FISH ", FISH & SEAFOOD , FROZEN FISH & SEAFOOD , BIG SAMS Frozen Basa Fish - Fillets,Big Sams,40084541,https://www.bigbasket.com/pd/40084541/big-sams-frozen-basa-fish-fillets-1-kg/,"Big Sams Frozen Basa Fish - Fillets, 1 kg",475,,,1 kg,non-veg,https://www.bigbasket.com/media/uploads/p/mm/40084541_1-big-sams-frozen-basa-fish-fillets.jpg,"Frozen Basa is imported from Vietnam. Each packet comes with skinless, boneless, uniform sized fillets.",8.90417E+12,https://www.bigbasket.com/media/uploads/p/l/40084541_1-big-sams-frozen-basa-fish-fillets.jpg
," EGGS, MEAT & FISH ", EGGS , OTHER EGGS ," FRESHO Duck Eggs - Large, Antibiotic Residue-Free, Growth Hormone-Free",Fresho,40094162,https://www.bigbasket.com/pd/40094162/fresho-duck-eggs-large-antibiotic-residue-free-growth-hormone-free-6-pcs/,"Fresho Duck Eggs - Large, Antibiotic Residue-Free, Growth Hormone-Free, 6 pcs",115,,,6 pcs,,https://www.bigbasket.com/media/uploads/p/mm/40094162_4-fresho-duck-eggs-large-antibiotic-residue-free-growth-hormone-free.jpg,"Number of Pcs Size 6 pcs Large Ducks eggs are much bigger than the chicken egg. The speciality of these eggs is there big delicious yolk which makes it a favourite of many. These big yolks have a higher healthy fat content. Duck eggs are enriched with various essentials vitamins and minerals. The tasty is also much creamier and richer. The Add-on Benefits of Fresho Egg: • Antibiotic-free • Free from growth hormones • Carefully selected • Rich in omega 3 Fresho is our in-house brand of fresh meat, poultry, and seafood. We take utmost care in selecting the best suppliers to provide you with high quality and succulent products. Every product is stored in our cold storage right until your doorstep ensuring freshness and utmost hygiene.",40094162,https://www.bigbasket.com/media/uploads/p/l/40094162_4-fresho-duck-eggs-large-antibiotic-residue-free-growth-hormone-free.jpg
," EGGS, MEAT & FISH ", FISH & SEAFOOD , DRY FISH , H.S. DRY FISH Ribbon Fish,H.S. Dry Fish,40036195,https://www.bigbasket.com/pd/40036195/hs-dry-fish-ribbon-fish-100-g/,"H.S. Dry Fish Ribbon Fish, 100 g",60,,,100 g,non-veg,https://www.bigbasket.com/media/uploads/p/mm/40036195_4-hs-dry-fish-ribbon-fish.jpg,"The oldest traditional way of preserving fish is drying, and is still considered one of the most effective preservation methods.",8.90911E+12,"https://www.bigbasket.com/media/uploads/p/l/40036195_4-hs-dry-fish-ribbon-fish.jpg"""
," EGGS, MEAT & FISH ", EGGS , OTHER EGGS , SKM BEST Egg White - Liquid,SKM BEST,40122451,https://www.bigbasket.com/pd/40122451/skm-best-egg-white-liquid-250-ml/,"SKM BEST Egg White - Liquid, 250 ml",125,,,250 ml,contains egg,https://www.bigbasket.com/media/uploads/p/mm/40122451_3-skm-best-egg-white-liquid.jpg,"Best Liquid Egg White is ideal for cooking and are easier to store than regular whole eggs as they are packaged and do not need to be handled with as much care. This liquid egg white saves the effort of separating the white from the yolk and is ideal to be used for cooking and baking. They are high in protein with no fat, cholesterol or preservatives.",8.90196E+12,"https://www.bigbasket.com/media/uploads/p/l/40122451_3-skm-best-egg-white-liquid.jpg"""
," EGGS, MEAT & FISH ", EGGS , OTHER EGGS , SKM BEST Egg White - Cube,SKM BEST,40122448,https://www.bigbasket.com/pd/40122448/skm-best-egg-white-cube-100-g/,"SKM BEST Egg White - Cube, 100 g",50,,,100 g,contains egg,https://www.bigbasket.com/media/uploads/p/mm/40122448_1-skm-best-egg-white-cube.jpg,"Best Egg White cubes are ideal for cooking and are easier to store than regular whole eggs as they are packaged and do not need to be handled with as much care. These egg cubes taste delicious and are high in protein with no fat or cholesterol, making it ideal to have as breakfast or as part of a post workout meal.",8.90196E+12,https://www.bigbasket.com/media/uploads/p/l/40122448_1-skm-best-egg-white-cube.jpg
," EGGS, MEAT & FISH ", FISH & SEAFOOD , CANNED SEAFOOD ," JIMS Salmon - Red, Fancy Sockeye",Jims,40085812,https://www.bigbasket.com/pd/40085812/jims-salmon-red-fancy-sockeye-213-g/,"Jims Salmon - Red, Fancy Sockeye, 213 g",479,,,213 g,,https://www.bigbasket.com/media/uploads/p/mm/40085812_3-jims-salmon-red-fancy-sockeye.jpg,"Alaskan Salmon, Wild Caught, No Preservatives",8.90801E+12,"https://www.bigbasket.com/media/uploads/p/l/40085812_3-jims-salmon-red-fancy-sockeye.jpg"""
," EGGS, MEAT & FISH ", FISH & SEAFOOD , FROZEN FISH & SEAFOOD , IFB Fresh Catch Basa Fish Fillets,Ifb,40004056,https://www.bigbasket.com/pd/40004056/ifb-fresh-catch-basa-fish-fillets-1-kg-pouch/,"Ifb Fresh Catch Basa Fish Fillets, 1 kg Approx 2 - 3 pcs",450,,,1 kg,non-veg,https://www.bigbasket.com/media/uploads/p/mm/40004056_5-ifb-fresh-catch-basa-fish-fillets.jpg,"At IFB FreshCatch we are committed to serving our customers products, of the highest quality. IFB FreshCatch brings to you the authentic taste of premium Vietnamese Basa. They are Individually Quick Frozen (IQF) at a state-of-the-art modern processing plant. The IQF process preserves all the goodness and freshness inside. Upon being thawed and cooked, these give a 'melt in the mouth' experience, which is unmatched in the Indian market.",8.1321E+12,"https://www.bigbasket.com/media/uploads/p/l/40004056_5-ifb-fresh-catch-basa-fish-fillets.jpg"""
," EGGS, MEAT & FISH ", FISH & SEAFOOD , FROZEN FISH & SEAFOOD , BIG SAMS Frozen Tilapia - Fillets,Big Sams,40100730,https://www.bigbasket.com/pd/40100730/big-sams-frozen-tilapia-fillets-250-g/,"Big Sams Frozen Tilapia - Fillets, 250 g",180,,,250 g,non-veg,https://www.bigbasket.com/media/uploads/p/mm/40100730_3-big-sams-frozen-tilapia-fillets.jpg,"Big Sams offers imported & Indian Tilapia which are soft, fleshy in texture with delicate mild sweet flavor. With only 10% protective ice glaze.",8.90417E+12,"https://www.bigbasket.com/media/uploads/p/l/40100730_3-big-sams-frozen-tilapia-fillets.jpg"""
," EGGS, MEAT & FISH ", FISH & SEAFOOD , FROZEN FISH & SEAFOOD , BIG SAMS Frozen Basa Chunks,Big Sams,40084539,https://www.bigbasket.com/pd/40084539/big-sams-frozen-basa-chunks-250-g/,"Big Sams Frozen Basa Chunks, 250 g",175,,,250 g,non-veg,https://www.bigbasket.com/media/uploads/p/mm/40084539_3-big-sams-frozen-basa-chunks.jpg,"Basa chunks is imported from Vietnam. Each packet comes completely cleaned and cut into perfect size - making it the perfect meal for two. Basa,with its mild taste, is very versatile to cook with, especially with Indian and Chinese flavours. Basa chunks has a very high fish content, with only a 10% protective ice glaze.",8.90417E+12,"https://www.bigbasket.com/media/uploads/p/l/40084539_3-big-sams-frozen-basa-chunks.jpg"""
," EGGS, MEAT & FISH ", MUTTON & LAMB , FRESH MUTTON , FRESHO Mutton - Biryani Pieces,Fresho,10001020,https://www.bigbasket.com/pd/10001020/fresho-mutton-biryani-pieces-1-kg/,"Fresho Mutton - Biryani Pieces, 1 Kg",1100,,,1 Kg,non-veg,https://www.bigbasket.com/media/uploads/p/mm/10001020_4-fresho-mutton-biryani-pieces.jpg,"Mutton biryani pieces are pieces of lamb meat cut small enough to make use of directly. It is packed simple and hygienically to cook stews and biryani. They are simply processed and include no artificial ingredients. It is high in protein, selenium, iron and zinc. It aids the making of red blood cells and muscle generation, avoiding anaemia.  Lamb meat is high in protein, selenium, zinc and iron. The speciality of this meat is that it has all 8 amino acids and more than half of its fat content is healthy unsaturated fat. It also contains vitamin B, and copper and manganese. This meat aids muscle generation and the production of red blood cells, avoiding ""anaemia"". It also helps boost the immune system and prevent age-related degenerative disease.",10001020,"https://www.bigbasket.com/media/uploads/p/l/10001020_4-fresho-mutton-biryani-pieces.jpg"""
," EGGS, MEAT & FISH ", FISH & SEAFOOD , OTHER SEAFOOD , FRESHO Sea Crab (Medium) - Cleaned & Whole,Fresho,20002516,https://www.bigbasket.com/pd/20002516/fresho-sea-crab-medium-cleaned-whole-500-g/,"Fresho Sea Crab (Medium) - Cleaned & Whole, 500 g",289,,,500 g,non-veg,https://www.bigbasket.com/media/uploads/p/mm/20002516_1-fresho-sea-crab-medium-cleaned-whole.jpg,With shell and innards removed,20002516,https://www.bigbasket.com/media/uploads/p/l/20002516_1-fresho-sea-crab-medium-cleaned-whole.jpg
," EGGS, MEAT & FISH ", FISH & SEAFOOD , OTHER SEAFOOD , FRESHO Sea Crab (Medium) - Cleaned & Whole,Fresho,20002517,https://www.bigbasket.com/pd/20002517/fresho-sea-crab-medium-cleaned-whole-1-kg/,"Fresho Sea Crab (Medium) - Cleaned & Whole, 1 kg",545,,,1 kg,non-veg,https://www.bigbasket.com/media/uploads/p/mm/20002517_1-fresho-sea-crab-medium-cleaned-whole.jpg,With shell and innards removed,20002517,https://www.bigbasket.com/media/uploads/p/l/20002517_1-fresho-sea-crab-medium-cleaned-whole.jpg
," EGGS, MEAT & FISH ", POULTRY , FROZEN CHICKEN , CP EASY SNACK Classic Chicken Burger Patty,CP Easy Snack,40169044,https://www.bigbasket.com/pd/40169044/cp-easy-snack-classic-chicken-burger-patty-500-g/,"CP Easy Snack Classic Chicken Burger Patty, 500 g",250,Rs 230,20,500 g,non-veg,https://www.bigbasket.com/media/uploads/p/mm/40169044_1-cp-easy-snack-classic-chicken-burger-patty.jpg,Classic Chicken Burger Patty from CP Easy Snack comes with a classic Indian twist. AIt is a flavourful mixture of soft and juicy chicken. Chicken is a good source of protein.,8.90608E+12,"https://www.bigbasket.com/media/uploads/p/l/40169044_1-cp-easy-snack-classic-chicken-burger-patty.jpg"""
," EGGS, MEAT & FISH "," SAUSAGES, BACON & SALAMI ", PORK & HAM , LA CARNE Pork Premium Bacon Bits,La Carne,40162596,https://www.bigbasket.com/pd/40162596/la-carne-pork-premium-bacon-bits-250-g-pkt/,"La Carne Pork Premium Bacon Bits, 250 g PKT",250,,,250 g,non-veg,https://www.bigbasket.com/media/uploads/p/mm/40162596_1-la-carne-pork-premium-bacon-bits.jpg,"At La Carne, we take pride in offering products of high quality. La Carne brings to you the authentic taste of premium Imported Pork Products. Quick Freezing technology used to preserve all the goodness and freshness inside. Made with best of European Pork meat, which is lean with low fat. Natural wood smoked bacon bits, ideal for sprinkling in salads, scrambled eggs, pizza or rice.",8.90606E+12,"https://www.bigbasket.com/media/uploads/p/l/40162596_1-la-carne-pork-premium-bacon-bits.jpg"""
," EGGS, MEAT & FISH ", FISH & SEAFOOD , FRESH FISH , FRESHO Pink Perch Fish - Steak/Slice,Fresho,20002508,https://www.bigbasket.com/pd/20002508/fresho-pink-perch-fish-steakslice-1-kg/,"Fresho Pink Perch Fish - Steak/Slice, 1 kg",450,,,1 kg,non-veg,https://www.bigbasket.com/media/uploads/p/mm/20002508_2-fresho-pink-perch-fish-steakslice.jpg,"Fresho Meats is our in house brand of fresh meat, poultry and seafood. We take utmost care in selecting the best suppliers to provide you with high quality and succulent products. Every product is stored in our cold storage right until your doorstep ensuring freshness and utmost hygiene. Additionally, every product is packed using food grade plastic which provides a nourishing and wholesome environment.Cleaned with bones retained",20002508,https://www.bigbasket.com/media/uploads/p/l/20002508_2-fresho-pink-perch-fish-steakslice.jpg
