S.No,CATEGORY,SUB_CATEGORY,ITEM_GROUP,BRAND_NAME,ITEM_NAME,SKU,ITEM_URL,ITEM_NAME1,MRP,DISCOUNTED_PRICE,SAVE %,QTY,TYPE,IMAGE_MAIN,ABOUT,EAN,IMAGE URL 1
, FRUITS & VEGETABLES , FRESH FRUITS , APPLES & POMEGRANATE , FRESHO Apple - Royal Gala Economy,Fresho,10000005,https://www.bigbasket.com/pd/10000005/fresho-apple-royal-gala-economy-4-pcs/,"Fresho Apple - Royal Gala Economy, 4 pcs (Approx.450 g-500 g)",123.75,Rs 95.85,23%,4 pcs,veg,https://www.bigbasket.com/media/uploads/p/mm/10000005_25-fresho-apple-royal-gala-economy.jpg,"Royal Gala Apples are characterized by a blush of pink of the skin, the color varies from yellow to nearly orange with deep orange stripes. It can be eaten new, taked in in salads or used as a cooking apple and is mostly suited to sauce. It is dense, sugary, sweet-smelling and juicy with a white flesh. It is an extremely special dessert apple with wonderful look. Product image shown is for representation purpose only, the actually product may vary based on season, produce & availability. Click here for delicious fruit recipes - https://www.bigbasket.com/flavors/collections/228/fresh-fruits/",10000005,"https://www.bigbasket.com/media/uploads/p/l/10000005_25-fresho-apple-royal-gala-economy.jpg"""
, FRUITS & VEGETABLES , FRESH VEGETABLES ," GOURD, PUMPKIN, DRUMSTICK ", FRESHO Ash Gourd,Fresho,10000010,https://www.bigbasket.com/pd/10000010/fresho-ash-gourd-1-kg/,"Fresho Ash Gourd, 1 kg",36.25,Rs 29,20%,1 kg,veg,https://www.bigbasket.com/media/uploads/p/mm/10000010_20-fresho-ash-gourd.jpg,"The powdery coating of this vegetable is responsible for its name 'Ash Gourd'. With a round and oblong shape, Ash gourds have an exterior skin which can vary between dark green to pale grey. They taste mild like a cucumber and are soft to chew.",2.00004E+11,"https://www.bigbasket.com/media/uploads/p/l/10000010_20-fresho-ash-gourd.jpg"""
, FRUITS & VEGETABLES , EXOTIC FRUITS & VEGGIES , EXOTIC VEGETABLES , FRESHO Baby Corn - Unpeeled,Fresho,10000020,https://www.bigbasket.com/pd/10000020/fresho-baby-corn-unpeeled-500-g/,"Fresho Baby Corn - Unpeeled, 500 g",30,Rs 24,20%,500 g,veg,https://www.bigbasket.com/media/uploads/p/mm/10000020_14-fresho-baby-corn-unpeeled.jpg,"A young sweet-tasting corn, baby corns are small in size and handpicked before they mature. Picking fresh and scrumptious vegetables for your healthy lifestyle is now just a click away. Do not forget to check our delicious recipe - https://www.bigbasket.com/cookbook/recipes/1687/manchurian-baby-corn-basket-chat/",2.00006E+11,"https://www.bigbasket.com/media/uploads/p/l/10000020_14-fresho-baby-corn-unpeeled.jpg"""
, FRUITS & VEGETABLES , FRESH FRUITS ," BANANA, SAPOTA & PAPAYA ", FRESHO Banana - Robusta/Pachai Vazhai Pazham,Fresho,10000025,https://www.bigbasket.com/pd/10000025/fresho-banana-robusta-1-kg/,"Fresho Banana - Robusta/Pachai Vazhai Pazham, 1 kg",42.5,Rs 29,32%,1 kg,veg,https://www.bigbasket.com/media/uploads/p/mm/10000025_24-fresho-banana-robusta.jpg,"Relish the soft, buttery texture of Robusta bananas that are light green and have a great fragrance and taste. The stalks of Robustas are thick and rigid. Fresh fruits are green, which revolve to a bright yellow on ripening and the flesh contains a white - ceramic colour. Fresho Robusta is fine quality, sweet flavoured, mushy and soft bananas. Do not forget to check our delicious fruit recipes - https://www.bigbasket.com/cookbook/recipes/1781/banana-smoothie/",10000025,"https://www.bigbasket.com/media/uploads/p/l/10000025_24-fresho-banana-robusta.jpg"""
, FRUITS & VEGETABLES , FRESH FRUITS ," BANANA, SAPOTA & PAPAYA ", FRESHO Banana - Stem (Grade A)/Vazhai Thandu,Fresho,10000028,https://www.bigbasket.com/pd/10000028/fresho-banana-stem-1-pc/,"Fresho Banana - Stem (Grade A)/Vazhai Thandu, 1 pc",11.25,Rs 9,20%,1 pc,veg,https://www.bigbasket.com/media/uploads/p/mm/10000028_18-fresho-banana-stem.jpg,"Banana Stem is the fibrous stalk of the banana plant. It has high water content, fresh and crispy textured stalks with mild taste. Fresho stem grade bananas are offered in a pristine condition and are tasty and nutritious. We always procure these banana stems from our trusted farmers so that you get only the best quality items.",2.00007E+11,"https://www.bigbasket.com/media/uploads/p/l/10000028_18-fresho-banana-stem.jpg"""
, FRUITS & VEGETABLES , FRESH VEGETABLES ," BEANS, BRINJALS & OKRA ", FRESHO Beans - Broad,Fresho,10000038,https://www.bigbasket.com/pd/10000038/fresho-beans-broad-500-g/,"Fresho Beans - Broad, 500 g",45,Rs 36,20%,500 g,veg,https://www.bigbasket.com/media/uploads/p/mm/10000038_16-fresho-beans-broad.jpg,Fresh broad beans have a delicious earthy flavour that fits well with winter cooking. They have kidney shaped curves that are tender and generally consumed with the pods. Do not forget to check our delicious recipe - https://www.bigbasket.com/cookbook/recipes/2176/macaroni-with-baked-beans/,2.00012E+11,"https://www.bigbasket.com/media/uploads/p/l/10000038_16-fresho-beans-broad.jpg"""
, FRUITS & VEGETABLES , FRESH VEGETABLES ," BEANS, BRINJALS & OKRA ", FRESHO Beans - Cluster,Fresho,10000041,https://www.bigbasket.com/pd/10000041/fresho-beans-cluster-500-g/,"Fresho Beans - Cluster, 500 g",30,Rs 24,20%,500 g,veg,https://www.bigbasket.com/media/uploads/p/mm/10000041_7-fresho-beans-cluster.jpg,"These narrow long beans, called Cluster beans or Guar, come with tiny pods and are highly nutritious. Do not forget to check our delicious recipe - https://www.bigbasket.com/cookbook/recipes/2176/macaroni-with-baked-beans/",10000041,"https://www.bigbasket.com/media/uploads/p/l/10000041_7-fresho-beans-cluster.jpg"""
, FRUITS & VEGETABLES , FRESH VEGETABLES , ROOT VEGETABLES , FRESHO Beetroot,Fresho,10000046,https://www.bigbasket.com/pd/10000046/fresho-beetroot-500-g/,"Fresho Beetroot, 500 g",45,Rs 24,47%,500 g,veg,https://www.bigbasket.com/media/uploads/p/mm/10000046_17-fresho-beetroot.jpg,These edible ruby red roots are smooth and bulbous and have the highest sugar content than any other vegetable. Do not forget to check our delicious recipe - https://www.bigbasket.com/cookbook/recipes/1439/healthy-chukandar-beetroot-laddu/,10000046,"https://www.bigbasket.com/media/uploads/p/l/10000046_17-fresho-beetroot.jpg"""
, FRUITS & VEGETABLES , FRESH VEGETABLES ," GOURD, PUMPKIN, DRUMSTICK ", FRESHO Bitter Gourd,Fresho,10000049,https://www.bigbasket.com/pd/10000049/fresho-bitter-gourd-500-g/,"Fresho Bitter Gourd, 500 g",25,,,500 g,veg,https://www.bigbasket.com/media/uploads/p/mm/10000049_20-fresho-bitter-gourd.jpg,"The most bitter among all fruits, bitter gourds come with a rough, bumpy and green skin. The off-white translucent flesh tastes crispy with the combination of the bitter seeds that are present inside. Do not forget to check our delicious recipe - https://www.bigbasket.com/cookbook/recipes/129/masala-bharwan-karela/",10000049,"https://www.bigbasket.com/media/uploads/p/l/10000049_20-fresho-bitter-gourd.jpg"""
, FRUITS & VEGETABLES , FRESH VEGETABLES ," BEANS, BRINJALS & OKRA ", FRESHO Brinjal - Bottle Shape,Fresho,10000054,https://www.bigbasket.com/pd/10000054/fresho-brinjal-bottle-shape-500-g/,"Fresho Brinjal - Bottle Shape, 500 g",43.75,Rs 35,20%,500 g,veg,https://www.bigbasket.com/media/uploads/p/mm/10000054_17-fresho-brinjal-bottle-shape.jpg,Deep purple and oval shaped bottle brinjals are glossy skinned vegetables with a white and have a soft flesh. Do not forget to check our delicious recipe - https://www.bigbasket.com/cookbook/recipes/133/baingan-bharta/,10000054,"https://www.bigbasket.com/media/uploads/p/l/10000054_17-fresho-brinjal-bottle-shape.jpg"""
, FRUITS & VEGETABLES , FRESH VEGETABLES ," BEANS, BRINJALS & OKRA ", FRESHO Brinjal - Varikatri,Fresho,10000060,https://www.bigbasket.com/pd/10000060/fresho-brinjal-varikatri-500-g/,"Fresho Brinjal - Varikatri, 500 g",31.25,Rs 25,20%,500 g,veg,https://www.bigbasket.com/media/uploads/p/mm/10000060_21-fresho-brinjal-varikatri.jpg,"One of the bigger varieties, Brinjal Varikatris are egg- shaped with white-purple stripes on the shiny skin. The creamy flesh is enjoyably bitter tasting with several small, soft edible seeds. Do not forget to check our delicious recipe - https://www.bigbasket.com/cookbook/recipes/1992/eggplant-grilled-sandwich/",10000060,"https://www.bigbasket.com/media/uploads/p/l/10000060_21-fresho-brinjal-varikatri.jpg"""
, FRUITS & VEGETABLES , EXOTIC FRUITS & VEGGIES , EXOTIC VEGETABLES , FRESHO Broccoli,Fresho,10000063,https://www.bigbasket.com/pd/10000063/fresho-broccoli-500-g/,"Fresho Broccoli, 500 g",123.75,,,500 g,veg,https://www.bigbasket.com/media/uploads/p/mm/10000063_20-fresho-broccoli.jpg,"With a shape resembling that of a cauliflower, Brocollis have clusters of small, tight flower heads. These heads turn bright green on cooking and tastes slightly bitter. Do not forget to check our delicious recipe - https://www.bigbasket.com/cookbook/recipes/1695/broccoli-masala/",10000063,"https://www.bigbasket.com/media/uploads/p/l/10000063_20-fresho-broccoli.jpg"""
, FRUITS & VEGETABLES , FRESH VEGETABLES , CABBAGE & CAULIFLOWER , FRESHO Cabbage Small - Grade A/Muttai Kosu,Fresho,10000066,https://www.bigbasket.com/pd/10000066/fresho-cabbage-1-pc/,"Fresho Cabbage Small - Grade A/Muttai Kosu, 1 pc (approx. 500 g to 800 g)",31.25,Rs 22,30%,1 pc,veg,https://www.bigbasket.com/media/uploads/p/mm/10000066_25-fresho-cabbage.jpg,"With a texture of crispness and juiciness the moment you take the first bite, cabbages are sweet and grassy flavoured with dense and smooth leafy layers. Do not forget to check our delicious recipe - https://www.bigbasket.com/cookbook/recipes/710/cabbage-chowder/",2.00013E+11,"https://www.bigbasket.com/media/uploads/p/l/10000066_25-fresho-cabbage.jpg"""
, FRUITS & VEGETABLES , FRESH VEGETABLES , CUCUMBER & CAPSICUM , FRESHO Capsicum - Green,Fresho,10000069,https://www.bigbasket.com/pd/10000069/fresho-capsicum-green-500-g/,"Fresho Capsicum - Green, 500 g",25,Rs 20,20%,500 g,veg,https://www.bigbasket.com/media/uploads/p/mm/10000069_20-fresho-capsicum-green.jpg,"Leaving a moderately pungent taste on the tongue, Green capsicums, also known as green peppers are bell shaped, medium-sized fruit pods. They have thick and shiny skin with a fleshy texture inside. Do not forget to check our delicious recipe - https://www.bigbasket.com/cookbook/recipes/2031/capsicum-cheese-rings/",10000069,"https://www.bigbasket.com/media/uploads/p/l/10000069_20-fresho-capsicum-green.jpg"""
, FRUITS & VEGETABLES , FRESH VEGETABLES , CABBAGE & CAULIFLOWER , FRESHO Cauliflower (Medium)/Cauliflower,Fresho,10000074,https://www.bigbasket.com/pd/10000074/fresho-cauliflower-1-pc/,"Fresho Cauliflower (Medium)/Cauliflower, 1 pc (approx. 400 to 600 g)",48.75,Rs 20,59%,1 pc,veg,https://www.bigbasket.com/media/uploads/p/mm/10000074_19-fresho-cauliflower.jpg,"Cauliflower is made up of tightly bound clusters of soft, crumbly, sweet cauliflower florets that form a dense head. Resembling a classic tree, the florets are attached to a central edible white trunk which is firm and tender. https://www.bigbasket.com/cookbook/recipes/2144/cauliflower-cheese-pancakes/",10000074,"https://www.bigbasket.com/media/uploads/p/l/10000074_19-fresho-cauliflower.jpg"""
, FRUITS & VEGETABLES , HERBS & SEASONINGS ," LEMON, GINGER & GARLIC "," FRESHO Chilli - Bajji, Mild",Fresho,10000079,https://www.bigbasket.com/pd/10000079/fresho-chilli-bajji-mild-250-g/,"Fresho Chilli - Bajji, Mild, 250 g",22.5,,,250 g,veg,https://www.bigbasket.com/media/uploads/p/mm/10000079_16-fresho-chilli-bajji-mild.jpg,"Fresho is our brand of fresh fruits and vegetables which are individually handpicked every day by our experienced and technically competent buyers. Our buying, storing and packaging processes are tailored to ensure that only the fresh, nutrient-dense, healthy and delicious produce reaches your doorstep. We guarantee the quality of all Fresho products. If you're not satisfied with the freshness of the items, you can hand them back to our Customer Experience Executive (CEE) for a full refund. Product image shown is for representation purpose only, the actual product may vary based on season, produce & availability.",10000079,"https://www.bigbasket.com/media/uploads/p/l/10000079_16-fresho-chilli-bajji-mild.jpg"""
, FRUITS & VEGETABLES , EXOTIC FRUITS & VEGGIES , EXOTIC VEGETABLES , FRESHO Chinese Cabbage,Fresho,10000085,https://www.bigbasket.com/pd/10000085/fresho-chinese-cabbage-500-g/,"Fresho Chinese Cabbage, 500 g",31.25,Rs 25,20%,500 g,veg,https://www.bigbasket.com/media/uploads/p/mm/10000085_15-fresho-chinese-cabbage.jpg,"A delicate, mild and sweet flavour on the tongue, Chinese cabbage, also called Chinese leaves, is an exotic variety of lettuce that has pale, tightly wrapped and succulent leaves. Do not forget to check our delicious recipe - https://www.bigbasket.com/cookbook/recipes/248/cabbage-and-paneer-sandwich/",2.00017E+11,"https://www.bigbasket.com/media/uploads/p/l/10000085_15-fresho-chinese-cabbage.jpg"""
, FRUITS & VEGETABLES , FRESH VEGETABLES ," GOURD, PUMPKIN, DRUMSTICK ", FRESHO Chow Chow,Fresho,10000087,https://www.bigbasket.com/pd/10000087/fresho-chow-chow-500-g/,"Fresho Chow Chow, 500 g",11.25,Rs 8,29%,500 g,veg,https://www.bigbasket.com/media/uploads/p/mm/10000087_17-fresho-chow-chow.jpg,"Known wordlwide for its delicious seeds, roots, shoots, flowers, leaves and fruit, Chow chow also known as Chayote, is a roughly pear-shaped, mild flavoured and green vegetable.",2.00017E+11,"https://www.bigbasket.com/media/uploads/p/l/10000087_17-fresho-chow-chow.jpg"""
, FRUITS & VEGETABLES , FRESH VEGETABLES , CUCUMBER & CAPSICUM , FRESHO Coccinia,Fresho,10000091,https://www.bigbasket.com/pd/10000091/fresho-coccinia-500-g/,"Fresho Coccinia, 500 g",32.5,Rs 26,20%,500 g,veg,https://www.bigbasket.com/media/uploads/p/mm/10000091_18-fresho-coccinia.jpg,The flesh of Coccinia is crunchy with a mild bitter after taste but the matured ones taste even sweeter. The translucent white flesh with seeds embedded turns red on ripening. They are oval to elongated with thick and light green skin.,10000091,"https://www.bigbasket.com/media/uploads/p/l/10000091_18-fresho-coccinia.jpg"""
, FRUITS & VEGETABLES , FRESH VEGETABLES , ROOT VEGETABLES , FRESHO Colocasia,Fresho,10000096,https://www.bigbasket.com/pd/10000096/fresho-colocasia-500-g/,"Fresho Colocasia, 500 g",37.5,Rs 30,20%,500 g,veg,https://www.bigbasket.com/media/uploads/p/mm/10000096_15-fresho-colocasia.jpg,"A stuffy, fleshy underground root, Colocasia is also called 'Taro Root'. It is oval/globular in shape with a hairy coating on its skin and whitish yellow flesh.",2.00019E+11,"https://www.bigbasket.com/media/uploads/p/l/10000096_15-fresho-colocasia.jpg"""
, FRUITS & VEGETABLES , HERBS & SEASONINGS , INDIAN & EXOTIC HERBS , FRESHO Coriander Leaves,Fresho,10000097,https://www.bigbasket.com/pd/10000097/fresho-coriander-leaves-100-g/,"Fresho Coriander Leaves, 100 g",20,Rs 16,20%,100 g,veg,https://www.bigbasket.com/media/uploads/p/mm/10000097_19-fresho-coriander-leaves.jpg,"Coriander leaves are green, fragile with a decorative appearance. They contain minimal aroma and have a spicy sweet taste. Now do not bother wasting time cutting off the roots as we value your money and time and provide you the freshest leafy edible parts . Do not forget to check our delicious recipe - https://www.bigbasket.com/cookbook/recipes/33/green-chutney/",10000097,"https://www.bigbasket.com/media/uploads/p/l/10000097_19-fresho-coriander-leaves.jpg"""
, FRUITS & VEGETABLES , FRESH VEGETABLES , CUCUMBER & CAPSICUM , FRESHO Cucumber - Mangalore,Fresho,10000101,https://www.bigbasket.com/pd/10000101/fresho-cucumber-mangalore-500-g/,"Fresho Cucumber - Mangalore, 500 g",8.75,Rs 7,20%,500 g,veg,https://www.bigbasket.com/media/uploads/p/mm/10000101_8-fresho-cucumber-mangalore.jpg,"Mangalore cucumber is oval shaped, with yellow stripes on green background and a white, firm flesh with edible seeds. It is a sambar cucumber as it is widely used to prepare sambar in Mangalore. It can be consumed raw and be used for wide number of recipes like sambar, curries, chutney, dosa, idli, Mangalore cucumber raitha, etc. Do not forget to check our delicious recipe - https://www.bigbasket.com/cookbook/recipes/2344/cucumber-noodles-salad/",2.0002E+11,"https://www.bigbasket.com/media/uploads/p/l/10000101_8-fresho-cucumber-mangalore.jpg"""
, FRUITS & VEGETABLES , EXOTIC FRUITS & VEGGIES , EXOTIC VEGETABLES , FRESHO Zucchini - Green,Fresho,10000122,https://www.bigbasket.com/pd/10000122/fresho-zucchini-green-250-g/,"Fresho Zucchini - Green, 250 g",20,Rs 16,20%,250 g,veg,https://www.bigbasket.com/media/uploads/p/mm/10000122_14-fresho-zucchini-green.jpg,"Zucchini is a long, slender, cucumber like green vegetable that is also called squash. The green variant has a firm flesh and a mild flavour. Do not forget to check out our delicious recipe- https://www.bigbasket.com/cookbook/recipes/1933/quinoa-with-vegetables/",2.00052E+11,"https://www.bigbasket.com/media/uploads/p/l/10000122_14-fresho-zucchini-green.jpg"""
, FRUITS & VEGETABLES , EXOTIC FRUITS & VEGGIES , EXOTIC VEGETABLES , FRESHO Lettuce - Iceberg,Fresho,10000133,https://www.bigbasket.com/pd/10000133/fresho-lettuce-iceberg-500-g/,"Fresho Lettuce - Iceberg, 500 g",31.25,Rs 25,20%,500 g,veg,https://www.bigbasket.com/media/uploads/p/mm/10000133_14-fresho-lettuce-iceberg.jpg,Iceberg lettuce is a variety of lettuce with crisp leaves which grows in a spherical head resembling a cabbage. The leaves on the outside tend to be green and the leaves in the center go from pale yellow to nearly whitish as you move closer and closer to the center of the head with the sweetest leaves in the center of the head. Do not forget to check out our delicious recipe- https://www.bigbasket.com/cookbook/recipes/2277/chicken-salad/,10000133,"https://www.bigbasket.com/media/uploads/p/l/10000133_14-fresho-lettuce-iceberg.jpg"""
, FRUITS & VEGETABLES , FRESH FRUITS ," KIWI, MELON, CITRUS FRUIT ", FRESHO Musk Melon/Muzhampallam,Fresho,10000141,https://www.bigbasket.com/pd/10000141/fresho-muskmelon-netted-small-1-pc/,"Fresho Musk Melon/Muzhampallam, 1 pc 550g-900g",30,Rs 24,20%,1 pc,veg,https://www.bigbasket.com/media/uploads/p/mm/10000141_24-fresho-muskmelon-netted-small.jpg,"Having a netlike/ reticulated skin covering, its a round melon with firm, orange, moderately sweet flesh and a thin, reticulated, light-grey rind. Do not forget to check our delicious fruit recipe - https://www.bigbasket.com/cookbook/recipes/1817/cantaloupe-juice-muskmelon-juice/",2.00035E+11,"https://www.bigbasket.com/media/uploads/p/l/10000141_24-fresho-muskmelon-netted-small.jpg"""
10, FRUITS & VEGETABLES , FRESH VEGETABLES ," POTATO, ONION & TOMATO ", FRESHO Onion - Medium/Vengayam,Fresho,10000148,https://www.bigbasket.com/pd/10000148/fresho-onion-1-kg/,"Fresho Onion - Medium/Vengayam, 1 kg",83.75,Rs 57,32%,1 kg,veg,https://www.bigbasket.com/media/uploads/p/mm/10000148_28-fresho-onion.jpg,"Onion is a vegetable which is almost like a staple in Indian food. This is also known to be one of the essential ingredients of raw salads. They come in different colours like white, red or yellow and are quite in demand in cold salads and hot soups. You can dice, slice or cut it in rings and put it in burgers and sandwiches. Onions emit a sharp flavour and fragrance once they are fried; it is due to the sulphur compound in the vegetable.",10000148,https://www.bigbasket.com/media/uploads/p/l/10000148_28-fresho-onion.jpg
, FRUITS & VEGETABLES , FRESH FRUITS , APPLES & POMEGRANATE , FRESHO Pineapple - Grade A/Annachipazham,Fresho,10000156,https://www.bigbasket.com/pd/10000156/fresho-pineapple-1-pc/,"Fresho Pineapple - Grade A/Annachipazham, 1 pc 750-800",37.5,Rs 30,20%,1 pc,veg,https://www.bigbasket.com/media/uploads/p/mm/10000156_18-fresho-pineapple.jpg,"With the shape of a pine cone, the fruit is loosely fibrous and juicy with white to yellowish flesh. The edible center part is firm, leathery and sweet. Do not forget to check our delicious fruit recipe - https://www.bigbasket.com/cookbook/recipes/865/american-pineapple-upside-down-cake-egg-free/",2.00039E+11,"https://www.bigbasket.com/media/uploads/p/l/10000156_18-fresho-pineapple.jpg"""
, FRUITS & VEGETABLES , FRESH VEGETABLES ," POTATO, ONION & TOMATO ", FRESHO Potato/Urulaikizhangu,Fresho,10000159,https://www.bigbasket.com/pd/10000159/fresho-potato-1-kg/,"Fresho Potato/Urulaikizhangu, 1 kg",83.75,Rs 67,20%,1 kg,veg,https://www.bigbasket.com/media/uploads/p/mm/10000159_25-fresho-potato.jpg,"Fresho Potatoes are nutrient-dense, non-fattening and have reasonable amount of calories. Include them in your regular meals so that the body receives a good supply of carbohydrates, dietary fibers and essential minerals such as copper, magnesium, and iron. In India, potatoes are probably the second-most consumed vegetables after onions. Click here for delicious vegetable recipes - https://www.bigbasket.com/flavors/collections/227/fresh-vegetables/",2.0004E+11,"https://www.bigbasket.com/media/uploads/p/l/10000159_25-fresho-potato.jpg"""
, FRUITS & VEGETABLES , FRESH VEGETABLES ," GOURD, PUMPKIN, DRUMSTICK ", FRESHO Pumpkin - Green,Fresho,10000162,https://www.bigbasket.com/pd/10000162/fresho-pumpkin-green-1-kg/,"Fresho Pumpkin - Green, 1 kg",31.25,Rs 25,20%,1 kg,veg,https://www.bigbasket.com/media/uploads/p/mm/10000162_16-fresho-pumpkin-green.jpg,"Green pumpkins are round with slightly ribbed, deep green skin. Their flesh are creamish to light green, flat, edible seeds (pepitas) which are tender and mildly sweet. Do not forget to check our delicious recipe - https://www.bigbasket.com/cookbook/recipes/736/pumpkin-barfi/",10000162,"https://www.bigbasket.com/media/uploads/p/l/10000162_16-fresho-pumpkin-green.jpg"""
, FRUITS & VEGETABLES , FRESH VEGETABLES , ROOT VEGETABLES , FRESHO Radish - White,Fresho,10000166,https://www.bigbasket.com/pd/10000166/fresho-radish-white-500-g/,"Fresho Radish - White, 500 g",13.75,,,500 g,veg,https://www.bigbasket.com/media/uploads/p/mm/10000166_16-fresho-radish-white.jpg,"Radishes are a root crop with a crunchy texture and a sharp, spicy, hot or sweet taste. They are juicy and sometimes have a pungent smell. Do not forget to check our delicious recipe - https://www.bigbasket.com/cookbook/recipes/1197/clear-vegetarian-soup-with-vegetarian-fritter/",10000166,"https://www.bigbasket.com/media/uploads/p/l/10000166_16-fresho-radish-white.jpg"""
, FRUITS & VEGETABLES , FRESH VEGETABLES , CUCUMBER & CAPSICUM , FRESHO Capsicum - Red,Fresho,10000173,https://www.bigbasket.com/pd/10000173/fresho-capsicum-red-250-g/,"Fresho Capsicum - Red, 250 g",61.25,Rs 49,20%,250 g,veg,https://www.bigbasket.com/media/uploads/p/mm/10000173_14-fresho-capsicum-red.jpg,"Leaving a sweet and fruity flavour on the tastebuds, Red capsicums, also known as red bell peppers are bell shaped, medium-sized fruit pods. They have thick and shiny skin with fleshy texture on the inside. Red bell peppers are the most ripened and sweetest of all capsicums. Do not forget to check our delicious recipe - https://www.bigbasket.com/cookbook/recipes/2347/pro-veg-platter-with-greek-yogurt-dip/",2.00014E+11,"https://www.bigbasket.com/media/uploads/p/l/10000173_14-fresho-capsicum-red.jpg"""
, FRUITS & VEGETABLES , FRESH VEGETABLES ," GOURD, PUMPKIN, DRUMSTICK ", FRESHO Ridge Gourd,Fresho,10000176,https://www.bigbasket.com/pd/10000176/fresho-ridge-gourd-500-g/,"Fresho Ridge Gourd, 500 g",32.5,Rs 19,42%,500 g,veg,https://www.bigbasket.com/media/uploads/p/mm/10000176_15-fresho-ridge-gourd.jpg,Ridge Gourds are long vegetables with a ridged dark green skin and white spongy flesh that contains numerous seeds inside. They are rich in fiber and very prominent in Indian cooking. Do not forget to check our delicious recipe - https://www.bigbasket.com/cookbook/recipes/1347/narkel-diye-jhinge-ridge-gourd-subzi-with-coconut/,10000176,"https://www.bigbasket.com/media/uploads/p/l/10000176_15-fresho-ridge-gourd.jpg"""
, FRUITS & VEGETABLES , FRESH FRUITS ," BANANA, SAPOTA & PAPAYA ", FRESHO Sapota,Fresho,10000181,https://www.bigbasket.com/pd/10000181/fresho-sapota-500-g/,"Fresho Sapota, 500 g",31.25,Rs 25,20%,500 g,veg,https://www.bigbasket.com/media/uploads/p/mm/10000181_12-fresho-sapota.jpg,"Brown skinned sapotas are smooth to grainy textured, musky-scented and deliciously sweet in taste. The flesh generally contains 2-3 large and inedible black seeds. Fresho sapotas are freshly plucked by our farmers and the best quality is delivered to you. Do not forget to check our delicious fruit recipe - https://www.bigbasket.com/cookbook/recipes/1232/summer-fruit-salad/",10000181,"https://www.bigbasket.com/media/uploads/p/l/10000181_12-fresho-sapota.jpg"""
, FRUITS & VEGETABLES , FRESH VEGETABLES ," GOURD, PUMPKIN, DRUMSTICK ", FRESHO Snake Gourd,Fresho,10000185,https://www.bigbasket.com/pd/10000185/fresho-snake-gourd-500-g/,"Fresho Snake Gourd, 500 g",25,Rs 17,32%,500 g,veg,https://www.bigbasket.com/media/uploads/p/mm/10000185_11-fresho-snake-gourd.jpg,"Snake gourds are true to their name as they have a long, curved shape with light green speckles and a waxy green skin. Their firm flesh is embedded with seeds and they taste like cucumber and have a slightly bitter taste. The fruits are orange in colour when ripe and pulpy red after complete ripening. Do not forget to check our delicious recipe - https://www.bigbasket.com/cookbook/recipes/794/aviall/",2.00044E+11,"https://www.bigbasket.com/media/uploads/p/l/10000185_11-fresho-snake-gourd.jpg"""
, FRUITS & VEGETABLES , FRESH VEGETABLES ," POTATO, ONION & TOMATO ", FRESHO Sweet Potato,Fresho,10000194,https://www.bigbasket.com/pd/10000194/fresho-sweet-potato-500-g/,"Fresho Sweet Potato, 500 g",30,Rs 24,20%,500 g,veg,https://www.bigbasket.com/media/uploads/p/mm/10000194_13-fresho-sweet-potato.jpg,"With flesh colours ranging from white, orange and yellow, sweet potatoes are ovate and cylindrical with golden brown or white-brown skin and a delicious sweet flavour. While the white fleshed are firm, orange fleshed are softer. Do not forget to check out our delicious recipe- https://www.bigbasket.com/cookbook/recipes/1730/healthy-sweet-potato-rabri/",2.00048E+11,"https://www.bigbasket.com/media/uploads/p/l/10000194_13-fresho-sweet-potato.jpg"""
, FRUITS & VEGETABLES , FRESH VEGETABLES , ROOT VEGETABLES , FRESHO Tapioca,Fresho,10000197,https://www.bigbasket.com/pd/10000197/fresho-tapioca-500-g/,"Fresho Tapioca, 500 g",32.5,Rs 26,20%,500 g,veg,https://www.bigbasket.com/media/uploads/p/mm/10000197_17-fresho-tapioca.jpg,Starchy and mild flavoured Tapiocas are edible roots with a grainy textured flesh.,2.00049E+11,"https://www.bigbasket.com/media/uploads/p/l/10000197_17-fresho-tapioca.jpg"""
, FRUITS & VEGETABLES , FRESH VEGETABLES ," POTATO, ONION & TOMATO ", FRESHO Tomato Hybrid/Bangalore Thakkali,Fresho,10000200,https://www.bigbasket.com/pd/10000200/fresho-tomato-hybrid-1-kg/,"Fresho Tomato Hybrid/Bangalore Thakkali, 1 kg",35,Rs 24,31%,1 kg,veg,https://www.bigbasket.com/media/uploads/p/mm/10000200_17-fresho-tomato-hybrid.jpg,"Tomato Hybrids are high-quality fruits compared to desi, local tomatoes. They contain numerous edible seeds and are red in colour due to lycopene, an anti-oxidant. Do not forget to check out our delicious recipe- https://www.bigbasket.com/cookbook/recipes/1465/cheesy-tomato-disks/",10000200,"https://www.bigbasket.com/media/uploads/p/l/10000200_17-fresho-tomato-hybrid.jpg"""
, FRUITS & VEGETABLES , FRESH FRUITS ," KIWI, MELON, CITRUS FRUIT ", FRESHO Watermelon - Small,Fresho,10000207,https://www.bigbasket.com/pd/10000207/fresho-watermelon-small-1-pc/,"Fresho Watermelon - Small, 1 pc 1.7 - 2.5 kg",32.5,Rs 21,35%,1 pc,veg,https://www.bigbasket.com/media/uploads/p/mm/10000207_19-fresho-watermelon-small.jpg,"With greenish black to smooth dark green surface, Fresho watermelons are globular in shape and are freshly picked for you directly from our farmers The juicy, sweet and grainy textured flesh is filled with 12-14% of sugar content, making it a healthy alternative to sugary carbonated drinks. Flesh colour of these watermelons are pink to red with dark brown/black seeds. Do not forget to check our delicious fruit recipe - https://www.bigbasket.com/cookbook/recipes/1181/watermelon-mocktail/",10000207,"https://www.bigbasket.com/media/uploads/p/l/10000207_19-fresho-watermelon-small.jpg"""
, FRUITS & VEGETABLES , FRESH VEGETABLES , CUCUMBER & CAPSICUM , FRESHO Capsicum - Yellow,Fresho,10000209,https://www.bigbasket.com/pd/10000209/fresho-capsicum-yellow-250-g/,"Fresho Capsicum - Yellow, 250 g",61.25,Rs 49,20%,250 g,veg,https://www.bigbasket.com/media/uploads/p/mm/10000209_14-fresho-capsicum-yellow.jpg,"Leaving a mild fruity flavour on the tastebuds, Yellow capsicums, also known as Yellow bell peppers are bell shaped, medium-sized fruit pods. They have thick and shiny skin with a fleshy texture on the inside. Do not forget to check our delicious recipe - https://www.bigbasket.com/cookbook/recipes/1404/healthy-stir-fry/",2.00014E+11,"https://www.bigbasket.com/media/uploads/p/l/10000209_14-fresho-capsicum-yellow.jpg"""
, FRUITS & VEGETABLES , EXOTIC FRUITS & VEGGIES , EXOTIC VEGETABLES , FRESHO Zucchini - Yellow,Fresho,10000210,https://www.bigbasket.com/pd/10000210/fresho-zucchini-yellow-250-g/,"Fresho Zucchini - Yellow, 250 g",20,Rs 16,20%,250 g,veg,https://www.bigbasket.com/media/uploads/p/mm/10000210_13-fresho-zucchini-yellow.jpg,"Yellow zucchini is a long and slightly fat vegetable, also known as squash. Yellow variant has comparatively softer flesh and tastes sweeter than the green one. Do not forget to check out our delicious recipe- https://www.bigbasket.com/cookbook/recipes/1404/healthy-stir-fry/",2.00052E+11,"https://www.bigbasket.com/media/uploads/p/l/10000210_13-fresho-zucchini-yellow.jpg"""
, FRUITS & VEGETABLES , FRESH FRUITS ," KIWI, MELON, CITRUS FRUIT ", FRESHO Orange - Nagpur/Kamala Orange,Fresho,10000266,https://www.bigbasket.com/pd/10000266/fresho-orange-nagpur-regular-1-kg/,"Fresho Orange - Nagpur/Kamala Orange, 1 kg (Approx. 6 - 7 pcs)",56.25,Rs 39,31%,1 kg,veg,https://www.bigbasket.com/media/uploads/p/mm/10000266_27-fresho-orange-nagpur-regular.jpg,"Freshly picked directly from Nagpur farms, Fresho Nagpur oranges are sweet and bursting with juice. These are simple to peel and section. Treat your taste buds with this mouth-watering fruit that is sweet and has a distinctive flavour. Do not forget to check our delicious fruit recipe - https://www.bigbasket.com/cookbook/recipes/2315/mango-orange-and-mint-smoothie/  ",10000266,"https://www.bigbasket.com/media/uploads/p/l/10000266_27-fresho-orange-nagpur-regular.jpg"""
, FRUITS & VEGETABLES , FRESH FRUITS , APPLES & POMEGRANATE , FRESHO Pomegranate,Fresho,10000269,https://www.bigbasket.com/pd/10000269/fresho-pomegranate-4-pcs/,"Fresho Pomegranate, 4 pcs (approx. 800 - 880 g)",119,,,4 pcs,veg,https://www.bigbasket.com/media/uploads/p/mm/10000269_28-fresho-pomegranate.jpg,"With ruby color and an intense floral, sweet-tart flavor, the pomegranate delivers both taste and beauty. You can remove the skin and the membranes to get at the delicious fruit with nutty seeds. Fresho Pomegranates are finely sorted and graded to deliver the best tasting pomegranates to you. Do not forget to check our delicious fruit recipe - https://www.bigbasket.com/cookbook/recipes/1229/pomegranate-cooler/",10000269,"https://www.bigbasket.com/media/uploads/p/l/10000269_28-fresho-pomegranate.jpg"""
, FRUITS & VEGETABLES , FRESH VEGETABLES , ROOT VEGETABLES , FRESHO Carrot - Ooty,Fresho,10000271,https://www.bigbasket.com/pd/10000271/fresho-carrot-ooty-500-g/,"Fresho Carrot - Ooty, 500 g",75,Rs 60,20%,500 g,veg,https://www.bigbasket.com/media/uploads/p/mm/10000271_13-fresho-carrot-ooty.jpg,"A popular sweet-tasting root vegetable, Carrots are narrow and cone shaped. They have thick, fleshy, deeply colored root, which grows underground, and feathery green leaves that emerge above the ground. While these greens are fresh tasting and slightly bitter, the carrot roots are crunchy textured with a sweet and minty aromatic taste. Fresho brings you the flavour and richness of the finest bright orange, crispy and juicy carrots. Do not forget to check our delicious recipe - https://www.bigbasket.com/cookbook/recipes/1203/carrot-or-gajar-ki-burfi/",10000271,"https://www.bigbasket.com/media/uploads/p/l/10000271_13-fresho-carrot-ooty.jpg"""
, FRUITS & VEGETABLES , FRESH VEGETABLES ," BEANS, BRINJALS & OKRA ", FRESHO Beans - Cowpea,Fresho,10000274,https://www.bigbasket.com/pd/10000274/fresho-beans-cowpea-250-g/,"Fresho Beans - Cowpea, 250 g",16.25,Rs 13,20%,250 g,veg,https://www.bigbasket.com/media/uploads/p/mm/10000274_13-fresho-beans-cowpea.jpg,"Tender, crispy and sweet tasting green cowpea beans have a succulent and pale flesh. These long and slender beans contain lime green peas. They are also known as black-eyed peas and lobia. Do not forget to check our delicious recipe - https://www.bigbasket.com/cookbook/recipes/1404/healthy-stir-fry/",10000274,"https://www.bigbasket.com/media/uploads/p/l/10000274_13-fresho-beans-cowpea.jpg"""
, FRUITS & VEGETABLES , FRESH VEGETABLES , CABBAGE & CAULIFLOWER , FRESHO Knol Khol,Fresho,10000278,https://www.bigbasket.com/pd/10000278/fresho-knol-khol-500-g/,"Fresho Knol Khol, 500 g",10,Rs 8,20%,500 g,veg,https://www.bigbasket.com/media/uploads/p/mm/10000278_12-fresho-knol-khol.jpg,"Knol Khols are big, greenish white colored vegetables with long, green extrusions.They have a crispy texture and taste mildly sweet",2.00029E+11,"https://www.bigbasket.com/media/uploads/p/l/10000278_12-fresho-knol-khol.jpg"""
, FRUITS & VEGETABLES , EXOTIC FRUITS & VEGGIES , EXOTIC FRUITS , FRESHO Grapes - Green,Fresho,10000288,https://www.bigbasket.com/pd/10000288/fresho-grapes-green-500-g/,"Fresho Grapes - Green, 500 g",137.5,Rs 110,20%,500 g,veg,https://www.bigbasket.com/media/uploads/p/mm/10000288_20-fresho-grapes-green.jpg,"Juicy and snappy, with a beautiful balance of sweet and tart flavour, these grape bunches have a lingering taste. Do not tire yourselves searching for an unspoiled fruit, we have hand picked and finely packed fresho green seedless grapes which are just a few clicks away. Do not forget to check our delicious fruit recipe - https://www.bigbasket.com/cookbook/recipes/2251/fruit-punch/",10000288,https://www.bigbasket.com/media/uploads/p/l/10000288_20-fresho-grapes-green.jpg
, FRUITS & VEGETABLES , ORGANIC FRUITS & VEGETABLES , ORGANIC VEGETABLES , FRESHO Amla,Fresho,10000293,https://www.bigbasket.com/pd/10000293/fresho-amla-250-g/,"Fresho Amla, 250 g",43.75,Rs 35,20%,250 g,veg,https://www.bigbasket.com/media/uploads/p/mm/10000293_12-fresho-amla.jpg,"With light-green, translucent skin, amla/Indian Gooseberries are small, round, crisp and juicy berries with a blend of sour and bitter taste. The flesh is astringent",10000293,"https://www.bigbasket.com/media/uploads/p/l/10000293_12-fresho-amla.jpg"""
, FRUITS & VEGETABLES , FRESH FRUITS ," BANANA, SAPOTA & PAPAYA ", FRESHO Banana - Flower/Vazhaipoo,Fresho,10000339,https://www.bigbasket.com/pd/10000339/fresho-banana-flower-1-pc/,"Fresho Banana - Flower/Vazhaipoo, 1 pc",17.5,Rs 14,20%,1 pc,veg,https://www.bigbasket.com/media/uploads/p/mm/10000339_14-fresho-banana-flower.jpg,"Banana flower, also known as banana blossom, is a tear-shaped maroon or purplish flower hanging at the end of banana clusters grows on the end of the stem holding a cluster of bananas. The edible flower has a unique and excellent taste rich in nutrients. With every purple outer sheath removed it has anthers which are edible.",10000339,"https://www.bigbasket.com/media/uploads/p/l/10000339_14-fresho-banana-flower.jpg"""
, FRUITS & VEGETABLES , FRESH FRUITS ," BANANA, SAPOTA & PAPAYA ", FRESHO Banana - Nendran,Fresho,10000346,https://www.bigbasket.com/pd/10000346/fresho-banana-nendran-1-kg/,"Fresho Banana - Nendran, 1 kg",36.25,Rs 29,20%,1 kg,veg,https://www.bigbasket.com/media/uploads/p/mm/10000346_18-fresho-banana-nendran.jpg,"These Nendran bananas hail from Kerala, where they are a staple fruit. They have a pale yellow colour with silky flesh and compared to other varieties, they have a distinctive colour and texture owing to the cultivation adopted for this variety. Do not forget to check our delicious fruit recipe - https://www.bigbasket.com/cookbook/recipes/573/banana-pancake/",10000346,"https://www.bigbasket.com/media/uploads/p/l/10000346_18-fresho-banana-nendran.jpg"""
, FRUITS & VEGETABLES , EXOTIC FRUITS & VEGGIES , EXOTIC FRUITS , FRESHO Custard Apple/Seethapazhaam,Fresho,10000350,https://www.bigbasket.com/pd/10000350/fresho-custard-apple-1-kg/,"Fresho Custard Apple/Seethapazhaam, 1 kg",73.75,,,1 kg,veg,https://www.bigbasket.com/media/uploads/p/mm/10000350_19-fresho-custard-apple.jpg,"Fresho is our brand of fresh fruits and vegetables which are individually handpicked everyday by our experienced and technically competent buyers. Our buying, storing and packaging processes are tailored to ensure that only the fresh, nutrient dense, healthy and delicious produce reaches your doorstep. We guarantee the quality of all Fresho products. If youre not satisfied with the freshness of the items, you can hand them back to our Customer Experience Executive (CEE) for a full refund. Custard apples are compund, thin yet hard-skinned, white, granular, creamy, sweet tasting, aromatic flesh that encloses a cluster of flesh-covered seeds. They are native to the western tropical regions. Product image shown is for representation purpose only, the actually product may vary based on season, produce & availability. Click here for delicious fruit recipes - https://www.bigbasket.com/flavors/collections/228/fresh-fruits/",2.00021E+11,"https://www.bigbasket.com/media/uploads/p/l/10000350_19-fresho-custard-apple.jpg"""
, FRUITS & VEGETABLES , CUTS & SPROUTS , FRESH SALADS & SPROUTS , FRESHO Sprouts - Mixed Gram,Fresho,10000355,https://www.bigbasket.com/pd/10000355/fresho-sprouts-mixed-gram-200-g/,"Fresho Sprouts - Mixed Gram, 200 g",43.75,Rs 35,20%,200 g,veg,https://www.bigbasket.com/media/uploads/p/mm/10000355_11-fresho-sprouts-mixed-gram.jpg,"Sprouts Mixed gram are fine for health which contains greater concentration of nutrients like Vitamin E, A, C & K, iron, potassium, phyto chemicals, bioflavonoids, antioxidants, protein and chemo-protectants. It can be served at any point throughout the meal. Sprouts are referred to as medicine because of their health promoting properties. Product image shown is for representation purpose only, the actually product may vary based on season, produce & availability.",2.00046E+11,https://www.bigbasket.com/media/uploads/p/l/10000355_11-fresho-sprouts-mixed-gram.jpg
, FRUITS & VEGETABLES , CUTS & SPROUTS , FRESH SALADS & SPROUTS , FRESHO Sprouts - Moong Green,Fresho,10000356,https://www.bigbasket.com/pd/10000356/fresho-sprouts-moong-green-200-g/,"Fresho Sprouts - Moong Green, 200 g",43.75,Rs 35,20%,200 g,veg,https://www.bigbasket.com/media/uploads/p/mm/10000356_11-fresho-sprouts-moong-green.jpg,"Bean sprouts are the young shoots of the mung bean with petite pale yellow to pale green leaves attached on a silvery bright white shoot. With a high water content, bean sprouts offer a crunch and subtle nutty flavour. We take a very good care while growing and preparing sprouts in order to prevent contamination.",2.00046E+11,https://www.bigbasket.com/media/uploads/p/l/10000356_11-fresho-sprouts-moong-green.jpg
, FRUITS & VEGETABLES , CUTS & SPROUTS , FRESH SALADS & SPROUTS , FRESHO Sprouts - Channa Brown,Fresho,10000357,https://www.bigbasket.com/pd/10000357/fresho-sprouts-channa-brown-200-g/,"Fresho Sprouts - Channa Brown, 200 g",43.75,Rs 35,20%,200 g,veg,https://www.bigbasket.com/media/uploads/p/mm/10000357_11-fresho-sprouts-channa-brown.jpg,Highly protenacious brown channa sprouts with white tails taste fabulous with a grainy texture and nutty flavour. We take a very good care while growing and preparing sprouts as to prevent contamination.,2.00045E+11,https://www.bigbasket.com/media/uploads/p/l/10000357_11-fresho-sprouts-channa-brown.jpg
, FRUITS & VEGETABLES , FRESH VEGETABLES ," BEANS, BRINJALS & OKRA ", FRESHO Beans - Avare/ Double,Fresho,10000367,https://www.bigbasket.com/pd/10000367/fresho-beans-avare-double-500-g/,"Fresho Beans - Avare/ Double, 500 g",172.5,,,500 g,veg,https://www.bigbasket.com/media/uploads/p/mm/10000367_10-fresho-beans-avare-double.jpg,"Double beans, also called 'Lima' or 'Butter' beans because of their starchy yet buttery texture, have a delicate flavour that compliments a wide variety of dishes. They are flat round beans that are light green in colour.",10000367,"https://www.bigbasket.com/media/uploads/p/l/10000367_10-fresho-beans-avare-double.jpg"""
, FRUITS & VEGETABLES , FRESH FRUITS ," BANANA, SAPOTA & PAPAYA ", FRESHO Guava,Fresho,10000370,https://www.bigbasket.com/pd/10000370/fresho-guava-500-g/,"Fresho Guava, 500 g",37.5,Rs 29,23%,500 g,veg,https://www.bigbasket.com/media/uploads/p/mm/10000370_13-fresho-guava.jpg,"Savour the green guavas along with hard, pale yellow edible seeds. The off-white flesh is crunchy and mildly sweet with very good fragrance. Do not forget to check our delicious fruit recipe - https://www.bigbasket.com/cookbook/recipes/802/fruit-salad-trifle/",10000370,https://www.bigbasket.com/media/uploads/p/l/10000370_13-fresho-guava.jpg
, FRUITS & VEGETABLES , FRESH VEGETABLES , ROOT VEGETABLES , FRESHO Yam - Elephant Foot,Fresho,10000378,https://www.bigbasket.com/pd/10000378/fresho-yam-elephant-foot-500-g/,"Fresho Yam - Elephant Foot, 500 g",25,Rs 17.67,29%,500 g,veg,https://www.bigbasket.com/media/uploads/p/mm/10000378_11-fresho-yam-elephant-foot.jpg,"Yam is an edible starchy tuber. Elephant yams are larger in size and features thick, rough, dark brown to pink skin. Do not forget to check out our delicious recipe- https://www.bigbasket.com/cookbook/recipes/794/aviall/",2.00022E+11,"https://www.bigbasket.com/media/uploads/p/l/10000378_11-fresho-yam-elephant-foot.jpg"""
, FRUITS & VEGETABLES , FRESH VEGETABLES , ROOT VEGETABLES , FRESHO Carrot - Red,Fresho,10000382,https://www.bigbasket.com/pd/10000382/fresho-carrot-red-500-g/,"Fresho Carrot - Red, 500 g",47.5,,,500 g,veg,https://www.bigbasket.com/media/uploads/p/mm/10000382_10-fresho-carrot-red.jpg,"Considered sweeter than other carrots, Red Carrots contain more of a pigment called lycopene which is also present in tomatoes. A popular sweet-tasting root vegetable, carrots are narrow and cone shaped. They have thick, fleshy, deeply colored root, which grows underground, and feathery green leaves that emerge above the ground. While these greens are fresh tasting and slightly bitter, the carrot roots are crunchy textured with a sweet and minty aromatic taste. Fresho brings you the flavour and richness of the finest red, crispy and juicy carrots. Do not forget to check our delicious recipe - https://www.bigbasket.com/cookbook/recipes/1366/gajar-ka-halwa-carrot-halwa/",10000382,https://www.bigbasket.com/media/uploads/p/l/10000382_10-fresho-carrot-red.jpg
, FRUITS & VEGETABLES , FRESH FRUITS ," KIWI, MELON, CITRUS FRUIT ", FRESHO Orange - Kinnow,Fresho,10000383,https://www.bigbasket.com/pd/10000383/fresho-orange-kinnow-500-g/,"Fresho Orange - Kinnow, 500 g",45,,,500 g,veg,https://www.bigbasket.com/media/uploads/p/mm/10000383_8-fresho-orange-kinnow.jpg,"Lovely, bright, reddish, glossy and smooth skinned fruits called Kinnows are hybrids and are a variety of Mandarin oranges. They are juicier and sweeter than regular oranges. They are extensively cultivated in the wider Punjab region of Pakistan and India. These are simple to peel and section. Do not forget to check our delicious fruit recipe - https://www.bigbasket.com/cookbook/recipes/2315/mango-orange-and-mint-smoothie/",10000383,"https://www.bigbasket.com/media/uploads/p/l/10000383_8-fresho-orange-kinnow.jpg"""
, FRUITS & VEGETABLES , HERBS & SEASONINGS , INDIAN & EXOTIC HERBS , FRESHO Curry Leaves,Fresho,10000387,https://www.bigbasket.com/pd/10000387/fresho-curry-leaves-100-g/,"Fresho Curry Leaves, 100 g",27.5,Rs 22,20%,100 g,veg,https://www.bigbasket.com/media/uploads/p/mm/10000387_10-fresho-curry-leaves.jpg,"With dark green and glossy appearance, curry leaves have a strong flavour and release a tasty aroma when fried in hot oil. Do not forget to check our delicious recipe - https://www.bigbasket.com/cookbook/recipes/742/curryleaves-lemonade//",10000387,"https://www.bigbasket.com/media/uploads/p/l/10000387_10-fresho-curry-leaves.jpg"""
, FRUITS & VEGETABLES , FRESH FRUITS , APPLES & POMEGRANATE , FRESHO Plum - Imported,Fresho,10000577,https://www.bigbasket.com/pd/10000577/fresho-plum-imported-500-g/,"Fresho Plum - Imported, 500 g",231.25,Rs 185,20%,500 g,veg,https://www.bigbasket.com/media/uploads/p/mm/10000577_15-fresho-plum-imported.jpg,"Fresho is our brand of fresh fruits and vegetables which are individually handpicked everyday by our experienced and technically competent buyers. Our buying, storing and packaging processes are tailored to ensure that only the fresh, nutrient dense, healthy and delicious produce reaches your doorstep. We guarantee the quality of all Fresho products. If you're not satisfied with the freshness of the items, you can hand them back to our Customer Experience Executive (CEE) for a full refund. Product image shown is for representation purpose only, the actually product may vary based on season, produce & availability. Click here for delicious fruit recipes - https://www.bigbasket.com/flavors/collections/228/fresh-fruits/",10000577,"https://www.bigbasket.com/media/uploads/p/l/10000577_15-fresho-plum-imported.jpg"""
, FRUITS & VEGETABLES , FRESH FRUITS ," BANANA, SAPOTA & PAPAYA ", FRESHO Banana - Red/Sevvazhai,Fresho,10000582,https://www.bigbasket.com/pd/10000582/fresho-banana-red-1-kg/,"Fresho Banana - Red/Sevvazhai, 1 kg",61.25,,,1 kg,veg,https://www.bigbasket.com/media/uploads/p/mm/10000582_12-fresho-banana-red.jpg,"Standing apart from the common varieties of yellow bananas, Red bananas are short, plump and reddish-purple in colour. Even the flesh is light pink and sweeter compared to other varieties. They are high in nutrients and are freshly procured from the farmers. Do not forget to check our delicious fruit recipe - https://www.bigbasket.com/cookbook/recipes/1383/banana-ice-cream/",10000582,"https://www.bigbasket.com/media/uploads/p/l/10000582_12-fresho-banana-red.jpg"""
, FRUITS & VEGETABLES , FRESH FRUITS , SEASONAL FRUITS , FRESHO Mango - Raw/Maangai,Fresho,10000588,https://www.bigbasket.com/pd/10000588/fresho-raw-mango-1-kg/,"Fresho Mango - Raw/Maangai, 1 kg",148.75,Rs 119,20%,1 kg,veg,https://www.bigbasket.com/media/uploads/p/mm/10000588_9-fresho-raw-mango.jpg,"Raw mango is a sweet-smelling fruit which is liked by al for its tart flavor. The colour varies in shades of greens and the inner flesh is white in colour. Its potent health benefits makes totapuri mango puree concentrate - an important food item. It is very rich in Vitamin C. They also have trace amounts of Vitamin B, K and E. Product image shown is for representation purpose only, the actually product may vary based on season, produce & availability. Click here for delicious fruit recipes - https://www.bigbasket.com/flavors/collections/228/fresh-fruits/",10000588,"https://www.bigbasket.com/media/uploads/p/l/10000588_9-fresho-raw-mango.jpg"""
, FRUITS & VEGETABLES , FRESH FRUITS , MANGOES , FRESHO Mango - Totapuri/Kili Mooku/Bangalora,Fresho,10000590,https://www.bigbasket.com/pd/10000590/fresho-totapuri-mango-1-kg/,"Fresho Mango - Totapuri/Kili Mooku/Bangalora, 1 kg",155,Rs 124,20%,1 kg,veg,https://www.bigbasket.com/media/uploads/p/mm/10000590_9-fresho-totapuri-mango.jpg,"With a parrot-like beak at the fruit tip, greenish yellow skinned Totapuri is a perfect blend of sweetness and tartness. It has a rich aromatic flavour. Do not forget to check our delicious fruit recipe - https://www.bigbasket.com/cookbook/recipes/2307/mango-chhunda/   Calcium Carbide is not used in the ripening process of the mangoes.",2.00034E+11,"https://www.bigbasket.com/media/uploads/p/l/10000590_9-fresho-totapuri-mango.jpg"""
, FRUITS & VEGETABLES , FRESH FRUITS , SEASONAL FRUITS , FRESHO Sugarcane,Fresho,10000592,https://www.bigbasket.com/pd/10000592/fresho-sugarcane-1-pc/,"Fresho Sugarcane, 1 pc",10,Rs 8,20%,1 pc,veg,https://www.bigbasket.com/media/uploads/p/mm/10000592_10-fresho-sugarcane.jpg,"The white flesh of sugarcanes with sharp fibres are chewy, juicy and sweet to taste. Sugarcane juice is very refreshing in hot summers and is a coolant during those scorching summer heat.",10000592,"https://www.bigbasket.com/media/uploads/p/l/10000592_10-fresho-sugarcane.jpg"""
, FRUITS & VEGETABLES , EXOTIC FRUITS & VEGGIES , EXOTIC VEGETABLES , FRESHO Lettuce - Green,Fresho,10000596,https://www.bigbasket.com/pd/10000596/fresho-lettuce-green-70-to-100-gm-bunch/,"Fresho Lettuce - Green, 70 to 100 gm (Bunch)",22.5,Rs 18,20%,70 to 100 gm (Bunch),veg,https://www.bigbasket.com/media/uploads/p/mm/10000596_11-fresho-lettuce-green.jpg,"With tender, delicate and loosely packed green leaves, Lettuce gives a crunchy and fresh feel to burgers and sandwiches. Do not forget to check out our delicious recipe- https://www.bigbasket.com/cookbook/recipes/570/caesar-salad/",10000596,"https://www.bigbasket.com/media/uploads/p/l/10000596_11-fresho-lettuce-green.jpg"""
, FRUITS & VEGETABLES , EXOTIC FRUITS & VEGGIES , EXOTIC VEGETABLES , FRESHO Leeks,Fresho,10000597,https://www.bigbasket.com/pd/10000597/fresho-leeks-100-g/,"Fresho Leeks, 100 g",15,Rs 12,20%,100 g,veg,https://www.bigbasket.com/media/uploads/p/mm/10000597_9-fresho-leeks.jpg,"Leek is a long bundle of leaf sheaths with a mild, onion-like taste. In its raw state, the vegetable is crunchy and firm. The edible portions of the leek are the white base of the leaves (above the roots and stem base) and the light green parts.",10000597,"https://www.bigbasket.com/media/uploads/p/l/10000597_9-fresho-leeks.jpg"""
, FRUITS & VEGETABLES , FRESH VEGETABLES , CUCUMBER & CAPSICUM , FRESHO Cucumber - English,Fresho,10000599,https://www.bigbasket.com/pd/10000599/fresho-cucumber-english-500-g/,"Fresho Cucumber - English, 500 g",27.5,Rs 22,20%,500 g,veg,https://www.bigbasket.com/media/uploads/p/mm/10000599_12-fresho-cucumber-english.jpg,"English cucumber is a variety of seedless cucumber that is longer and slimmer than other varieties and have a higher water content. They do not have a layer of wax on them, and the skin is tender when ripe. Do not forget to check our delicious recipe - https://www.bigbasket.com/cookbook/recipes/2231/cucumber-lemon-detox-water/",2.00022E+11,"https://www.bigbasket.com/media/uploads/p/l/10000599_12-fresho-cucumber-english.jpg"""
, FRUITS & VEGETABLES , FRESH FRUITS , APPLES & POMEGRANATE , FRESHO Apple - Washington 4 pcs + Kiwi - Green 3 pcs + Pomegranate 4 pcs,Fresho,1201613,https://www.bigbasket.com/pd/1201613/fresho-apple-washington-4-pcs-kiwi-green-3-pcs-pomegranate-4-pcs-combo/,"Fresho Apple - Washington 4 pcs + Kiwi - Green 3 pcs + Pomegranate 4 pcs, Combo 3 Items",381.5,,,Combo,,https://www.bigbasket.com/media/uploads/p/mm/1201613_2-fresho-apple-washington-4-pcs-kiwi-green-3-pcs-pomegranate-4-pcs.jpg,,,https://www.bigbasket.com/media/uploads/p/l/1201613_2-fresho-apple-washington-4-pcs-kiwi-green-3-pcs-pomegranate-4-pcs.jpg
, FRUITS & VEGETABLES , FRESH VEGETABLES , CUCUMBER & CAPSICUM , FRESHO Capsicum Red & Yellow 250 gm Each,Fresho,1201616,https://www.bigbasket.com/pd/1201616/fresho-capsicum-red-yellow-250-gm-each-combo/,"Fresho Capsicum Red & Yellow 250 gm Each, Combo (2 Items)",122.5,,,Combo,,https://www.bigbasket.com/media/uploads/p/mm/1201616_2-fresho-capsicum-red-yellow-250-gm-each.jpg,"Red capsicums are red, thin smooth skinned, crunchy, mildly sweet tasting, hollow vegetables that are juicier variants of the green capsicum. They are a rich source of antioxidants, carotenoids and vitamins C, K, B6 and A. They are high in water content and dietary fibre and potassium, and are cholesterol-free. Product image shown is for representation purpose only, the actually product may vary based on season, produce & availability. Click here for delicious vegetable recipes - https://www.bigbasket.com/flavors/collections/227/fresh-vegetables/ Yellow capsicum has silky, smooth skin which is thick and crunchy. This exotic vegetable is a good supplier of Vitamins A and C and offers dietary fibre. Product image shown is for representation purpose only, the actual product may vary based on season, produce & availability. Click here for delicious vegetable recipes - https://www.bigbasket.com/flavors/collections/227/fresh-vegetables/",1201616,https://www.bigbasket.com/media/uploads/p/l/1201616_2-fresho-capsicum-red-yellow-250-gm-each.jpg
, FRUITS & VEGETABLES , HERBS & SEASONINGS ," LEMON, GINGER & GARLIC ", FRESHO Garlic & Ginger 250 gm Each,Fresho,1202151,https://www.bigbasket.com/pd/1202151/fresho-garlic-ginger-250-gm-each-combo/,"Fresho Garlic & Ginger 250 gm Each, Combo 2 Items",85,Rs 62.50,26%,Combo,,https://www.bigbasket.com/media/uploads/p/mm/1202151_1-fresho-garlic-ginger-250-gm-each.jpg,,,https://www.bigbasket.com/media/uploads/p/l/1202151_1-fresho-garlic-ginger-250-gm-each.jpg
, FRUITS & VEGETABLES , FRESH VEGETABLES , CUCUMBER & CAPSICUM ," FRESHO Cucumber, Carrot & Beetroot 500g Each Salad",Fresho,1202153,https://www.bigbasket.com/pd/1202153/fresho-cucumber-carrot-beetroot-500g-each-salad-combo/,"Fresho Cucumber, Carrot & Beetroot 500g Each Salad, Combo 3 Items",147.5,,,Combo,,https://www.bigbasket.com/media/uploads/p/mm/1202153_1-fresho-cucumber-carrot-beetroot-500g-each-salad.jpg,,,https://www.bigbasket.com/media/uploads/p/l/1202153_1-fresho-cucumber-carrot-beetroot-500g-each-salad.jpg
, FRUITS & VEGETABLES , FRESH FRUITS , APPLES & POMEGRANATE , FRESHO Apple Shimla + Banana Robusta + Orange Nagpur+ Tender Coconut+ Watermelon Small,Fresho,1209669,https://www.bigbasket.com/pd/1209669/fresho-apple-shimla-banana-robusta-orange-nagpur-tender-coconut-watermelon-small-combo/,"Fresho Apple Shimla + Banana Robusta + Orange Nagpur+ Tender Coconut+ Watermelon Small, Combo 5 Items",345,,,Combo,veg,https://www.bigbasket.com/media/uploads/p/mm/1209669_1-fresho-apple-shimla-banana-robusta-orange-nagpur-tender-coconut-watermelon-small.jpg,"This combo contains Fresho Apple - Shimla 4 pcs (Approx. 500g- 650g) + Fresho Banana - Robusta 1 kg + Fresho Orange - Nagpur, Regular 1 kg + Fresho Tender Coconut - Medium 1 pc + Fresho This combo contains Watermelon - Small 1 pc (Approx. 1.7 kg - 2.5 kg). Considered as most commonly grown apples in India, Shimla apples have light red skin, juicy and crunchy flesh. We source the best apples with residue and wax-free peel from the trusted growers. Do not forget to check our delicious fruit recipe - https://www.bigbasket.com/cookbook/recipes/701/apple-crisp-bites/   Relish the soft, buttery texture of Robusta bananas that are light green and have a great fragrance and taste. The stalks of Robustas are thick and rigid. Fresh fruits are green, which revolve to a bright yellow on ripening and the flesh contains a white - ceramic colour. Fresho Robusta is fine quality, sweet flavoured, mushy and soft bananas. Do not forget to check our delicious fruit recipes - https://www.bigbasket.com/cookbook/recipes/1781/banana-smoothie/   Freshly picked directly from Nagpur farms, Fresho Nagpur oranges are sweet and bursting with juice. These are simple to peel and section. Treat your taste buds with this mouth-watering fruit that is sweet and has a distinctive flavour. Do not forget to check our delicious fruit recipe - https://www.bigbasket.com/cookbook/recipes/2315/mango-orange-and-mint-smoothie/   As Season for Oranges is coming to an end, you may find some quality Issue. Our Quality teams are putting their efforts to give you the best of the available lot. If you still encounter any quality challenges, please do let us and we will give the necessary credit Young, fresh and healthy tender coconuts are a pure, tasty and nutritious energy drink that keeps body hydrated round the clock. Tender coconut is the most refreshing drink and best to quench your thirst in the summer. Tender coconut has antioxidant properties which help to protect the body from free radicals. It helps to lower blood pressure level, prevent kidney stone, and support heart health. Do not forget to check out our delicious recipe-  https://www.bigbasket.com/cookbook/recipes/897/tender-coconut-souffle/ With greenish-black to smooth dark green surface, Fresho watermelons are globular in shape and are freshly picked for you directly from our farmers The juicy, sweet and grainy textured flesh is filled with 12-14% of sugar content, making it a healthy alternative to sugary carbonated drinks. The flesh colour of these watermelons is pink to red with dark brown/black seeds. Do not forget to check our delicious fruit recipe - https://www.bigbasket.com/cookbook/recipes/1181/watermelon-mocktail/  ",1209669,https://www.bigbasket.com/media/uploads/p/l/1209669_1-fresho-apple-shimla-banana-robusta-orange-nagpur-tender-coconut-watermelon-small.jpg
, FRUITS & VEGETABLES , FRESH FRUITS , APPLES & POMEGRANATE , FRESHO Apple Shimla + Banana Robusta+ Orange Nagpur+ Watermelon+ Grapes Sonaka Seedless,Fresho,1209670,https://www.bigbasket.com/pd/1209670/fresho-apple-shimla-banana-robusta-orange-nagpur-watermelon-grapes-sonaka-seedless-combo/,"Fresho Apple Shimla + Banana Robusta+ Orange Nagpur+ Watermelon+ Grapes Sonaka Seedless, Combo 5 Items",431.25,,,Combo,veg,https://www.bigbasket.com/media/uploads/p/mm/1209670_1-fresho-apple-shimla-banana-robusta-orange-nagpur-watermelon-grapes-sonaka-seedless.jpg,"This combo contains Fresho Apple - Shimla 4 pcs (Approx. 500g- 650g) + Fresho Banana - Robusta 1 kg + Fresho Orange - Nagpur, Regular 1 kg + Fresho Watermelon - Small 1 pc (approx. 1.7 - 2.5 kg )+ Fresho Grapes - Sonaka Seedless 500 g. Considered as most commonly grown apples in India, Shimla apples have light red skin, juicy and crunchy flesh. We source the best apples with residue and wax-free peel from the trusted growers. Do not forget to check our delicious fruit recipe - https://www.bigbasket.com/cookbook/recipes/701/apple-crisp-bites/   Relish the soft, buttery texture of Robusta bananas that are light green and have a great fragrance and taste. The stalks of Robustas are thick and rigid. Fresh fruits are green, which revolve to a bright yellow on ripening and the flesh contains a white - ceramic colour. Fresho Robusta is fine quality, sweet flavoured, mushy and soft bananas. Do not forget to check our delicious fruit recipes - https://www.bigbasket.com/cookbook/recipes/1781/banana-smoothie/   Freshly picked directly from Nagpur farms, Fresho Nagpur oranges are sweet and bursting with juice. These are simple to peel and section. Treat your taste buds with this mouth-watering fruit that is sweet and has a distinctive flavour. Do not forget to check our delicious fruit recipe - https://www.bigbasket.com/cookbook/recipes/2315/mango-orange-and-mint-smoothie/   As Season for Oranges is coming to an end, you may find some quality Issue. Our Quality teams are putting their efforts to give you the best of the available lot. If you still encounter any quality challenges, please do let us and we will give the necessary credit With greenish-black to smooth dark green surface, Fresho watermelons are globular in shape and are freshly picked for you directly from our farmers The juicy, sweet and grainy textured flesh is filled with 12-14% of sugar content, making it a healthy alternative to sugary carbonated drinks. The flesh colour of these watermelons is pink to red with dark brown/black seeds. Do not forget to check our delicious fruit recipe - https://www.bigbasket.com/cookbook/recipes/1181/watermelon-mocktail/   Juicy and snappy, with a beautiful balance of sweet and tart flavour, these grape bunches have a lingering taste. Do not tire yourselves searching for an unspoiled fruit, we have handpicked and finely packed Fresho green seedless grapes which are just a few clicks away. Do not forget to check our delicious fruit recipe - https://www.bigbasket.com/cookbook/recipes/2251/fruit-punch/  ",1209670,https://www.bigbasket.com/media/uploads/p/l/1209670_1-fresho-apple-shimla-banana-robusta-orange-nagpur-watermelon-grapes-sonaka-seedless.jpg
, FRUITS & VEGETABLES , FRESH VEGETABLES ," BEANS, BRINJALS & OKRA ", FRESHO Brinjal Bottle Shape 500 g + Cauliflower 1 pc + Cabbage 1 pc,Fresho,1209679,https://www.bigbasket.com/pd/1209679/fresho-brinjal-bottle-shape-500-g-cauliflower-1-pc-cabbage-1-pc-combo/,"Fresho Brinjal Bottle Shape 500 g + Cauliflower 1 pc + Cabbage 1 pc, Combo 3 Items",123.75,,,Combo,veg,https://www.bigbasket.com/media/uploads/p/mm/1209679_1-fresho-brinjal-bottle-shape-500-g-cauliflower-1-pc-cabbage-1-pc.jpg,"This combo contains Fresho Brinjal - Bottle Shape 500 g + Fresho Cauliflower 1 pc (approx. 400 g to 600 gm) + Fresho Cabbage 1 pc (approx. 500 g to 800 gm) Deep purple and oval-shaped bottle brinjals are glossy skinned vegetables with a white and have a soft flesh. Do not forget to check our delicious recipe - https://www.bigbasket.com/cookbook/recipes/133/baingan-bharta/   Cauliflower is made up of tightly bound clusters of soft, crumbly, sweet cauliflower florets that form a dense head. Resembling a classic tree, the florets are attached to a central edible white trunk which is firm and tender. https://www.bigbasket.com/cookbook/recipes/2144/cauliflower-cheese-pancakes/   With a texture of crispness and juiciness the moment you take the first bite, cabbages are sweet and grassy flavoured with dense and smooth leafy layers. Do not forget to check our delicious recipe - https://www.bigbasket.com/cookbook/recipes/710/cabbage-chowder/",1209679,https://www.bigbasket.com/media/uploads/p/l/1209679_1-fresho-brinjal-bottle-shape-500-g-cauliflower-1-pc-cabbage-1-pc.jpg
, FRUITS & VEGETABLES , FRESH VEGETABLES ," BEANS, BRINJALS & OKRA "," FRESHO Brinjal Purple, Long 500 g + Ridge Gourd 500 g + Cabbage 1 pc",Fresho,1209681,https://www.bigbasket.com/pd/1209681/fresho-brinjal-purple-long-500-g-ridge-gourd-500-g-cabbage-1-pc-combo/,"Fresho Brinjal Purple, Long 500 g + Ridge Gourd 500 g + Cabbage 1 pc, Combo 3 Items",113.75,,,Combo,veg,https://www.bigbasket.com/media/uploads/p/mm/1209681_1-fresho-brinjal-purple-long-500-g-ridge-gourd-500-g-cabbage-1-pc.jpg,"This combo contains Fresho Brinjal - Purple, Long 500 g + Fresho Ridge Gourd 500 g + Fresho Cabbage 1 pc (approx. 500 g to 800 gm). These elongated, purple coloured and glossy skinned brinjals have white/cream flesh with a meaty texture, are slightly bitter in taste and contain many edible seeds. Do not forget to check our delicious recipe - https://www.bigbasket.com/cookbook/recipes/626/bagara-baingan/   Ridge Gourds are long vegetables with a ridged dark green skin and white spongy flesh that contains numerous seeds inside. They are rich in fibre and very prominent in Indian cooking. Do not forget to check our delicious recipe - https://www.bigbasket.com/cookbook/recipes/1347/narkel-diye-jhinge-ridge-gourd-subzi-with-coconut/   With a texture of crispness and juiciness the moment you take the first bite, cabbages are sweet and grassy flavoured with dense and smooth leafy layers. Do not forget to check our delicious recipe - https://www.bigbasket.com/cookbook/recipes/710/cabbage-chowder/  ",1209681,https://www.bigbasket.com/media/uploads/p/l/1209681_1-fresho-brinjal-purple-long-500-g-ridge-gourd-500-g-cabbage-1-pc.jpg
, FRUITS & VEGETABLES , FRESH VEGETABLES ," BEANS, BRINJALS & OKRA "," FRESHO Brinjal - Purple, Long",Fresho,20000706,https://www.bigbasket.com/pd/20000706/fresho-brinjal-purple-long-500-g/,"Fresho Brinjal - Purple, Long, 500 g",50,,,500 g,veg,https://www.bigbasket.com/media/uploads/p/mm/20000706_9-fresho-brinjal-purple-long.jpg,"These elongated, purple coloured and glossy skinned brinjals have white/cream flesh with a meaty texture, are slightly bitter in taste and contain many edible seeds. Do not forget to check our delicious recipe - https://www.bigbasket.com/cookbook/recipes/626/bagara-baingan/",20000706,"https://www.bigbasket.com/media/uploads/p/l/20000706_9-fresho-brinjal-purple-long.jpg"""
, FRUITS & VEGETABLES , EXOTIC FRUITS & VEGGIES , EXOTIC FRUITS , FRESHO Grapes - Bangalore Blue with Seed,Fresho,20000707,https://www.bigbasket.com/pd/20000707/fresho-grapes-bangalore-blue-with-seed-500-g/,"Fresho Grapes - Bangalore Blue with Seed, 500 g",43.75,Rs 35,20%,500 g,veg,https://www.bigbasket.com/media/uploads/p/mm/20000707_12-fresho-grapes-bangalore-blue-with-seed.jpg,"Exclusively grown in Chikkaballapur, Bangalore Urban and Kolar districts, these soft skinned Fresho black blue grapes have a foxy flavour and a brisky pungent taste. We have neatly packed the best quality grapes to make your day fresh and healthy. Do not forget to check our delicious fruit recipe - https://www.bigbasket.com/cookbook/recipes/2096/fruits-mithai-and-cheese-masti/",20000707,"https://www.bigbasket.com/media/uploads/p/l/20000707_12-fresho-grapes-bangalore-blue-with-seed.jpg"""
, FRUITS & VEGETABLES , FRESH FRUITS , SEASONAL FRUITS ," FRESHO Dates - Kimia, with Seed",Fresho,20000727,https://www.bigbasket.com/pd/20000727/fresho-dates-kimia-with-seed-1-pc/,"Fresho Dates - Kimia, with Seed, 1 pc (Approx. 400g - 500g)",272.5,Rs 218,20%,1 pc,veg,https://www.bigbasket.com/media/uploads/p/mm/20000727_10-fresho-dates-kimia-with-seed.jpg,"Plump and fibrous, brownish-black coloured oval dates taste like honey and just melt in the mouth. Taiba dates are fleshy which are rich source of iron and a healthy snack. Do not forget to check our delicious fruit recipe - https://www.bigbasket.com/cookbook/recipes/896/dates-barfi/",20000727,"https://www.bigbasket.com/media/uploads/p/l/20000727_10-fresho-dates-kimia-with-seed.jpg"""
, FRUITS & VEGETABLES , FRESH VEGETABLES ," GOURD, PUMPKIN, DRUMSTICK ", FRESHO Bitter Gourd - Forest,Fresho,20000729,https://www.bigbasket.com/pd/20000729/fresho-bitter-gourd-forest-500-g/,"Fresho Bitter Gourd - Forest, 500 g",41.25,Rs 33,20%,500 g,veg,https://www.bigbasket.com/media/uploads/p/mm/20000729_11-fresho-bitter-gourd-forest.jpg,"The most bitter among all fruits, bitter gourds come with a rough, bumpy and green skin. The off-white translucent flesh tastes crispy with the combination of the bitter seeds that are present inside. Do not forget to check our delicious recipe - https://www.bigbasket.com/cookbook/recipes/129/masala-bharwan-karela/",20000729,"https://www.bigbasket.com/media/uploads/p/l/20000729_11-fresho-bitter-gourd-forest.jpg"""
, FRUITS & VEGETABLES , FRESH FRUITS ," BANANA, SAPOTA & PAPAYA ", FRESHO Banana - Raw Green,Fresho,20000737,https://www.bigbasket.com/pd/20000737/fresho-banana-raw-green-1-pc/,"Fresho Banana - Raw Green, 1 pc",11.25,Rs 9,20%,1 pc,veg,https://www.bigbasket.com/media/uploads/p/mm/20000737_11-fresho-banana-raw-green.jpg,"Raw bananas are unripened bananas with a tough, green skin. Their flesh is white, dense and has a starchy-tart flavour. We selectively pick organically grown raw green bananas from the best farms. Do not forget to check our delicious fruit recipe - https://www.bigbasket.com/cookbook/recipes/786/raw-banana-kofta/",20000737,"https://www.bigbasket.com/media/uploads/p/l/20000737_11-fresho-banana-raw-green.jpg"""
, FRUITS & VEGETABLES , FRESH FRUITS ," KIWI, MELON, CITRUS FRUIT ", FRESHO Kiwi - Green,Fresho,20000911,https://www.bigbasket.com/pd/20000911/fresho-kiwi-green-3-pcs/,"Fresho Kiwi - Green, 3 pcs",67.5,Rs 54,20%,3 pcs,veg,https://www.bigbasket.com/media/uploads/p/mm/20000911_28-fresho-kiwi-green.jpg,"Kiwis are oval shaped with a brownish outer skin. The flesh is bright green and juicy with tiny, edible black seeds. With its distinct sweet-sour taste and a pleasant smell, it tastes like strawberry and honeydew melon. Do not forget to check our delicious fruit recipe - https://www.bigbasket.com/cookbook/recipes/1010/lean-green-smoothie/ Also try this simple method to ripen and enjoy your juicy kiwi fruit.",20000911,"https://www.bigbasket.com/media/uploads/p/l/20000911_28-fresho-kiwi-green.jpg"""
, FRUITS & VEGETABLES , FRESH VEGETABLES , LEAFY VEGETABLES , FRESHO Palak/Spinach,Fresho,20000979,https://www.bigbasket.com/pd/20000979/fresho-palak-250-g/,"Fresho Palak/Spinach, 250 g",25,Rs 20,20%,250 g,veg,https://www.bigbasket.com/media/uploads/p/mm/20000979_10-fresho-palak.jpg,"With a sweet, nutty and tangent flavour, Palaks are green leafy vegetables that are succulent and spoon shaped. Do not forget to check our delicious recipe - https://www.bigbasket.com/cookbook/recipes/2235/green-detox-smoothie/",20000979,https://www.bigbasket.com/media/uploads/p/l/20000979_10-fresho-palak.jpg
, FRUITS & VEGETABLES , FRESH FRUITS , SEASONAL FRUITS , FRESHO Apricot - Dried,Fresho,20001095,https://www.bigbasket.com/pd/20001095/fresho-apricot-dried-200-g/,"Fresho Apricot - Dried, 200 g",173.75,Rs 139,20%,200 g,veg,https://www.bigbasket.com/media/uploads/p/mm/20001095_13-fresho-apricot-dried.jpg,"Dried apricots contain a strong sweet-sour flavour and are high in fibre. They create an outstanding substitute for clean apricots out of season. A ripe apricot contains a mellow taste, sweet with a hint of acid, but usually not extremely acidic. It is rich in normal sugar, calcium, vitamin C, vitamin B complex, riboflavin, vitamin A and niacin. Product image shown is for representation purpose only, the actually product may vary based on season, produce & availability. Click here for delicious fruit recipes - https://www.bigbasket.com/flavors/collections/228/fresh-fruits/",20001095,"https://www.bigbasket.com/media/uploads/p/l/20001095_13-fresho-apricot-dried.jpg"""
, FRUITS & VEGETABLES ," FLOWER BOUQUETS, BUNCHES ", MARIGOLD , FRESHO Chrysanthemum/Shevanti Flower,Fresho,20001184,https://www.bigbasket.com/pd/20001184/fresho-chrysanthemumshevanti-flower-100-g/,"Fresho Chrysanthemum/Shevanti Flower, 100 g",52.5,Rs 42,20%,100 g,,https://www.bigbasket.com/media/uploads/p/mm/20001184_10-fresho-chrysanthemumshevanti-flower.jpg,"Chrysanthemums, also known as 'mums', are considered one of the most beautiful varieties of perennials that starts flowering from early autumn. This is one of the most popular flowers in the month of November. The product image shown is for representation purpose only, the actual product may vary based on season, produce & availability.",20001184,"https://www.bigbasket.com/media/uploads/p/l/20001184_10-fresho-chrysanthemumshevanti-flower.jpg"""
, FRUITS & VEGETABLES ," FLOWER BOUQUETS, BUNCHES ", MARIGOLD , FRESHO Marigold Flower - Orange,Fresho,20001185,https://www.bigbasket.com/pd/20001185/fresho-marigold-flower-orange-100-g/,"Fresho Marigold Flower - Orange, 100 g",11.25,Rs 9,20%,100 g,,https://www.bigbasket.com/media/uploads/p/mm/20001185_10-fresho-marigold-flower-orange.jpg,"Marigolds have daisy-like or twice, carnation-like flower heads and are produced separately or in clusters. Marigolds come in special colours, yellow and orange being the most common. It is used for pooja needs and floral decoration.  Product image shown is for representation purpose only, the actual product may vary based on season, produce & availability.",20001185,"https://www.bigbasket.com/media/uploads/p/l/20001185_10-fresho-marigold-flower-orange.jpg"""
, FRUITS & VEGETABLES ," FLOWER BOUQUETS, BUNCHES ", MARIGOLD , FRESHO Marigold Flower - Yellow,Fresho,20001186,https://www.bigbasket.com/pd/20001186/fresho-marigold-flower-yellow-100-g/,"Fresho Marigold Flower - Yellow, 100 g",18.75,Rs 15,20%,100 g,,https://www.bigbasket.com/media/uploads/p/mm/20001186_11-fresho-marigold-flower-yellow.jpg,"Marigolds have daisy-like or twice, carnation-like flower heads and are produced separately or in clusters. Marigolds come in special colours, yellow and orange being the most common. It is used for pooja needs and floral decoration.  Product image shown is for representation purpose only, the actual product may vary based on season, produce & availability.",20001186,"https://www.bigbasket.com/media/uploads/p/l/20001186_11-fresho-marigold-flower-yellow.jpg"""
, FRUITS & VEGETABLES ," FLOWER BOUQUETS, BUNCHES ", OTHER FLOWERS , FRESHO Banana Leaf,Fresho,20003403,https://www.bigbasket.com/pd/20003403/fresho-banana-leaf-5-pcs/,"Fresho Banana Leaf, 5 pcs",31.25,Rs 25,20%,5 pcs,,https://www.bigbasket.com/media/uploads/p/mm/20003403_3-fresho-banana-leaf.jpg,"Product image shown is for representation purpose only, the actually product may vary based on season, produce & availability.",20003403,https://www.bigbasket.com/media/uploads/p/l/20003403_3-fresho-banana-leaf.jpg
, FRUITS & VEGETABLES , FRESH FRUITS ," KIWI, MELON, CITRUS FRUIT ", FRESHO Baby Orange,Fresho,20003955,https://www.bigbasket.com/pd/20003955/fresho-baby-orange-1-kg/,"Fresho Baby Orange, 1 kg",425,,,1 kg,veg,https://www.bigbasket.com/media/uploads/p/mm/20003955_4-fresho-baby-orange.jpg,"Lovely, bright, reddish, glossy and smooth skinned fruits, these little oranges are a sheer experience. The juiciness and sweetness of the mini oranges are distinctive. These are also simple to peel and section. Do not forget to check our delicious fruit recipe - https://www.bigbasket.com/cookbook/recipes/2315/mango-orange-and-mint-smoothie/",20003955,https://www.bigbasket.com/media/uploads/p/l/20003955_4-fresho-baby-orange.jpg
, FRUITS & VEGETABLES , EXOTIC FRUITS & VEGGIES , EXOTIC FRUITS , FRESHO Fresh Figs,Fresho,30000467,https://www.bigbasket.com/pd/30000467/fresho-fresh-figs-500-g/,"Fresho Fresh Figs, 500 g",71.25,,,500 g,veg,https://www.bigbasket.com/media/uploads/p/mm/30000467_14-fresho-fresh-figs.jpg,"Fresho is our brand of fresh fruits and vegetables which are individually handpicked everyday by our experienced and technically competent buyers. Our buying, storing and packaging processes are tailored to ensure that only the fresh, nutrient dense, healthy and delicious produce reaches your doorstep. We guarantee the quality of all Fresho products. If you're not satisfied with the freshness of the items, you can hand them back to our Customer Experience Executive (CEE) for a full refund. Product image shown is for representation purpose only, the actually product may vary based on season, produce & availability. Click here for delicious fruit recipes - https://www.bigbasket.com/flavors/collections/228/fresh-fruits/",2.00023E+11,"https://www.bigbasket.com/media/uploads/p/l/30000467_14-fresho-fresh-figs.jpg"""
, FRUITS & VEGETABLES , EXOTIC FRUITS & VEGGIES , EXOTIC FRUITS , FRESHO Grapes - Red Globe,Fresho,30000481,https://www.bigbasket.com/pd/30000481/fresho-grapes-red-globe-500-g/,"Fresho Grapes - Red Globe, 500 g",266.25,Rs 213,20%,500 g,veg,https://www.bigbasket.com/media/uploads/p/mm/30000481_21-fresho-grapes-red-globe.jpg,"Ruby-coloured Fresho red globe grapes are uniquely large, round and good quality grapes. They have a crunchy skin, fleshy pulp and a pinkish tinge in colour. The grapes have mild sweetness and taste, but these grapes are not as tangy as flame seedless or as sweet as Thompson seedless. Do not forget to check our delicious fruit recipe - https://www.bigbasket.com/flavors/collections/228/fresh-fruits/",2.00026E+11,"https://www.bigbasket.com/media/uploads/p/l/30000481_21-fresho-grapes-red-globe.jpg"""
, FRUITS & VEGETABLES , FRESH FRUITS ," BANANA, SAPOTA & PAPAYA ", FRESHO Guava - Pink Centre,Fresho,30000491,https://www.bigbasket.com/pd/30000491/fresho-guava-pink-centre-500-g/,"Fresho Guava - Pink Centre, 500 g",56.25,,,500 g,veg,https://www.bigbasket.com/media/uploads/p/mm/30000491_11-fresho-guava-pink-centre.jpg,"With more water content, less sugar and less starch content compared to that of green ones, pink fleshed guavas give a good feel when taken as a drink. Do not forget to check our delicious fruit recipe - https://www.bigbasket.com/cookbook/recipes/802/fruit-salad-trifle/",30000491,"https://www.bigbasket.com/media/uploads/p/l/30000491_11-fresho-guava-pink-centre.jpg"""
, FRUITS & VEGETABLES , EXOTIC FRUITS & VEGGIES , EXOTIC FRUITS , FRESHO Passion Fruit,Fresho,30000543,https://www.bigbasket.com/pd/30000543/fresho-passion-fruit-500-g/,"Fresho Passion Fruit, 500 g",138.75,,,500 g,veg,https://www.bigbasket.com/media/uploads/p/mm/30000543_15-fresho-passion-fruit.jpg,"Fresho is our brand of fresh fruits and vegetables which are individually handpicked everyday by our experienced and technically competent buyers. Our buying, storing and packaging processes are tailored to ensure that only the fresh, nutrient dense, healthy and delicious produce reaches your doorstep. We guarantee the quality of all Fresho products. If you're not satisfied with the freshness of the items, you can hand them back to our Customer Experience Executive (CEE) for a full refund. Product image shown is for representation purpose only, the actually product may vary based on season, produce & availability. Click here for delicious fruit recipes - https://www.bigbasket.com/flavors/collections/228/fresh-fruits/",30000543,"https://www.bigbasket.com/media/uploads/p/l/30000543_15-fresho-passion-fruit.jpg"""
, FRUITS & VEGETABLES , ORGANIC FRUITS & VEGETABLES , ORGANIC VEGETABLES , FRESHO Aloe Vera - Organically grown,Fresho,30001293,https://www.bigbasket.com/pd/30001293/fresho-aloe-vera-organically-grown-1-pc/,"Fresho Aloe Vera - Organically grown, 1 pc",56.25,Rs 45,20%,1 pc,veg,https://www.bigbasket.com/media/uploads/p/mm/30001293_19-fresho-aloe-vera-organically-grown.jpg,"Product image shown is for representation purpose only, the actually product may vary based on season, produce & availability.",30001293,"https://www.bigbasket.com/media/uploads/p/l/30001293_19-fresho-aloe-vera-organically-grown.jpg"""
, FRUITS & VEGETABLES , FRESH FRUITS ," KIWI, MELON, CITRUS FRUIT ", FRESHO Grape Fruit - Indian,Fresho,30005030,https://www.bigbasket.com/pd/30005030/fresho-grape-fruit-indian-1-pc/,"Fresho Grape Fruit - Indian, 1 pc 300gm-500gm",93.75,Rs 75,20%,1 pc,veg,https://www.bigbasket.com/media/uploads/p/mm/30005030_9-fresho-grape-fruit-indian.jpg,Grapefruits are oblate fruits with yellow or pink-yellow thick skin with tart and tangy flavour but sweet.,30005030,https://www.bigbasket.com/media/uploads/p/l/30005030_9-fresho-grape-fruit-indian.jpg
, FRUITS & VEGETABLES , FRESH FRUITS , SEASONAL FRUITS , FRESHO Kiwi - Dried,Fresho,30006386,https://www.bigbasket.com/pd/30006386/fresho-kiwi-dried-200-g/,"Fresho Kiwi - Dried, 200 g",218.75,Rs 175,20%,200 g,veg,https://www.bigbasket.com/media/uploads/p/mm/30006386_3-fresho-kiwi-dried.jpg,"Kiwis are oval shaped with a brownish outer skin. The flesh is bright green and juicy with tiny, edible black seeds. With its distinct sweet-sour taste and a pleasant smell, it tastes like strawberry and honeydew melon. Do not forget to check our delicious fruit recipe - https://www.bigbasket.com/cookbook/recipes/1010/lean-green-smoothie/",30006386,https://www.bigbasket.com/media/uploads/p/l/30006386_3-fresho-kiwi-dried.jpg
, FRUITS & VEGETABLES , EXOTIC FRUITS & VEGGIES , EXOTIC FRUITS , FRESHO Blueberry,Fresho,30009286,https://www.bigbasket.com/pd/30009286/fresho-blueberry-125-g/,"Fresho Blueberry, 125 g",311.25,Rs 249,20%,125 g,veg,https://www.bigbasket.com/media/uploads/p/mm/30009286_7-fresho-blueberry.jpg,"Plump, smooth-skinned and indigo coloured perfect little globes of juicy berries have mostly sweet and slightly tart flavour. We have imported this fine quality, delicious tasting variety of blueberries. Do not forget to check our delicious fruit recipe - https://www.bigbasket.com/cookbook/recipes/564/blueberry-mousse/",30009286,https://www.bigbasket.com/media/uploads/p/l/30009286_7-fresho-blueberry.jpg
, FRUITS & VEGETABLES , EXOTIC FRUITS & VEGGIES , EXOTIC FRUITS , FRESHO Ber - Large,Fresho,30009445,https://www.bigbasket.com/pd/30009445/fresho-ber-large-250-g/,"Fresho Ber - Large, 250 g",23.75,Rs 19,20%,250 g,veg,https://www.bigbasket.com/media/uploads/p/mm/30009445_2-fresho-ber-large.jpg,"It IsÃƒÆ’Ã¢‚¬Å¡Ãƒ€š Also Known AsÃƒÆ’Ã¢‚¬Å¡Ãƒ€š Chinee Apple,ÃƒÆ’Ã¢‚¬Å¡Ãƒ€š Jujube,ÃƒÆ’Ã¢‚¬Å¡Ãƒ€š Indian PlumÃƒÆ’Ã¢‚¬Å¡Ãƒ€š AndÃƒÆ’Ã¢‚¬Å¡Ãƒ€š Masau Product image shown is for representation purpose only, the actually product may vary based on season, produce & availability.",3000944599,https://www.bigbasket.com/media/uploads/p/l/30009445_2-fresho-ber-large.jpg
, FRUITS & VEGETABLES , EXOTIC FRUITS & VEGGIES , EXOTIC FRUITS , FRESHO Tamarind - Sweet,Fresho,40004344,https://www.bigbasket.com/pd/40004344/fresho-tamarind-sweet-225-g/,"Fresho Tamarind - Sweet, 225 g",123.75,Rs 99,20%,225 g,veg,https://www.bigbasket.com/media/uploads/p/mm/40004344_17-fresho-tamarind-sweet.jpg,"Sweet tamarind is bean shaped with brown to clay coloured skin. Flesh inside the pod is tender, succulent and sweet. Do not forget to check our delicious fruit recipe - https://www.bigbasket.com/cookbook/recipes/642/dahi-vada/",40004344,"https://www.bigbasket.com/media/uploads/p/l/40004344_17-fresho-tamarind-sweet.jpg"""
, FRUITS & VEGETABLES , FRESH VEGETABLES , ROOT VEGETABLES , FRESHO Radish - Red,Fresho,40004386,https://www.bigbasket.com/pd/40004386/fresho-radish-red-500-g/,"Fresho Radish - Red, 500 g",31.25,,,500 g,veg,https://www.bigbasket.com/media/uploads/p/mm/40004386_12-fresho-radish-red.jpg,"Pinkish to red and cylindrical-shaped, red radishes taper to a white flesh. These juicy, crispy radishes come with a tinge of spiciness.",40004386,"https://www.bigbasket.com/media/uploads/p/l/40004386_12-fresho-radish-red.jpg"""
, FRUITS & VEGETABLES , EXOTIC FRUITS & VEGGIES , EXOTIC VEGETABLES , FRESHO Sweet Corn,Fresho,40004992,https://www.bigbasket.com/pd/40004992/fresho-sweet-corn-2-pcs/,"Fresho Sweet Corn, 2 pcs",56.25,Rs 45,20%,2 pcs,veg,https://www.bigbasket.com/media/uploads/p/mm/40004992_14-fresho-sweet-corn.jpg,"Wrapped in lime coloured husks with silk, sweet corn contains numerous yellow succulent kernels that have a starchy and doughy consistency. The skin pops out as you bite into it. Do not forget to check out our delicious recipe- https://www.bigbasket.com/cookbook/recipes/132/sweet-corn-soup/",40004992,"https://www.bigbasket.com/media/uploads/p/l/40004992_14-fresho-sweet-corn.jpg"""
, FRUITS & VEGETABLES , CUTS & SPROUTS , CUT & PEELED VEGGIES , FRESHO Beans - Julienne,Fresho,40005769,https://www.bigbasket.com/pd/40005769/fresho-beans-julienne-200-g/,"Fresho Beans - Julienne, 200 g",22.5,Rs 18,20%,200 g,veg,https://www.bigbasket.com/media/uploads/p/mm/40005769_6-fresho-beans-julienne.jpg,"We deliver these fresh beans in julienne cut, making your preparations less messy and much easy because we value your time!",40005769,https://www.bigbasket.com/media/uploads/p/l/40005769_6-fresho-beans-julienne.jpg
, FRUITS & VEGETABLES , CUTS & SPROUTS , CUT & PEELED VEGGIES , FRESHO Carrots - Diced,Fresho,40005784,https://www.bigbasket.com/pd/40005784/fresho-carrots-diced-200-g/,"Fresho Carrots - Diced, 200 g",42.5,Rs 34,20%,200 g,veg,https://www.bigbasket.com/media/uploads/p/mm/40005784_6-fresho-carrots-diced.jpg,"A popular sweet-tasting root vegetable, Carrots are long, narrow and cone shaped. They have thick, fleshy, deeply coloured root, which grows underground, with feathery green leaves that emerge above the ground. While these greens are fresh tasting and slightly bitter, the carrot roots are crunchy textured with a sweet and minty aromatic taste. We deliver these carrots freshly diced, making your preparations much easier and quicker because we value your time!",40005784,https://www.bigbasket.com/media/uploads/p/l/40005784_6-fresho-carrots-diced.jpg
, FRUITS & VEGETABLES , CUTS & SPROUTS , CUT & PEELED VEGGIES ," FRESHO Cut Cauliflower, Washed",Fresho,40005790,https://www.bigbasket.com/pd/40005790/fresho-cut-cauliflower-washed-300-g/,"Fresho Cut Cauliflower, Washed, 300 g",61.25,Rs 49,20%,300 g,veg,https://www.bigbasket.com/media/uploads/p/mm/40005790_8-fresho-cut-cauliflower-washed.jpg,"Fresho provides you clusters of soft, crumbly, sweet cauliflower florets that will help reduce your effort in separating them",40005790,https://www.bigbasket.com/media/uploads/p/l/40005790_8-fresho-cut-cauliflower-washed.jpg
, FRUITS & VEGETABLES , CUTS & SPROUTS , CUT & PEELED VEGGIES , FRESHO Coriander Leaves - Chopped,Fresho,40005796,https://www.bigbasket.com/pd/40005796/fresho-coriander-leaves-chopped-100-g/,"Fresho Coriander Leaves - Chopped, 100 g",16.25,Rs 13,20%,100 g,veg,https://www.bigbasket.com/media/uploads/p/mm/40005796_8-fresho-coriander-leaves-chopped.jpg,"Coriander leaves are green, fragile with a decorative appearance, minimal aroma and spicy sweet taste. Now do not bother wasting time cutting off the roots and chopping. We value your money and time and provide the freshest leafy edible parts.",40005796,"https://www.bigbasket.com/media/uploads/p/l/40005796_8-fresho-coriander-leaves-chopped.jpg"""
, FRUITS & VEGETABLES , CUTS & SPROUTS , CUT & PEELED VEGGIES , FRESHO Coccinia - Sliced,Fresho,40005807,https://www.bigbasket.com/pd/40005807/fresho-coccinia-sliced-200-g/,"Fresho Coccinia - Sliced, 200 g",23.75,Rs 19,20%,200 g,veg,https://www.bigbasket.com/media/uploads/p/mm/40005807_18-fresho-coccinia-sliced.jpg,"The flesh of Coccinia is crunchy with a mild bitter after taste. Mature ones taste even sweeter. The translucent white flesh with seeds embedded turns red on ripening. They are oval to elongated with thick and light green skin. We deliver them fresh and diced, making your preparations much easier and quicker because we value your time!",4000580799,https://www.bigbasket.com/media/uploads/p/l/40005807_18-fresho-coccinia-sliced.jpg
, FRUITS & VEGETABLES , CUTS & SPROUTS , CUT & PEELED VEGGIES , FRESHO Sambar Onion - Peeled,Fresho,40005819,https://www.bigbasket.com/pd/40005819/fresho-sambar-onion-peeled-200-g/,"Fresho Sambar Onion - Peeled, 200 g",61.25,,,200 g,veg,https://www.bigbasket.com/media/uploads/p/mm/40005819_5-fresho-sambar-onion-peeled.jpg,"Also known as button onions, Sambar Onions are relatively smaller onions with mild flavour and slightly sweet taste. Fresho delivers at your doorstep freshly peeled sambar onions, making your preparations much easier and quicker because we value your time!",40005819,https://www.bigbasket.com/media/uploads/p/l/40005819_5-fresho-sambar-onion-peeled.jpg
, FRUITS & VEGETABLES , CUTS & SPROUTS ," CUT FRUIT, TENDER COCONUT ", FRESHO Pomegranate - Peeled,Fresho,40005823,https://www.bigbasket.com/pd/40005823/fresho-pomegranate-peeled-200-g/,"Fresho Pomegranate - Peeled, 200 g",87.5,Rs 70,20%,200 g,veg,https://www.bigbasket.com/media/uploads/p/mm/40005823_7-fresho-pomegranate-peeled.jpg,"We've eliminated the messy step of removing the peel of pomegranate. Savour the luscious seeds without any effort through Fresho's pomegranates. With ruby color and an intense, floral, sweet-tart flavour, the pomegranate delivers both taste and beauty. Do not forget to check our delicious fruit recipe - https://www.bigbasket.com/cookbook/recipes/1229/pomegranate-cooler/",40005823,https://www.bigbasket.com/media/uploads/p/l/40005823_7-fresho-pomegranate-peeled.jpg
, FRUITS & VEGETABLES , CUTS & SPROUTS , CUT & PEELED VEGGIES ," FRESHO Banana - Raw, Diced",Fresho,40005827,https://www.bigbasket.com/pd/40005827/fresho-banana-raw-diced-200-g/,"Fresho Banana - Raw, Diced, 200 g",25,Rs 20,20%,200 g,veg,https://www.bigbasket.com/media/uploads/p/mm/40005827_5-fresho-banana-raw-diced.jpg,"Relish the firm, Fresho raw bananas uniformly diced pack for its rich starchy texture in many Indian dishes. Raw bananas are unripened bananas with tough, green skin. Their flesh is white, dense and has a starchy-tart flavour. Fresho raw bananas are graded and sorted by our experts and best quality is delivered. Do not forget to check our delicious fruit recipe - https://www.bigbasket.com/cookbook/recipes/678/kele-ka-kabab/",40005827,https://www.bigbasket.com/media/uploads/p/l/40005827_5-fresho-banana-raw-diced.jpg
, FRUITS & VEGETABLES , CUTS & SPROUTS , CUT & PEELED VEGGIES ," FRESHO Banana - Raw, Sliced",Fresho,40005829,https://www.bigbasket.com/pd/40005829/fresho-banana-raw-sliced-200-g/,"Fresho Banana - Raw, Sliced, 200 g",32.5,Rs 26,20%,200 g,veg,https://www.bigbasket.com/media/uploads/p/mm/40005829_5-fresho-banana-raw-sliced.jpg,"Relish the firm, Fresho raw bananas uniformly sliced pack for its rich starchy texture in many Indian dishes. Raw bananas are unripened bananas with tough, green skin. Their flesh is white, dense and has a starchy-tart flavour. Fresho raw bananas are graded and sorted by our experts and best quality is delivered. Do not forget to check our delicious fruit recipe - https://www.bigbasket.com/cookbook/recipes/678/kele-ka-kabab/",40005829,https://www.bigbasket.com/media/uploads/p/l/40005829_5-fresho-banana-raw-sliced.jpg
, FRUITS & VEGETABLES , CUTS & SPROUTS , CUT & PEELED VEGGIES , FRESHO Red Onion Skinned - Peeled,Fresho,40005834,https://www.bigbasket.com/pd/40005834/fresho-red-onion-skinned-peeled-1-kg/,"Fresho Red Onion Skinned - Peeled, 1 kg",208.75,Rs 167,20%,1 kg,veg,https://www.bigbasket.com/media/uploads/p/mm/40005834_4-fresho-red-onion-skinned-peeled.jpg,"Red onions, also known as Spanish onions, contain plenty of healthy essential nutrients as well as phytochemicals that provide long-term health benefits. Including red onions in your daily diet may help reduce your risk of chronic disease. Pungent yet flavorful, red onions can be enjoyed in salads, sliced for use on sandwiches or cooked into soups or other dishes.CFTRI technology is used for shelf life extension. Veggies will not be spoiled 4 days from the date of packing. Product image shown is for representation purpose only, the actually product may vary based on season, produce & availability.",40005834,https://www.bigbasket.com/media/uploads/p/l/40005834_4-fresho-red-onion-skinned-peeled.jpg
, FRUITS & VEGETABLES , CUTS & SPROUTS , CUT & PEELED VEGGIES , FRESHO Yam - Sliced,Fresho,40005848,https://www.bigbasket.com/pd/40005848/fresho-yam-sliced-200-g/,"Fresho Yam - Sliced, 200 g",27.5,Rs 22,20%,200 g,veg,https://www.bigbasket.com/media/uploads/p/mm/40005848_5-fresho-yam-sliced.jpg,Fresho brings sliced yams to your doorstep. Now roast or boil them in a jiffy and make a meal appear on the table in a flash. Do not forget to check out our delicious recipe- https://www.bigbasket.com/cookbook/recipes/779/sindhi-kadhi/,40005848,https://www.bigbasket.com/media/uploads/p/l/40005848_5-fresho-yam-sliced.jpg
, FRUITS & VEGETABLES , EXOTIC FRUITS & VEGGIES , EXOTIC FRUITS , FRESHO Dragon Fruit,Fresho,40008982,https://www.bigbasket.com/pd/40008982/fresho-dragon-fruit-1-pc/,"Fresho Dragon Fruit, 1 pc 220-350g",143.75,Rs 115,20%,1 pc,veg,https://www.bigbasket.com/media/uploads/p/mm/40008982_15-fresho-dragon-fruit.jpg,"Dragon fruits are oval to oblong in shape and size, with pink peel and green scale-like leaves. It is named after its resemblance to dragon scales. White flesh is dotted with black, tiny edible seeds. It has juicy and spongy flesh with sweet flavour and a hint of sourness. Fresho dragon fruits are sourced from Thailand. Do not forget to check our delicious fruit recipe - https://www.bigbasket.com/cookbook/recipes/2082/dragon-fruit-juice/",40008982,"https://www.bigbasket.com/media/uploads/p/l/40008982_15-fresho-dragon-fruit.jpg"""
, FRUITS & VEGETABLES , CUTS & SPROUTS , CUT & PEELED VEGGIES , FRESHO Garlic - Peeled,Fresho,40010687,https://www.bigbasket.com/pd/40010687/fresho-garlic-peeled-100-g/,"Fresho Garlic - Peeled, 100 g",86.25,Rs 69,20%,100 g,veg,https://www.bigbasket.com/media/uploads/p/mm/40010687_4-fresho-garlic-peeled.jpg,Fresho provides you peeled garlic for your convenience and ease. Do not forget to check out our delicious recipe- https://www.bigbasket.com/cookbook/recipes/1120/garlic-herb-croutons/,40010687,https://www.bigbasket.com/media/uploads/p/l/40010687_4-fresho-garlic-peeled.jpg
, FRUITS & VEGETABLES , EXOTIC FRUITS & VEGGIES , EXOTIC VEGETABLES , FRESHO Lettuce - Romaine,Fresho,40016096,https://www.bigbasket.com/pd/40016096/fresho-lettuce-romaine-100-to-150-gm/,"Fresho Lettuce - Romaine, 100 to 150 gm",22.5,Rs 18,20%,100 to 150 gm,veg,https://www.bigbasket.com/media/uploads/p/mm/40016096_2-fresho-lettuce-romaine.jpg,"Romaine lettuce has long, deep green leaves with a crisp texture and a strong, but not bitter taste. They are packed with various nutrients suck as essential vitamins and minerals.",40016096,"https://www.bigbasket.com/media/uploads/p/l/40016096_2-fresho-lettuce-romaine.jpg"""
, FRUITS & VEGETABLES , ORGANIC FRUITS & VEGETABLES , ORGANIC VEGETABLES , FRESHO Fresh Turmeric - Organically Grown,Fresho,40020581,https://www.bigbasket.com/pd/40020581/fresho-fresh-turmeric-organically-grown-250-g/,"Fresho Fresh Turmeric - Organically Grown, 250 g",20,Rs 16,20%,250 g,veg,https://www.bigbasket.com/media/uploads/p/mm/40020581_2-fresho-fresh-turmeric-organically-grown.jpg,"The best thing about Fresho fresh turmeric is that is pleasantly mild and does not have any sharp taste. The fresh turmeric has a lighter shade of colour than common turmeric. This looks quite similar to ginger, but the taste is earthy and peppery. The fresh turmeric root can be used to lend a yellowish-orange colour to soups or smoothies.",40020581,https://www.bigbasket.com/media/uploads/p/l/40020581_2-fresho-fresh-turmeric-organically-grown.jpg
, FRUITS & VEGETABLES , ORGANIC FRUITS & VEGETABLES , ORGANIC VEGETABLES , FRESHO Neem Giloy (Amruta Balli) - Organically Grown,Fresho,40020933,https://www.bigbasket.com/pd/40020933/fresho-neem-giloy-amruta-balli-organically-grown-100-g/,"Fresho Neem Giloy (Amruta Balli) - Organically Grown, 100 g",21.25,,,100 g,veg,https://www.bigbasket.com/media/uploads/p/mm/40020933_4-fresho-neem-giloy-amruta-balli-organically-grown.jpg,"Giloy or Guduchi, also known as Amruta balli, is an ayurvedic natural herb, used in several Ayurvedic medicinal preparations. When combined with different types of herbs, it is known to produce alleviating effects on the various doshas defined in Ayurveda. This makes it a very versatile and powerful herb. The bark of Giloy looks greyish brown or creamy white in colour. It often grows on its own, found clinging to huge trees, especially mango and neem. It is generally known to improve the immune system, thereby protecting against infections. Product image shown is for representation purpose only, the actually product may vary based on season, produce & availability.",40020933,https://www.bigbasket.com/media/uploads/p/l/40020933_4-fresho-neem-giloy-amruta-balli-organically-grown.jpg
, FRUITS & VEGETABLES , CUTS & SPROUTS , CUT & PEELED VEGGIES , FRESHO Cut - Mushroom,Fresho,40021066,https://www.bigbasket.com/pd/40021066/fresho-cut-mushroom-100-g/,"Fresho Cut - Mushroom, 100 g",56.25,Rs 45,20%,100 g,veg,https://www.bigbasket.com/media/uploads/p/mm/40021066_4-fresho-cut-mushroom.jpg,"A mushroom is the fleshy, spore-bearing fruiting body of a fungus, typically produced above ground on soil. Fresho mushrooms are widely cultivated edible ones which are treated as vegetables. Product image shown is for representation purpose only, the actual product may vary based on season, produce & availability.",40021066,https://www.bigbasket.com/media/uploads/p/l/40021066_4-fresho-cut-mushroom.jpg
, FRUITS & VEGETABLES , FRESH VEGETABLES ," POTATO, ONION & TOMATO ", FRESHO Ooty Potato - Medium,Fresho,40021628,https://www.bigbasket.com/pd/40021628/fresho-ooty-potato-medium-1-kg/,"Fresho Ooty Potato - Medium, 1 kg",93.75,Rs 75,20%,1 kg,veg,https://www.bigbasket.com/media/uploads/p/mm/40021628_2-fresho-ooty-potato-medium.jpg,"Whether mashed, baked or roasted, people often consider potatoes as comfort food. It is an important food staple and the number one vegetable crop in the world. Potatoes are available year-round as they are harvested somewhere every month of the year. Product image shown is for representation purpose only, the actual product may vary based on season, produce & availability. Click here for delicious vegetable recipes -",40021628,https://www.bigbasket.com/media/uploads/p/l/40021628_2-fresho-ooty-potato-medium.jpg
, FRUITS & VEGETABLES , ORGANIC FRUITS & VEGETABLES , ORGANIC VEGETABLES , FRESHO Beetroot - Organically Grown,Fresho,40022635,https://www.bigbasket.com/pd/40022635/fresho-beetroot-organically-grown-500-g/,"Fresho Beetroot - Organically Grown, 500 g",37.5,,,500 g,veg,https://www.bigbasket.com/media/uploads/p/mm/40022635_4-fresho-beetroot-organically-grown.jpg,"It Is Organically Grown And Handpicked From Farm Product image shown is for representation purpose only, the actually product may vary based on season, produce & availability.",40022635,"https://www.bigbasket.com/media/uploads/p/l/40022635_4-fresho-beetroot-organically-grown.jpg"""
, FRUITS & VEGETABLES , ORGANIC FRUITS & VEGETABLES , ORGANIC VEGETABLES ," FRESHO Tomato - Local, Organically Grown",Fresho,40022638,https://www.bigbasket.com/pd/40022638/fresho-tomato-local-organically-grown-500-g/,"Fresho Tomato - Local, Organically Grown, 500 g",21.25,Rs 17,20%,500 g,veg,https://www.bigbasket.com/media/uploads/p/mm/40022638_3-fresho-tomato-local-organically-grown.jpg,"Fresho brings to you an exquisite range of locally grown organic tomatoes, which are now available at bigbasket. These organic tomatoes are free from harmful pesticides and insecticides and thus have a very natural and tangy taste, which is attributed to its healthy soil growth. The ripe and firm tomatoes are a luscious addition to any meal.",40022638,"https://www.bigbasket.com/media/uploads/p/l/40022638_3-fresho-tomato-local-organically-grown.jpg"""
, FRUITS & VEGETABLES , ORGANIC FRUITS & VEGETABLES , ORGANIC VEGETABLES , FRESHO Cucumber - Organically Grown,Fresho,40022639,https://www.bigbasket.com/pd/40022639/fresho-cucumber-organically-grown-500-g/,"Fresho Cucumber - Organically Grown, 500 g",12.5,,,500 g,veg,https://www.bigbasket.com/media/uploads/p/mm/40022639_4-fresho-cucumber-organically-grown.jpg,"It Is Organically Grown And Handpicked From Farm Product image shown is for representation purpose only, the actually product may vary based on season, produce & availability.",40022639,"https://www.bigbasket.com/media/uploads/p/l/40022639_4-fresho-cucumber-organically-grown.jpg"""
, FRUITS & VEGETABLES , ORGANIC FRUITS & VEGETABLES , ORGANIC FRUITS , FRESHO Sapota - Organically Grown,Fresho,40022646,https://www.bigbasket.com/pd/40022646/fresho-sapota-organically-grown-500-g/,"Fresho Sapota - Organically Grown, 500 g",50,,,500 g,veg,https://www.bigbasket.com/media/uploads/p/mm/40022646_4-fresho-sapota-organically-grown.jpg,"Brown skinned sapotas are smooth to grainy textured, musky-scented and deliciously sweet in taste. The flesh generally contains 2-3 large and inedible black seeds. Fresho sapotas are freshly plucked by our farmers who grow it organically and the best quality is delivered to you. Do not forget to check our delicious fruit recipe - https://www.bigbasket.com/cookbook/recipes/1232/summer-fruit-salad/",40022646,"https://www.bigbasket.com/media/uploads/p/l/40022646_4-fresho-sapota-organically-grown.jpg"""
, FRUITS & VEGETABLES , ORGANIC FRUITS & VEGETABLES , ORGANIC VEGETABLES , FRESHO Ladies Finger - Organically Grown,Fresho,40023470,https://www.bigbasket.com/pd/40023470/fresho-ladies-finger-organically-grown-500-g/,"Fresho Ladies Finger - Organically Grown, 500 g",40,,,500 g,veg,https://www.bigbasket.com/media/uploads/p/mm/40023470_3-fresho-ladies-finger-organically-grown.jpg,"It is organically grown and handpicked from farm Product image shown is for representation purpose only, the actually product may vary based on season, produce & availability.",40023470,https://www.bigbasket.com/media/uploads/p/l/40023470_3-fresho-ladies-finger-organically-grown.jpg
, FRUITS & VEGETABLES , ORGANIC FRUITS & VEGETABLES , ORGANIC FRUITS , FRESHO Coconut - Organically Grown,Fresho,40023478,https://www.bigbasket.com/pd/40023478/fresho-coconut-organically-grown-1-pc/,"Fresho Coconut - Organically Grown, 1 pc",45,Rs 36,20%,1 pc,veg,https://www.bigbasket.com/media/uploads/p/mm/40023478_4-fresho-coconut-organically-grown.jpg,"It is organically grown and handpicked from farm Product image shown is for representation purpose only, the actually product may vary based on season, produce & availability.",40023478,"https://www.bigbasket.com/media/uploads/p/l/40023478_4-fresho-coconut-organically-grown.jpg"""
, FRUITS & VEGETABLES , ORGANIC FRUITS & VEGETABLES , ORGANIC VEGETABLES , FRESHO Chow Chow - Organically Grown,Fresho,40023479,https://www.bigbasket.com/pd/40023479/fresho-chow-chow-organically-grown-500-g/,"Fresho Chow Chow - Organically Grown, 500 g",22.5,,,500 g,veg,https://www.bigbasket.com/media/uploads/p/mm/40023479_3-fresho-chow-chow-organically-grown.jpg,"It is organically grown and handpicked from farm Product image shown is for representation purpose only, the actually product may vary based on season, produce & availability.",40023479,"https://www.bigbasket.com/media/uploads/p/l/40023479_3-fresho-chow-chow-organically-grown.jpg"""
, FRUITS & VEGETABLES , ORGANIC FRUITS & VEGETABLES , ORGANIC VEGETABLES , FRESHO Lemon - Organically Grown,Fresho,40023481,https://www.bigbasket.com/pd/40023481/fresho-lemon-organically-grown-4-pcs/,"Fresho Lemon - Organically Grown, 4 pcs",30,,,4 pcs,veg,https://www.bigbasket.com/media/uploads/p/mm/40023481_4-fresho-lemon-organically-grown.jpg,"It is organically grown and handpicked from farm Product image shown is for representation purpose only, the actually product may vary based on season, produce & availability.",40023481,"https://www.bigbasket.com/media/uploads/p/l/40023481_4-fresho-lemon-organically-grown.jpg"""
, FRUITS & VEGETABLES , ORGANIC FRUITS & VEGETABLES , ORGANIC FRUITS , FRESHO Watermelon - Organically Grown,Fresho,40023482,https://www.bigbasket.com/pd/40023482/fresho-watermelon-organically-grown-1-pc/,"Fresho Watermelon - Organically Grown, 1 pc 1.5 - 2.5 kg",55,Rs 44,20%,1 pc,veg,https://www.bigbasket.com/media/uploads/p/mm/40023482_7-fresho-watermelon-organically-grown.jpg,"With greenish black to smooth dark green surface, we selectively pick organically grown watermelons from the best farms These watermelons have juicy, sweet and grainy textured flesh filled with 12-14% of sugar content, making it a healthy alternative to sugary carbonated drinks. Flesh colour of these are pink to red with dark brown/black seeds. Do not forget to check our delicious fruit recipe - https://www.bigbasket.com/cookbook/recipes/1181/watermelon-mocktail/",40023482,"https://www.bigbasket.com/media/uploads/p/l/40023482_7-fresho-watermelon-organically-grown.jpg"""
, FRUITS & VEGETABLES , ORGANIC FRUITS & VEGETABLES , ORGANIC FRUITS , FRESHO Pineapple - Organically Grown,Fresho,40023483,https://www.bigbasket.com/pd/40023483/fresho-pineapple-organically-grown-1-pc/,"Fresho Pineapple - Organically Grown, 1 pc 750-800",61.25,Rs 49,20%,1 pc,veg,https://www.bigbasket.com/media/uploads/p/mm/40023483_7-fresho-pineapple-organically-grown.jpg,"With the shape of a pine cone, the fruit is loosely fibrous and juicy with white to yellowish flesh. The edible center part is firm, leathery and sweeter. We selectively pick organically grown pineapples from the best farms Do not forget to check our delicious fruit recipe - https://www.bigbasket.com/cookbook/recipes/865/american-pineapple-upside-down-cake-egg-free/",40023483,"https://www.bigbasket.com/media/uploads/p/l/40023483_7-fresho-pineapple-organically-grown.jpg"""
, FRUITS & VEGETABLES , FRESH FRUITS , APPLES & POMEGRANATE ," FRESHO Apple - Fuji, Regular",Fresho,40033815,https://www.bigbasket.com/pd/40033815/fresho-apple-fuji-regular-4-pcs/,"Fresho Apple - Fuji, Regular, 4 pcs",200,Rs 160,20%,4 pcs,veg,https://www.bigbasket.com/media/uploads/p/mm/40033815_20-fresho-apple-fuji-regular.jpg,"A fruit specially for the ones with a sweet tooth, Fuji apples are the sweetest apples around and come with a hint of vanilla flavour. These hybrid apples have creamy white, firm and finely grained flesh. These apples are crisp, juicy and sugary. Premium apples are handpicked by our experts to give you the best quality apples. Do not forget to check our delicious fruit recipe - https://www.bigbasket.com/cookbook/recipes/1611/apple-crumble-pie/",40033815,"https://www.bigbasket.com/media/uploads/p/l/40033815_20-fresho-apple-fuji-regular.jpg"""
, FRUITS & VEGETABLES , FRESH FRUITS , APPLES & POMEGRANATE ," FRESHO Apple - Green, Premium",Fresho,40033817,https://www.bigbasket.com/pd/40033817/fresho-apple-green-premium-4-pcs/,"Fresho Apple - Green, Premium, 4 pcs",218.75,Rs 175,20%,4 pcs,veg,https://www.bigbasket.com/media/uploads/p/mm/40033817_8-fresho-apple-green-premium.jpg,"Green apples have a pleasing light-green coloured skin with a sweet and sour taste. They contain more fiber, less carbohydrates and sugar than red apples. Premium apples are handpicked by our experts to give you the best quality apples. Do not forget to check our delicious fruit recipe - https://www.bigbasket.com/cookbook/recipes/1865/apple-cobbler/",40033817,"https://www.bigbasket.com/media/uploads/p/l/40033817_8-fresho-apple-green-premium.jpg"""
, FRUITS & VEGETABLES , FRESH FRUITS , APPLES & POMEGRANATE , FRESHO Apple - Shimla,Fresho,40033819,https://www.bigbasket.com/pd/40033819/fresho-apple-shimla-4-pcs/,"Fresho Apple - Shimla, 4 pcs (Approx. 500g- 650g)",162.5,,,4 pcs,veg,https://www.bigbasket.com/media/uploads/p/mm/40033819_26-fresho-apple-shimla.jpg,"Considered as most commonly grown apples in India, Shimla apples have a light red skin, juicy and crunchy flesh. We source the best apples with residue and wax free peel from the trusted growers. Do not forget to check our delicious fruit recipe - https://www.bigbasket.com/cookbook/recipes/701/apple-crisp-bites/",40033819,"https://www.bigbasket.com/media/uploads/p/l/40033819_26-fresho-apple-shimla.jpg"""
, FRUITS & VEGETABLES , FRESH FRUITS , APPLES & POMEGRANATE ," FRESHO Apple - Royal Gala, Regular",Fresho,40033823,https://www.bigbasket.com/pd/40033823/fresho-apple-royal-gala-regular-4-pcs/,"Fresho Apple - Royal Gala, Regular, 4 pcs (Approx.520 g-600 g)",153.75,Rs 123,20%,4 pcs,veg,https://www.bigbasket.com/media/uploads/p/mm/40033823_18-fresho-apple-royal-gala-regular.jpg,"A combination of slightly tart tasting skin and honey floral tasting flesh, the Royal Gala apples, as the name suggests looks regal with beautiful golden coloured streaks. Do not forget to check our delicious fruit recipe - https://www.bigbasket.com/cookbook/recipes/1611/apple-crumble-pie/",40033823,"https://www.bigbasket.com/media/uploads/p/l/40033823_18-fresho-apple-royal-gala-regular.jpg"""
, FRUITS & VEGETABLES , FRESH FRUITS , APPLES & POMEGRANATE ," FRESHO Apple - Red Delicious, Regular",Fresho,40033824,https://www.bigbasket.com/pd/40033824/fresho-apple-red-delicious-regular-4-pcs/,"Fresho Apple - Red Delicious, Regular, 4 pcs (Approx. 530g - 640g)",195,Rs 156,20%,4 pcs,veg,https://www.bigbasket.com/media/uploads/p/mm/40033824_18-fresho-apple-red-delicious-regular.jpg,"The bright red coloured and heart shaped Red Delicious apples are crunchy, juicy and slightly sweet. Red Delicious Apples are a natural source of fibre and are fat free. They contain a wide variety of anti-oxidants and polynutrients. Do not forget to check our delicious fruit recipe - https://www.bigbasket.com/cookbook/recipes/241/apple-halwa/",40033824,"https://www.bigbasket.com/media/uploads/p/l/40033824_18-fresho-apple-red-delicious-regular.jpg"""
, FRUITS & VEGETABLES , ORGANIC FRUITS & VEGETABLES , ORGANIC FRUITS , FRESHO Sweet Lime - Organically Grown,Fresho,40033917,https://www.bigbasket.com/pd/40033917/fresho-sweet-lime-organically-grown-500-g/,"Fresho Sweet Lime - Organically Grown, 500 g",61.25,,,500 g,veg,https://www.bigbasket.com/media/uploads/p/mm/40033917_1-fresho-sweet-lime-organically-grown.jpg,"it is organically grown and handpicked from farm Product image shown is for representation purpose only, the actually product may vary based on season, produce & availability.",40033917,https://www.bigbasket.com/media/uploads/p/l/40033917_1-fresho-sweet-lime-organically-grown.jpg
, FRUITS & VEGETABLES , ORGANIC FRUITS & VEGETABLES , ORGANIC VEGETABLES , FRESHO Snake Gourd - Organically Grown,Fresho,40040312,https://www.bigbasket.com/pd/40040312/fresho-snake-gourd-organically-grown-500-g/,"Fresho Snake Gourd - Organically Grown, 500 g",26.25,,,500 g,veg,https://www.bigbasket.com/media/uploads/p/mm/40040312_2-fresho-snake-gourd-organically-grown.jpg,"It Is Organically Grown And Handpicked From Farm Product image shown is for representation purpose only, the actually product may vary based on season, produce & availability.",40040312,"https://www.bigbasket.com/media/uploads/p/l/40040312_2-fresho-snake-gourd-organically-grown.jpg"""
, FRUITS & VEGETABLES , FRESH FRUITS , APPLES & POMEGRANATE ," FRESHO Pear - Green, Imported",Fresho,40048444,https://www.bigbasket.com/pd/40048444/fresho-pear-green-imported-2-pcs/,"Fresho Pear - Green, Imported, 2 pcs",112.5,Rs 90,20%,2 pcs,veg,https://www.bigbasket.com/media/uploads/p/mm/40048444_3-fresho-pear-green-imported.jpg,"Green Pears have an egg-shaped appearance with a large spherical lower portion, gradually tapering and rounded at the top. They have bright green skin with fine hints of brown. The flesh is white and juicy when ripe, with a lemon like flavour that is subtly sweet. Do not forget to check our delicious fruit recipe - https://www.bigbasket.com/cookbook/recipes/1870/fresh-fruit-flambe/",40048444,https://www.bigbasket.com/media/uploads/p/l/40048444_3-fresho-pear-green-imported.jpg
, FRUITS & VEGETABLES , FRESH FRUITS , APPLES & POMEGRANATE ," FRESHO Pear - Green, Imported",Fresho,40048445,https://www.bigbasket.com/pd/40048445/fresho-pear-green-imported-4-pcs/,"Fresho Pear - Green, Imported, 4 pcs",212.5,Rs 170,20%,4 pcs,veg,https://www.bigbasket.com/media/uploads/p/mm/40048445_2-fresho-pear-green-imported.jpg,"Pears are grown throughout the world, but none matches the ideal growing conditions and climate of the Pacific Northwest states of USA ÃƒÆ’Ã‚¢Ã¢‚¬Å¡Ã‚¬Ã¢€š¬Ã…€œ Washington & Oregon. USA Pears are recognized worldwide for their unsurpassed quality. They are good any time of the day ÃƒÆ’Ã‚¢Ã¢‚¬Å¡Ã‚¬Ã¢€š¬Ã…€œ from mid-morning to pre bed time, easy to digest with only 100 calories.Ã‚  It contains no cholesterol, no sodium, free from saturated fat, an excellent source of fiber and a good source of vitamin C. USA Pears are a good source of potassium, which can help in lowering blood pressure and reduce risk of cancer. They have a large amount of natural fructose and glucose, making them a quick source of healthy energy. USA Pears are ready to eat when they yield to the gentle thumb test. Product image shown is for representation purpose only, the actually product may vary based on season, produce & availability.",40048445,https://www.bigbasket.com/media/uploads/p/l/40048445_2-fresho-pear-green-imported.jpg
, FRUITS & VEGETABLES , ORGANIC FRUITS & VEGETABLES , ORGANIC VEGETABLES , FRESHO Colocasia - Organically Grown,Fresho,40049431,https://www.bigbasket.com/pd/40049431/fresho-colocasia-organically-grown-250-g/,"Fresho Colocasia - Organically Grown, 250 g",42.5,,,250 g,veg,https://www.bigbasket.com/media/uploads/p/mm/40049431_2-fresho-colocasia-organically-grown.jpg,"Fresho Organic products are organically grown and handpicked by expert. Product image shown is for representation purpose only, the actually product may vary based on season, produce & availability.",40049431,https://www.bigbasket.com/media/uploads/p/l/40049431_2-fresho-colocasia-organically-grown.jpg
, FRUITS & VEGETABLES , CUTS & SPROUTS , CUT & PEELED VEGGIES , FRESHO Ash Gourd - Cut,Fresho,40050086,https://www.bigbasket.com/pd/40050086/fresho-ash-gourd-cut-250-g/,"Fresho Ash Gourd - Cut, 250 g",16.25,Rs 13,20%,250 g,veg,https://www.bigbasket.com/media/uploads/p/mm/40050086_3-fresho-ash-gourd-cut.jpg,Our uniformly and perfectly cut fresh ash gourds comes with a mild and soft texture. No more messy hands!,40050086,"https://www.bigbasket.com/media/uploads/p/l/40050086_3-fresho-ash-gourd-cut.jpg"""
, FRUITS & VEGETABLES , CUTS & SPROUTS , CUT & PEELED VEGGIES , FRESHO Pumpkin Green - Cut,Fresho,40050087,https://www.bigbasket.com/pd/40050087/fresho-pumpkin-green-cut-500-g/,"Fresho Pumpkin Green - Cut, 500 g",30,Rs 24,20%,500 g,veg,https://www.bigbasket.com/media/uploads/p/mm/40050087_4-fresho-pumpkin-green-cut.jpg,"Fresho brings to you cut pumpkin green with creamish to yellow flesh and flat, edible seeds ( pepitas) inside that are tender and mildly sweet. Do not forget to check out our delicious recipe:- https://www.bigbasket.com/cookbook/recipes/2330/kaddu-ki-kheer/",40050087,"https://www.bigbasket.com/media/uploads/p/l/40050087_4-fresho-pumpkin-green-cut.jpg"""
, FRUITS & VEGETABLES , CUTS & SPROUTS , CUT & PEELED VEGGIES , FRESHO Mint - Chopped,Fresho,40055174,https://www.bigbasket.com/pd/40055174/fresho-mint-chopped-100-g/,"Fresho Mint - Chopped, 100 g",15,Rs 12,20%,100 g,veg,https://www.bigbasket.com/media/uploads/p/mm/40055174_4-fresho-mint-chopped.jpg,"Mint leaves are tender herbs with gentle stems and have a distinct pleasant aroma, pleasing taste, cool after-sensation and medicinal qualities. They are best used raw or added at the end of cooking in order to maintain their delicate flavor and texture. We deliver them finely chopped for your ease and convenience because we value your every minute. Do not forget to check our delicious recipe:- https://www.bigbasket.com/cookbook/recipes/2242/the-detox-tea/",40055174,https://www.bigbasket.com/media/uploads/p/l/40055174_4-fresho-mint-chopped.jpg
, FRUITS & VEGETABLES , EXOTIC FRUITS & VEGGIES , EXOTIC FRUITS , FRESHO Soursop,Fresho,40066486,https://www.bigbasket.com/pd/40066486/fresho-soursop-1-pc/,"Fresho Soursop, 1 pc 400 - 800g",185,,,1 pc,veg,https://www.bigbasket.com/media/uploads/p/mm/40066486_4-fresho-soursop.jpg,"Soursop fruits are dark green, ovoid and have a whitish and aromatic flesh. Since the ripe fruits taste acidic, the fruits are called as Soursop. The white pulp is fiber rich, and has a core of indigestible black seeds. The pulp is also used to make fruit nectar, smoothies, fruit juice drinks, as well as candies, sorbets, and ice cream flavourings. Soursop inhibits the growth of cancer cells, so it is also called as the Cancer Fruit.",40066486,"https://www.bigbasket.com/media/uploads/p/l/40066486_4-fresho-soursop.jpg"""
, FRUITS & VEGETABLES , ORGANIC FRUITS & VEGETABLES , ORGANIC FRUITS ," FRESHO Grapes - Green, Organically Grown",Fresho,40067697,https://www.bigbasket.com/pd/40067697/fresho-grapes-green-organically-grown-500-g/,"Fresho Grapes - Green, Organically Grown, 500 g",99,,,500 g,,https://www.bigbasket.com/media/uploads/p/mm/40067697_2-fresho-grapes-green-organically-grown.jpg,"Juicy and snappy, with a beautiful balance of sweet and tart flavour, these grape bunches have a lingering taste. Do not tire yourselves searching for an unspoiled fruit, we have hand picked and finely packed fresho green seedless grapes which are just a few clicks away. Do not forget to check our delicious fruit recipe - https://www.bigbasket.com/cookbook/recipes/2251/fruit-punch/",40067697,https://www.bigbasket.com/media/uploads/p/l/40067697_2-fresho-grapes-green-organically-grown.jpg
, FRUITS & VEGETABLES , FRESH VEGETABLES ," BEANS, BRINJALS & OKRA ", FRESHO Beans - Haricot,Fresho,40089742,https://www.bigbasket.com/pd/40089742/fresho-beans-haricot-500-g/,"Fresho Beans - Haricot, 500 g",31.25,Rs 24,23%,500 g,veg,https://www.bigbasket.com/media/uploads/p/mm/40089742_2-fresho-beans-haricot.jpg,"Haricot beans are small, oval, plump and creamy-white with a mild flavour and a smooth, buttery texture.",40089742,"https://www.bigbasket.com/media/uploads/p/l/40089742_2-fresho-beans-haricot.jpg"""
, FRUITS & VEGETABLES , CUTS & SPROUTS , CUT & PEELED VEGGIES , SUPA CORN Sweet Corn Kernels - Achari Masti,Supa Corn,40094696,https://www.bigbasket.com/pd/40094696/supa-corn-sweet-corn-kernels-achari-masti-150-g/,"Supa Corn Sweet Corn Kernels - Achari Masti, 150 g",52,,,150 g,veg,https://www.bigbasket.com/media/uploads/p/mm/40094696_2-supa-corn-sweet-corn-kernels-achari-masti.jpg,"Ready to eat sweet corn kernels, packaged using OXYFRESH Technology along with Chipotle masala sachet.",8.90801E+12,"https://www.bigbasket.com/media/uploads/p/l/40094696_2-supa-corn-sweet-corn-kernels-achari-masti.jpg"""
, FRUITS & VEGETABLES , FRESH FRUITS , APPLES & POMEGRANATE ," FRESHO Apple - Fuji, Premium",Fresho,40104703,https://www.bigbasket.com/pd/40104703/fresho-apple-fuji-premium-4-pcs/,"Fresho Apple - Fuji, Premium, 4 pcs",218.75,Rs 175,20%,4 pcs,,https://www.bigbasket.com/media/uploads/p/mm/40104703_19-fresho-apple-fuji-premium.jpg,"A fruit specially for the ones with a sweet tooth, Fuji apples are the sweetest apples around and come with a hint of vanilla flavour. These hybrid apples have creamy white, firm and finely grained flesh. These apples are crisp, juicy and sugary. Premium apples are handpicked by our experts to give you the best quality apples. Do not forget to check our delicious fruit recipe - https://www.bigbasket.com/cookbook/recipes/1611/apple-crumble-pie/",40104703,"https://www.bigbasket.com/media/uploads/p/l/40104703_19-fresho-apple-fuji-premium.jpg"""
, FRUITS & VEGETABLES , FRESH FRUITS , APPLES & POMEGRANATE ," FRESHO Apple - Red Delicious, Premium",Fresho,40104709,https://www.bigbasket.com/pd/40104709/fresho-apple-red-delicious-premium-4-pcs/,"Fresho Apple - Red Delicious, Premium, 4 pcs (Approx. 600g -700g)",218.75,,,4 pcs,veg,https://www.bigbasket.com/media/uploads/p/mm/40104709_16-fresho-apple-red-delicious-premium.jpg,"The bright red coloured and heart shaped Red Delicious apples are crunchy, juicy and slightly sweet. Red Delicious Apples are a natural source of fibre and are fat free. They contain a wide variety of anti-oxidants and polynutrients. Premium apples are handpicked by our experts to give you the best quality apples. Do not forget to check our delicious fruit recipe - https://www.bigbasket.com/cookbook/recipes/241/apple-halwa/",40104709,"https://www.bigbasket.com/media/uploads/p/l/40104709_16-fresho-apple-red-delicious-premium.jpg"""
, FRUITS & VEGETABLES , FRESH FRUITS , APPLES & POMEGRANATE ," FRESHO Apple - Royal Gala, Premium",Fresho,40105380,https://www.bigbasket.com/pd/40105380/fresho-apple-royal-gala-premium-4-pcsapprox600-g-700-g/,"Fresho Apple - Royal Gala, Premium, 4 pcs(Approx.600 g-700 g)",171.25,Rs 137,20%,4 pcs(Approx.600 g-700 g),veg,https://www.bigbasket.com/media/uploads/p/mm/40105380_16-fresho-apple-royal-gala-premium.jpg,"A combination of slightly tart tasting skin and honey floral tasting flesh, the Royal Gala apples, as the name suggests looks regal with beautiful golden coloured streaks. Premium apples are handpicked by our experts to give you the best quality apples. Do not forget to check our delicious fruit recipe - https://www.bigbasket.com/cookbook/recipes/1611/apple-crumble-pie/",40105380,"https://www.bigbasket.com/media/uploads/p/l/40105380_16-fresho-apple-royal-gala-premium.jpg"""
, FRUITS & VEGETABLES , HERBS & SEASONINGS , INDIAN & EXOTIC HERBS , FRESHO Pea Eggplant / Sundaikai,Fresho,40110306,https://www.bigbasket.com/pd/40110306/fresho-pea-eggplant-sundaikai-100-g/,"Fresho Pea Eggplant / Sundaikai, 100 g",10,Rs 8,20%,100 g,,https://www.bigbasket.com/media/uploads/p/mm/40110306_1-fresho-pea-eggplant-sundaikai.jpg,"Pea sized light green fruits are bitter to tart when raw with a crunchy texture owing to the flat brown edible seeds inside. Once cooked, they turn soft and the bitter flavour is minimized.",40110306,"https://www.bigbasket.com/media/uploads/p/l/40110306_1-fresho-pea-eggplant-sundaikai.jpg"""
, FRUITS & VEGETABLES , CUTS & SPROUTS , CUT & PEELED VEGGIES , TADAA Boiled Sweet Corn On Cob - Double,Tadaa,40111607,https://www.bigbasket.com/pd/40111607/tadaa-boiled-sweet-corn-on-cob-double-2-pcs-pouch/,"Tadaa Boiled Sweet Corn On Cob - Double, 2 pcs Pouch",82,,,2 pcs,,https://www.bigbasket.com/media/uploads/p/mm/40111607_1-tadaa-boiled-sweet-corn-on-cob-double.jpg,Freshest hand picked sweet corns are just boiled to perfection. It makes for the most convenient and nutritions on-the-go-snack. Just open pouch and savour the natures goodness just the way nature intended. No refrigiration required.,40111607,"https://www.bigbasket.com/media/uploads/p/l/40111607_1-tadaa-boiled-sweet-corn-on-cob-double.jpg"""
, FRUITS & VEGETABLES , CUTS & SPROUTS , CUT & PEELED VEGGIES , TADAA Boiled Sweet Corn Kernel - Spice Up With Chat Masala Seasoning,Tadaa,40111609,https://www.bigbasket.com/pd/40111609/tadaa-boiled-sweet-corn-kernel-spice-up-with-chat-masala-seasoning-225-g-tray/,"Tadaa Boiled Sweet Corn Kernel - Spice Up With Chat Masala Seasoning, 225 g Tray",49,,,225 g,,https://www.bigbasket.com/media/uploads/p/mm/40111609_1-tadaa-boiled-sweet-corn-kernel-spice-up-with-chat-masala-seasoning.jpg,"Fresh harvest sweet corn kernels are hand podded and just boiled to perfection. It comes with a lip-smacking Chat Masala flavouring. Just open the pouch, mix up the seasoning and enjoy a nutrition snack anytime. No refrigiration required.",40111609,"https://www.bigbasket.com/media/uploads/p/l/40111609_1-tadaa-boiled-sweet-corn-kernel-spice-up-with-chat-masala-seasoning.jpg"""
, FRUITS & VEGETABLES , CUTS & SPROUTS , CUT & PEELED VEGGIES , TADAA Boiled Kabuli Chana,Tadaa,40111613,https://www.bigbasket.com/pd/40111613/tadaa-boiled-kabuli-chana-225-g-tray/,"Tadaa Boiled Kabuli Chana, 225 g Tray",45,,,225 g,,https://www.bigbasket.com/media/uploads/p/mm/40111613_1-tadaa-boiled-kabuli-chana.jpg,"Choices grains of kabuli chana have been just boiled to perfection. Now no more cleaning, soaking, boiling or waiting- Be it chana masala, chat or plain sundal, just open a pack and toss out the dish of your choice in a jiffy.",40111613,"https://www.bigbasket.com/media/uploads/p/l/40111613_1-tadaa-boiled-kabuli-chana.jpg"""
, FRUITS & VEGETABLES , CUTS & SPROUTS , CUT & PEELED VEGGIES , TADAA Boiled Rajma,Tadaa,40111614,https://www.bigbasket.com/pd/40111614/tadaa-boiled-rajma-225-g-tray/,"Tadaa Boiled Rajma, 225 g Tray",45,,,225 g,,https://www.bigbasket.com/media/uploads/p/mm/40111614_1-tadaa-boiled-rajma.jpg,"Choices grains of kabuli chana have been just boiled to perfection. Now no more cleaning, soaking, boiling or waiting- Be it Rajma masala, toping over nachos or a salad, just open a pack and toss out the dish of your choice in a jiffy.",40111614,"https://www.bigbasket.com/media/uploads/p/l/40111614_1-tadaa-boiled-rajma.jpg"""
, FRUITS & VEGETABLES , FRESH FRUITS , APPLES & POMEGRANATE ," FRESHO Apple - Shimla, Premium",Fresho,40113206,https://www.bigbasket.com/pd/40113206/fresho-apple-shimla-premium-4-pcs/,"Fresho Apple - Shimla, Premium, 4 pcs (Approx. 700 g - 900 g)",187.5,,,4 pcs,veg,https://www.bigbasket.com/media/uploads/p/mm/40113206_1-fresho-apple-shimla-premium.jpg,"Considered as most commonly grown apples in India, Shimla apples have a light red skin, juicy and crunchy flesh. We source the best apples with residue and wax free peel from the trusted growers. Fresho's Premium apples are hand picked to give you the best quality apples. Do not forget to check our delicious fruit recipe - https://www.bigbasket.com/cookbook/recipes/701/apple-crisp-bites/",40113206,https://www.bigbasket.com/media/uploads/p/l/40113206_1-fresho-apple-shimla-premium.jpg
, FRUITS & VEGETABLES , FRESH FRUITS ," BANANA, SAPOTA & PAPAYA ", FRESHO Papaya - Small,Fresho,40114961,https://www.bigbasket.com/pd/40114961/fresho-papaya-small-1-pc/,"Fresho Papaya - Small, 1 pc 500 g - 900 g",33.75,Rs 27,20%,1 pc,veg,https://www.bigbasket.com/media/uploads/p/mm/40114961_3-fresho-papaya-small.jpg,"Papayas grow in tropical climates and are also known as papaws or pawpaws. Initially green and somewhat bitter in taste, papayas are butter-yellow when fully ripe and shaped like a pear. Their pale-orange flesh has dozens of small, black, sticky seeds at the center, similar to a melon.",40114961,"https://www.bigbasket.com/media/uploads/p/l/40114961_3-fresho-papaya-small.jpg"""
, FRUITS & VEGETABLES , FRESH FRUITS , APPLES & POMEGRANATE , FRESHO Baby Apple Shimla,Fresho,40134281,https://www.bigbasket.com/pd/40134281/fresho-baby-apple-shimla-1-kg/,"Fresho Baby Apple Shimla, 1 kg (Approx. 11-12 pcs)",136.25,Rs 109,20%,1 kg,veg,https://www.bigbasket.com/media/uploads/p/mm/40134281_8-fresho-baby-apple-shimla.jpg,"Baby Apples are the mini blush red apples with slight yellow streaks and has a smooth texture. The apple flesh is greenish white and grained, and it tastes sweet and juicy. The crispiness and the aroma of the apples make it more attractive. Apples are best when it is consumed fresh after meals or as a healthy snack for kids.",40134281,https://www.bigbasket.com/media/uploads/p/l/40134281_8-fresho-baby-apple-shimla.jpg
, FRUITS & VEGETABLES , FRESH VEGETABLES , ROOT VEGETABLES , FRESHO Ooty Beetroot,Fresho,40145210,https://www.bigbasket.com/pd/40145210/fresho-ooty-beetroot-500-g/,"Fresho Ooty Beetroot, 500 g",43.75,Rs 35,20%,500 g,veg,https://www.bigbasket.com/media/uploads/p/mm/40145210_1-fresho-ooty-beetroot.jpg,"Freshly harvested from the Queen of Hill station - Ooty in Southern India, Fresho Beetroot has an incredibly rich colour with striking dark and light pink stripes, making a colourful addition to any dish. They are fresh, sweet and crispy you can even enjoy them raw.",40145210,https://www.bigbasket.com/media/uploads/p/l/40145210_1-fresho-ooty-beetroot.jpg
, FRUITS & VEGETABLES , FRESH VEGETABLES ," GOURD, PUMPKIN, DRUMSTICK ", FRESHO Ooty Chow Chow,Fresho,40145217,https://www.bigbasket.com/pd/40145217/fresho-ooty-chow-chow-500-g/,"Fresho Ooty Chow Chow, 500 g",10,Rs 8,20%,500 g,veg,https://www.bigbasket.com/media/uploads/p/mm/40145217_1-fresho-ooty-chow-chow.jpg,"Freshly harvested from the Queen of Hill station - Ooty in Southern India, Fresho Chow Chow is light green coloured on the outside and white inside. Chow Chow is usually lightly cooked to retain the crispy texture and the water content of the vegetable is very high.",40145217,https://www.bigbasket.com/media/uploads/p/l/40145217_1-fresho-ooty-chow-chow.jpg
, FRUITS & VEGETABLES , EXOTIC FRUITS & VEGGIES , EXOTIC FRUITS , FRESHO Avocado Imported - Small,Fresho,40147020,https://www.bigbasket.com/pd/40147020/fresho-avocado-imported-small-2-pcs/,"Fresho Avocado Imported - Small, 2 pcs",218.75,Rs 175,20%,2 pcs,veg,https://www.bigbasket.com/media/uploads/p/mm/40147020_1-fresho-avocado-imported-small.jpg,"These Imported avocados come with an irresistible buttery flavour. Avocados are also known as alligator pear or butter fruit. They have a unique-texture, are creamy and light green flesh with a special aroma. Avocados improve digestion and are good for heart health and vision. It prevents osteoporosis, cancer and reduces the risk of depression. They are also good for pregnant women as they are rich in folate that prevents neural tube defects in infants.",3.00093E+11,"https://www.bigbasket.com/media/uploads/p/l/40147020_1-fresho-avocado-imported-small.jpg"""
, FRUITS & VEGETABLES , FRESH FRUITS ," KIWI, MELON, CITRUS FRUIT ", FRESHO Kiwi - Green,Fresho,40150775,https://www.bigbasket.com/pd/40150775/fresho-kiwi-green-400-g/,"Fresho Kiwi - Green, 400 g (approx. 4 - 6 pcs)",86.25,Rs 69,20%,400 g,veg,https://www.bigbasket.com/media/uploads/p/mm/40150775_5-fresho-kiwi-green.jpg,"Arunachal Kiwis are soft by nature as they have been harvested at the right maturity stage and are ripened perfectly. These ripened Kiwis are extremely good in taste with maximum sweetness compared with any imported Kiwi. Even after keeping it in the ambient temperatures (without refrigeration) for three to four days, there is no issue with the fruit even though it is soft.",40150775,"https://www.bigbasket.com/media/uploads/p/l/40150775_5-fresho-kiwi-green.jpg"""
, FRUITS & VEGETABLES , HERBS & SEASONINGS ," LEMON, GINGER & GARLIC ", FRESHO Black Garlic,Fresho,40189533,https://www.bigbasket.com/pd/40189533/fresho-black-garlic-50-g/,"Fresho Black Garlic, 50 g",186.25,Rs 149,20%,50 g,veg,https://www.bigbasket.com/media/uploads/p/mm/40189533_1-fresho-black-garlic.jpg,"Black garlic is a type of aged garlic, It is made by heating whole bulbs of garlic over the course of several weeks, a process that results in black cloves. The taste is sweet and syrupy with hints of balsamic vinegar or tamarind.",40189533,https://www.bigbasket.com/media/uploads/p/l/40189533_1-fresho-black-garlic.jpg
, FRUITS & VEGETABLES , FRESH VEGETABLES ," GOURD, PUMPKIN, DRUMSTICK ", FRESHO Bottle Gourd,Fresho,40195117,https://www.bigbasket.com/pd/40195117/fresho-bottle-gourd-1-pc/,"Fresho Bottle Gourd, 1 pc (Approx. 500 g - 800 g)",38.75,Rs 25.44,34%,1 pc,veg,https://www.bigbasket.com/media/uploads/p/mm/40195117_1-fresho-bottle-gourd.jpg,"With the common household name 'Lauki', Bottle gourds come in different shapes and sizes. Considered as one of the healthiest vegetables around, the flesh of bottle gourds are full of water and taste slightly bitter. Do not forget to check our delicious recipe - https://www.bigbasket.com/cookbook/recipes/210/bharwa-lauki/",40195117,https://www.bigbasket.com/media/uploads/p/l/40195117_1-fresho-bottle-gourd.jpg
, FRUITS & VEGETABLES , CUTS & SPROUTS , CUT & PEELED VEGGIES , TADAA Lobia - Naturally Steamed,Tadaa,40196758,https://www.bigbasket.com/pd/40196758/tadaa-lobia-naturally-steamed-270-g/,"Tadaa Lobia - Naturally Steamed, 270 g",80,,,270 g,veg,https://www.bigbasket.com/media/uploads/p/mm/40196758_1-tadaa-lobia-naturally-steamed.jpg,Naturally steamed and boiled sprouts. They are high in fibre and are a rich and natural source of protein. Sprouts are a powerhouse of nutrition and regularly consuming them will make you healthy. Make your favourite recipes with these sprouts. It contains no preservatives.,8.90604E+12,"https://www.bigbasket.com/media/uploads/p/l/40196758_1-tadaa-lobia-naturally-steamed.jpg"""
, FRUITS & VEGETABLES , CUTS & SPROUTS , CUT & PEELED VEGGIES , TADAA Sweet Corn Kernels - Naturally Steamed,Tadaa,40196761,https://www.bigbasket.com/pd/40196761/tadaa-sweet-corn-kernels-naturally-steamed-350-g/,"Tadaa Sweet Corn Kernels - Naturally Steamed, 350 g",80,,,350 g,veg,https://www.bigbasket.com/media/uploads/p/mm/40196761_1-tadaa-sweet-corn-kernels-naturally-steamed.jpg,Naturally steamed and boiled sweet corn. They are high in fibre and are a rich and natural source of protein. Sweet corn is a powerhouse of nutrition and regularly consuming them will make you healthy. Make your favourite recipes with the sweet corn. It contains no preservatives.,8.90604E+12,"https://www.bigbasket.com/media/uploads/p/l/40196761_1-tadaa-sweet-corn-kernels-naturally-steamed.jpg"""
, FRUITS & VEGETABLES , CUTS & SPROUTS , CUT & PEELED VEGGIES , TADAA Rajma - Naturally Steamed,Tadaa,40196764,https://www.bigbasket.com/pd/40196764/tadaa-rajma-naturally-steamed-220-g/,"Tadaa Rajma - Naturally Steamed, 220 g",80,,,220 g,veg,https://www.bigbasket.com/media/uploads/p/mm/40196764_1-tadaa-rajma-naturally-steamed.jpg,Naturally steamed and boiled sprouts. They are high in fibre and are a rich and natural source of protein. Sprouts are a powerhouse of nutrition and regularly consuming them will make you healthy. Make your favourite recipes with these sprouts. It contains no preservatives.,8.90604E+12,"https://www.bigbasket.com/media/uploads/p/l/40196764_1-tadaa-rajma-naturally-steamed.jpg"""
, FRUITS & VEGETABLES , EXOTIC FRUITS & VEGGIES , EXOTIC FRUITS , FRESHO Avocado,Fresho,40202915,https://www.bigbasket.com/pd/40202915/fresho-avocado-2-pcs/,"Fresho Avocado, 2 pcs",231.25,,,2 pcs,veg,https://www.bigbasket.com/media/uploads/p/mm/40202915_2-fresho-avocado.jpg,"Avocado is an oval-shaped fruit with thick green and a bumpy, leathery outer skin. They have a unique texture, with a creamy and light green colored flesh that has a buttery flavour and a special aroma. Avocados are also known as alligator pear or butter fruit. These avocados delivered to you, will not just entice your taste buds but will also ensure your well being. The approximate weight of one avocado is around 300-500 g.",40202915,https://www.bigbasket.com/media/uploads/p/l/40202915_2-fresho-avocado.jpg
, FRUITS & VEGETABLES , FRESH FRUITS ," KIWI, MELON, CITRUS FRUIT ", FRESHO Mosambi - Economy,Fresho,40203347,https://www.bigbasket.com/pd/40203347/fresho-mosambi-economy-1-kg/,"Fresho Mosambi - Economy, 1 kg",85,Rs 68,20%,1 kg,veg,https://www.bigbasket.com/media/uploads/p/mm/40203347_1-fresho-mosambi-economy.jpg,"Fresho Mosambis are of the best quality, handpicked and sourced directly from the farmers of Anantapur. Sweet lime or mosambi is lime-like, large-sized with an underlying yellow base. The intense, refreshing aroma is due to the essential oils present in its skin. It generally tastes sweet, occasionally tart to sweet. Enriched with Vitamin C, protein and fiber, it provides a range of health benefits. You can even make Juice from this fruit.",40203347,https://www.bigbasket.com/media/uploads/p/l/40203347_1-fresho-mosambi-economy.jpg
, FRUITS & VEGETABLES , ORGANIC FRUITS & VEGETABLES , ORGANIC VEGETABLES ," FRESHO Beans - Cluster, Organically Grown",Fresho,50000458,https://www.bigbasket.com/pd/50000458/fresho-beans-cluster-organically-grown-250-g/,"Fresho Beans - Cluster, Organically Grown, 250 g",23.75,,,250 g,veg,https://www.bigbasket.com/media/uploads/p/mm/50000458_4-fresho-beans-cluster-organically-grown.jpg,"The cluster bean or ""Guar"" have narrow and long body with tiny pods. They are good at decreasing blood sugar levels and cholestrol levels. Because they are organically grown, they are free from chemical residues and completely natural. Broad beans can be used in simple vegetables dish in combination with potatoes and also in fried rice, salads and risotto.",50000458,"https://www.bigbasket.com/media/uploads/p/l/50000458_4-fresho-beans-cluster-organically-grown.jpg"""
, FRUITS & VEGETABLES , ORGANIC FRUITS & VEGETABLES , ORGANIC VEGETABLES ," FRESHO Beans - French Ring, Organically Grown",Fresho,50000461,https://www.bigbasket.com/pd/50000461/fresho-beans-french-ring-organically-grown-250-g/,"Fresho Beans - French Ring, Organically Grown, 250 g",26.25,,,250 g,veg,https://www.bigbasket.com/media/uploads/p/mm/50000461_5-fresho-beans-french-ring-organically-grown.jpg,"French beans are smaller than common green beans and have a soft, velvety pod. Quite fleshy for their size, only tiny seeds inhabit these delicate pods. French beans are sweet, tender and wonderfully crispy. Due to naturally growing methods, they are free from chemical residues. They are used in curries, soups, stir-fry with rice, noodles and salads.",50000461,"https://www.bigbasket.com/media/uploads/p/l/50000461_5-fresho-beans-french-ring-organically-grown.jpg"""
, FRUITS & VEGETABLES , ORGANIC FRUITS & VEGETABLES , ORGANIC VEGETABLES ," FRESHO Capsicum - Green, Organically Grown",Fresho,50000478,https://www.bigbasket.com/pd/50000478/fresho-capsicum-green-organically-grown-250-g/,"Fresho Capsicum - Green, Organically Grown, 250 g",17.5,,,250 g,veg,https://www.bigbasket.com/media/uploads/p/mm/50000478_4-fresho-capsicum-green-organically-grown.jpg,"Fresho Organic products are organically grown and handpicked by expert. Product image shown is for representation purpose only, the actually product may vary based on season, produce & availability.",50000478,"https://www.bigbasket.com/media/uploads/p/l/50000478_4-fresho-capsicum-green-organically-grown.jpg"""
, FRUITS & VEGETABLES , ORGANIC FRUITS & VEGETABLES , ORGANIC VEGETABLES , FRESHO Garlic - Organically Grown,Fresho,50000507,https://www.bigbasket.com/pd/50000507/fresho-garlic-organically-grown-250-g/,"Fresho Garlic - Organically Grown, 250 g",87.5,Rs 70,20%,250 g,veg,https://www.bigbasket.com/media/uploads/p/mm/50000507_4-fresho-garlic-organically-grown.jpg,"Fresho Organic products are organically grown and handpicked by expert. Product image shown is for representation purpose only, the actually product may vary based on season, produce & availability.",50000507,"https://www.bigbasket.com/media/uploads/p/l/50000507_4-fresho-garlic-organically-grown.jpg"""
, FRUITS & VEGETABLES , ORGANIC FRUITS & VEGETABLES , ORGANIC VEGETABLES ," FRESHO Chilli - Green, Organically Grown",Fresho,50000511,https://www.bigbasket.com/pd/50000511/fresho-chilli-green-organically-grown-100-g/,"Fresho Chilli - Green, Organically Grown, 100 g",8.75,,,100 g,veg,https://www.bigbasket.com/media/uploads/p/mm/50000511_5-fresho-chilli-green-organically-grown.jpg,"Fresho organically grown green chillies are meant to send shivers up your spine - literally! These chillies are grown in special organic farms, from where they are packaged in hygienic and clean environments to ensure purity. These green chillies are definitely a staple in your refrigerator to create aromatic delicacies.",50000511,https://www.bigbasket.com/media/uploads/p/l/50000511_5-fresho-chilli-green-organically-grown.jpg
, FRUITS & VEGETABLES , ORGANIC FRUITS & VEGETABLES , ORGANIC VEGETABLES , FRESHO Knol Khol - Organically Grown,Fresho,50000521,https://www.bigbasket.com/pd/50000521/fresho-knol-khol-organically-grown-500-g/,"Fresho Knol Khol - Organically Grown, 500 g",20,,,500 g,,https://www.bigbasket.com/media/uploads/p/mm/50000521_4-fresho-knol-khol-organically-grown.jpg,"Fresho Organic products are organically grown and handpicked by expert. Product image shown is for representation purpose only, the actually product may vary based on season, produce & availability.",50000521,"https://www.bigbasket.com/media/uploads/p/l/50000521_4-fresho-knol-khol-organically-grown.jpg"""
, FRUITS & VEGETABLES , ORGANIC FRUITS & VEGETABLES , ORGANIC FRUITS , FRESHO Muskmelon - Organically Grown,Fresho,50000534,https://www.bigbasket.com/pd/50000534/fresho-muskmelon-organically-grown-1-pc/,"Fresho Muskmelon - Organically Grown, 1 pc (Approx. 600 g-1 kg)",62.5,,,1 pc,veg,https://www.bigbasket.com/media/uploads/p/mm/50000534_8-fresho-muskmelon-organically-grown.jpg,"Fresho Organic products are organically grown and handpicked by expert. Product image shown is for representation purpose only, the actually product may vary based on season, produce & availability.",50000534,https://www.bigbasket.com/media/uploads/p/l/50000534_8-fresho-muskmelon-organically-grown.jpg
, FRUITS & VEGETABLES , ORGANIC FRUITS & VEGETABLES , ORGANIC VEGETABLES , FRESHO Sweet Potato - Organically Grown,Fresho,50000555,https://www.bigbasket.com/pd/50000555/fresho-sweet-potato-organically-grown-500-g/,"Fresho Sweet Potato - Organically Grown, 500 g",40,,,500 g,veg,https://www.bigbasket.com/media/uploads/p/mm/50000555_5-fresho-sweet-potato-organically-grown.jpg,"Fresho Organic products are organically grown and handpicked by expert. Sweet potatoes are large, starchy, sweet-tasting root vegetables. Product image shown is for representation purpose only, the actual product may vary based on season, produce & availability.",50000555,"https://www.bigbasket.com/media/uploads/p/l/50000555_5-fresho-sweet-potato-organically-grown.jpg"""
, FRUITS & VEGETABLES , ORGANIC FRUITS & VEGETABLES , ORGANIC VEGETABLES ," FRESHO Tomato - Hybrid, Organically Grown",Fresho,50000557,https://www.bigbasket.com/pd/50000557/fresho-tomato-hybrid-organically-grown-1-kg/,"Fresho Tomato - Hybrid, Organically Grown, 1 kg",42.5,Rs 34,20%,1 kg,veg,https://www.bigbasket.com/media/uploads/p/mm/50000557_5-fresho-tomato-hybrid-organically-grown.jpg,"Fresho Organic products are organically grown and handpicked by expert. Product image shown is for representation purpose only, the actually product may vary based on season, produce & availability.",50000557,"https://www.bigbasket.com/media/uploads/p/l/50000557_5-fresho-tomato-hybrid-organically-grown.jpg"""
, FRUITS & VEGETABLES , FRESH FRUITS ," BANANA, SAPOTA & PAPAYA ", FRESHO Banana - Poovan,Fresho,60000053,https://www.bigbasket.com/pd/60000053/fresho-banana-poovan-1-kg/,"Fresho Banana - Poovan, 1 kg",35,Rs 28,20%,1 kg,veg,https://www.bigbasket.com/media/uploads/p/mm/60000053_4-fresho-banana-poovan.jpg,"With fairly large insize and a bright, glossy, yellow colour, Poovan bananas have a powdery flesh that is highly fragrant and tasty. We have selected the best quality Poovan Bananas for you directly from our farmers and will carefully deliver them to your doorstep. Do not forget to check our delicious fruit recipe - https://www.bigbasket.com/cookbook/recipes/1554/peanut-butter-and-banana-sandwich/",60000053,https://www.bigbasket.com/media/uploads/p/l/60000053_4-fresho-banana-poovan.jpg
, FRUITS & VEGETABLES , FRESH FRUITS ," BANANA, SAPOTA & PAPAYA ", FRESHO Banana - Hill,Fresho,60000057,https://www.bigbasket.com/pd/60000057/fresho-banana-hill-500-g/,"Fresho Banana - Hill, 500 g",62.5,Rs 50,20%,500 g,veg,https://www.bigbasket.com/media/uploads/p/mm/60000057_7-fresho-banana-hill.jpg,"Hailing from the Palani hills and nearby regions in Tamilnadu, Banana Hills are small to medium sized, bright yellow in colour with a greenish tinge at the stem end. Ripe hill bananas have a delicious and distinctive sweet taste. Considered as one of the best varieties, Banana Hill (Mazhai Vazhai) are procured directly from our farmers and are carefully delivered at your doorstep. Do not forget to check our delicious fruit recipe - https://www.bigbasket.com/cookbook/recipes/825/banana-coconut-fondle/",60000057,"https://www.bigbasket.com/media/uploads/p/l/60000057_7-fresho-banana-hill.jpg"""
, FRUITS & VEGETABLES , FRESH FRUITS ," BANANA, SAPOTA & PAPAYA ", FRESHO Banana - Karpooravalli,Fresho,60000058,https://www.bigbasket.com/pd/60000058/fresho-banana-karpooravalli-1-kg/,"Fresho Banana - Karpooravalli, 1 kg",40,Rs 32,20%,1 kg,veg,https://www.bigbasket.com/media/uploads/p/mm/60000058_3-fresho-banana-karpooravalli.jpg,"Golden yellow bananas that come with tinges of pale green, Karpooravalli bananas are considered the sweetest among all Indian varieties. They are cultivated in the states of Tamilnadu and Kerala. Karpooravalli Bananas are procured directly from our farmers and are carefully delivered at your doorstep. Do not forget to check our delicious fruit recipe - https://www.bigbasket.com/cookbook/recipes/2291/banana-paniyaram/",60000058,https://www.bigbasket.com/media/uploads/p/l/60000058_3-fresho-banana-karpooravalli.jpg
, FRUITS & VEGETABLES , EXOTIC FRUITS & VEGGIES , EXOTIC FRUITS , FRESHO Grapes - Paneer with seed,Fresho,60000613,https://www.bigbasket.com/pd/60000613/fresho-grapes-paneer-with-seed-500-g/,"Fresho Grapes - Paneer with seed, 500 g",82.5,Rs 66,20%,500 g,veg,https://www.bigbasket.com/media/uploads/p/mm/60000613_2-fresho-grapes-paneer-with-seed.jpg,"The bunch comes with small, round purple-black or reddish black grapes with a tender and semi translucent flesh. The juicy, sweet flavour of these grapes is irresistible. These high quality firm grapes are sourced directly from our farmers. Do not forget to check our delicious fruit recipe - https://www.bigbasket.com/flavors/collections/228/fresh-fruits/",60000613,https://www.bigbasket.com/media/uploads/p/l/60000613_2-fresho-grapes-paneer-with-seed.jpg
, FRUITS & VEGETABLES , FRESH VEGETABLES , ROOT VEGETABLES , FRESHO Pidi Karanai,Fresho,60000758,https://www.bigbasket.com/pd/60000758/fresho-pidi-karanai-500-g/,"Fresho Pidi Karanai, 500 g",45,Rs 36,20%,500 g,veg,https://www.bigbasket.com/media/uploads/p/mm/60000758_2-fresho-pidi-karanai.jpg,"Pidi Karanai Is A Traditional Tuber Available Only In Few Places. It Belongs To The Yam Family, Just The Size Of Your Fists(Pidi In Tamil) And Hence Called Pidi Karanai. It Gives A Itchy Feeling In Your Throat When Not Cooked Properly, Hence Very Important To Remove The Itchy Property By Adding Tamarind Juice Or Lemon Juice. Product image shown is for representation purpose only, the actually product may vary based on season, produce & availability. Click here for delicious vegetable recipes - https://www.bigbasket.com/flavors/collections/227/fresh-vegetables/",60000758,https://www.bigbasket.com/media/uploads/p/l/60000758_2-fresho-pidi-karanai.jpg
