S.No,CATEGORY,SUB_CATEGORY,ITEM_GROUP,BRAND_NAME,ITEM_NAME,SKU,ITEM_URL,ITEM_NAME1,MRP,DISCOUNTED_PRICE,SAVE %,QTY,TYPE,IMAGE_MAIN,ABOUT,EAN,IMAGE URL 1
1," FOODGRAINS, OIL & MASALA "," SALT, SUGAR & JAGGERY ", SUGAR & JAGGERY , BB POPULAR Sugar/Sakarai,bb Popular,30005417,https://www.bigbasket.com/pd/30005417/bb-popular-sugar-5-kg/,"bb Popular Sugar/Sakarai, 5 kg",275,Rs 205,25%,5 kg,veg,https://www.bigbasket.com/media/uploads/p/mm/30005417_6-bb-popular-sugar.jpg,"Sugar is made from Sugarcane, the grains are light cream coloured. It is a healthier option as opposed to refined sugar that is pure white in color. It is a great source of energy and has essential minerals without harsh chemicals or additives. It is uniformly crystallized and blends well with all other food ingredients and makes your sweet dish more tastier.",30005417,https://www.bigbasket.com/media/uploads/p/l/30005417_6-bb-popular-sugar.jpg
2," FOODGRAINS, OIL & MASALA "," SALT, SUGAR & JAGGERY ", SUGAR & JAGGERY , BB POPULAR Sugar/Sakarai,bb Popular,40019396,https://www.bigbasket.com/pd/40019396/bb-popular-sugar-1-kg/,"bb Popular Sugar/Sakarai, 1 kg",55,Rs 43,22%,1 kg,veg,https://www.bigbasket.com/media/uploads/p/mm/40019396_8-bb-popular-sugar.jpg,"Sugar is finished from organic sugar cane, the grains are light cream colored. It is an improved option as opposed to refined sugar that is pure white in color. It is an immense supply of energy and has necessary minerals with no harsh chemicals or additives. Sugar is sucrose that becomes glucose. Sugar's glycolic acid can be very supportive in retaining the wellbeing and look of your skin.",4.00194E+11,https://www.bigbasket.com/media/uploads/p/l/40019396_8-bb-popular-sugar.jpg
3," FOODGRAINS, OIL & MASALA "," SALT, SUGAR & JAGGERY ", SUGAR & JAGGERY , BB POPULAR Sugar/Sakarai,bb Popular,40019397,https://www.bigbasket.com/pd/40019397/bb-popular-sugar-2-kg/,"bb Popular Sugar/Sakarai, 2 kg",110,Rs 85,23%,2 kg,veg,https://www.bigbasket.com/media/uploads/p/mm/40019397_8-bb-popular-sugar.jpg,"Sugar is finished from organic sugar cane, the grains are light cream colored. It is an improved option as opposed to refined sugar that is pure white in color. It is an immense supply of energy and has necessary minerals with no harsh chemicals or additives. Sugar is sucrose that becomes glucose. Sugar's glycolic acid can be very supportive in retaining the wellbeing and look of your skin.",4.00194E+12,https://www.bigbasket.com/media/uploads/p/l/40019397_8-bb-popular-sugar.jpg
30," FOODGRAINS, OIL & MASALA ", DALS & PULSES ," TOOR, CHANNA & MOONG DAL ", BB POPULAR Toor/Arhar Dal/Thuvaram Paruppu,bb Popular,10000412,https://www.bigbasket.com/pd/10000412/bb-popular-toorarhar-dal-5-kg-pouch/,"bb Popular Toor/Arhar Dal/Thuvaram Paruppu, 5 kg Pouch",800,Rs 650,19%,5 kg,veg,https://www.bigbasket.com/media/uploads/p/mm/10000412_15-bb-popular-toorarhar-dal.jpg,Toor Dal is processed with the most superior technology so that the original protein value is kept at its best; each grain of toor dal is the treasure of flavor of finest quality. It allows you with the dual richness of nutrition and appetizing taste for your family. It is fat free and nature contains designed it to absorb various mixtures of seasonings and spices. Click here for unique and delicious recipes - https://www.bigbasket.com/flavors/collections/230/dals-pulses/,1000041299,https://www.bigbasket.com/media/uploads/p/l/10000412_15-bb-popular-toorarhar-dal.jpg
31," FOODGRAINS, OIL & MASALA ", DALS & PULSES ," TOOR, CHANNA & MOONG DAL ", BB POPULAR Toor/Arhar Dal/Thuvaram Paruppu,bb Popular,10000427,https://www.bigbasket.com/pd/10000427/bb-popular-toorarhar-dal-500-g-pouch/,"bb Popular Toor/Arhar Dal/Thuvaram Paruppu, 500 g Pouch",80,Rs 71,11%,500 g,veg,https://www.bigbasket.com/media/uploads/p/mm/10000427_18-bb-popular-toorarhar-dal.jpg,"Toor Dal is the most widely-used form of the lentil. It is used in popular recipes like south India sambhar, Gujarati dals, the famous puran poli and lots of other tasty dishes. It has a thick gelatinous or meaty consistency, and takes a little longer to cook. It provides many of the nutrients your body needs, such as protein, fat and carbohydrates. Click here for unique and delicious recipes - https://www.bigbasket.com/flavors/collections/230/dals-pulses/",1000042799,https://www.bigbasket.com/media/uploads/p/l/10000427_18-bb-popular-toorarhar-dal.jpg
32," FOODGRAINS, OIL & MASALA ", DALS & PULSES ," TOOR, CHANNA & MOONG DAL ", BB POPULAR Toor/Arhar Dal/Thuvaram Paruppu,bb Popular,10000428,https://www.bigbasket.com/pd/10000428/bb-popular-toorarhar-dal-1-kg-pouch/,"bb Popular Toor/Arhar Dal/Thuvaram Paruppu, 1 kg Pouch",160,Rs 132,18%,1 kg,veg,https://www.bigbasket.com/media/uploads/p/mm/10000428_15-bb-popular-toorarhar-dal.jpg,Toor Dal is the most widely-used form of the lentil. It is used in popular recipes. It tastes delicious when cooked and can be digested easily. It also has a long shelf life. Click here for unique and delicious recipes - https://www.bigbasket.com/flavors/collections/230/dals-pulses/,1.00004E+12,https://www.bigbasket.com/media/uploads/p/l/10000428_15-bb-popular-toorarhar-dal.jpg
33," FOODGRAINS, OIL & MASALA ", DALS & PULSES ," TOOR, CHANNA & MOONG DAL ", BB POPULAR Toor/Arhar Dal/Thuvaram Paruppu,bb Popular,40000263,https://www.bigbasket.com/pd/40000263/bb-popular-toorarhar-dal-2-kg-pouch/,"bb Popular Toor/Arhar Dal/Thuvaram Paruppu, 2 kg Pouch",320,Rs 264,18%,2 kg,veg,https://www.bigbasket.com/media/uploads/p/mm/40000263_12-bb-popular-toorarhar-dal.jpg,"Toor dal is also sometimes referred to as lentils or split pigeon peas. This usual Indian dish is frequently served with rich spices over rice, and is a staple in several households and Indian restaurants. It is a type of the legume family, and it is not only tasty, it also contains a number of health benefits. Click here for unique and delicious recipes - https://www.bigbasket.com/flavors/collections/230/dals-pulses/",4000026399,https://www.bigbasket.com/media/uploads/p/l/40000263_12-bb-popular-toorarhar-dal.jpg
37," FOODGRAINS, OIL & MASALA ", RICE & RICE PRODUCTS , BOILED & STEAM RICE , BB ROYAL Idli Rice/Idli Arisi,bb Royal,10000450,https://www.bigbasket.com/pd/10000450/bb-royal-idli-rice-1-kg-pouch/,"bb Royal Idli Rice/Idli Arisi, 1 kg Pouch",60,Rs 38,37%,1 kg,veg,https://www.bigbasket.com/media/uploads/p/mm/10000450_16-bb-royal-idli-rice.jpg,"Idli Rice is a good supply of proteins and carbohydrates. It is nutritious as it is a rich supply of fibers and is simple to healthy and digests. They are light and it can make in jiffy with minimum ingredients. It makes smooth, flaky rice flour idli taste delicious with any sambar, chutney or even podi. It is preferred for making idlis and dosas, as well as kanji for elders and babies, as it is easier to digest and better in terms of nutrition than raw rice. Click here for unique and delicious recipes - https://www.bigbasket.com/flavors/collections/233/rice-rice-products/",1000045099,https://www.bigbasket.com/media/uploads/p/l/10000450_16-bb-royal-idli-rice.jpg
38," FOODGRAINS, OIL & MASALA ", RICE & RICE PRODUCTS , BOILED & STEAM RICE , BB ROYAL Idli Rice/Idli Arisi,bb Royal,10000414,https://www.bigbasket.com/pd/10000414/bb-royal-idli-rice-5-kg-pouch/,"bb Royal Idli Rice/Idli Arisi, 5 kg Pouch",290,Rs 180,38%,5 kg,veg,https://www.bigbasket.com/media/uploads/p/mm/10000414_13-bb-royal-idli-rice.jpg,"Idli Rice is wholesome as it is a rich supply of fibers and is effortless to digest and strong. It is a great supply of carbohydrates and proteins. They are light and it can create in jiffy with minimal ingredients. It makes soft, flaky rice flour idli flavor yummy with any chutney, sambar or even podi. It is desired for making dosas and idlis, as well as kanji for babies and elders. Click here for unique and delicious recipes - https://www.bigbasket.com/flavors/collections/233/rice-rice-products/",10000414,https://www.bigbasket.com/media/uploads/p/l/10000414_13-bb-royal-idli-rice.jpg
39," FOODGRAINS, OIL & MASALA ", RICE & RICE PRODUCTS , BOILED & STEAM RICE , BB ROYAL Idli Rice/Idli Arisi,bb Royal,60000022,https://www.bigbasket.com/pd/60000022/bb-royal-idli-rice-10-kg-bag/,"bb Royal Idli Rice/Idli Arisi, 10 kg Bag",570,Rs 345,39%,10 kg,veg,https://www.bigbasket.com/media/uploads/p/mm/60000022_8-bb-royal-idli-rice.jpg,"Idli Rice Is Wholesome As It Is A Rich Supply Of Fibers And Is Effortless To Digest And Strong. It Is A Great Supply Of Carbohydrates And Proteins. They Are Light And It Can Create In Jiffy With Minimal Ingredients. It Makes Soft, Flaky Rice Flour Idli Flavor Yummy With Any Chutney, Sambar Or Even Podi. It Is Desired For Making Dosas And Idlis, As Well As Kanji For Babies And Elders. Click here for unique and delicious recipes - https://www.bigbasket.com/flavors/collections/233/rice-rice-products/",60000022,https://www.bigbasket.com/media/uploads/p/l/60000022_8-bb-royal-idli-rice.jpg
40," FOODGRAINS, OIL & MASALA ", RICE & RICE PRODUCTS , BOILED & STEAM RICE , BB ROYAL Idli Rice/Idli Arisi,bb Royal,40018895,https://www.bigbasket.com/pd/40018895/bb-royal-idli-rice-2-kg-pouch/,"bb Royal Idli Rice/Idli Arisi, 2 kg Pouch",118,Rs 75,36%,2 kg,veg,https://www.bigbasket.com/media/uploads/p/mm/40018895_4-bb-royal-idli-rice.jpg,"Idli Rice is a good supply of proteins and carbohydrates. It is nutritious as it is a rich supply of fibers and is simple to healthy and digests. They are light and it can make in jiffy with minimum ingredients. It makes smooth, flaky rice flour idli taste delicious with any sambar, chutney or even podi. It is preferred for making idlis and dosas, as well as kanji for elders and babies, as it is easier to digest and better in terms of nutrition than raw rice. Click here for unique and delicious recipes - https://www.bigbasket.com/flavors/collections/233/rice-rice-products/",8.90417E+12,https://www.bigbasket.com/media/uploads/p/l/40018895_4-bb-royal-idli-rice.jpg
41," FOODGRAINS, OIL & MASALA ", MASALAS & SPICES , WHOLE SPICES , BB ROYAL Cumin/Jeera - Whole,bb Royal,40030808,https://www.bigbasket.com/pd/40030808/bb-royal-cuminjeera-whole-1-kg/,"bb Royal Cumin/Jeera - Whole, 1 kg",500,Rs 270,46%,1 kg,veg,https://www.bigbasket.com/media/uploads/p/mm/40030808_8-bb-royal-cuminjeera-whole.jpg,"Jeera is a strong spice and most people use it to add additional taste to their food. However, this spice is well-known not just for its flavour, but also for the well-being benefits of cumin seeds. It is a familiar ingredient in Indian kitchens. Apart from adding savour to a dish, it has got fitness benefits too. It is a spice which offers a sturdy, exclusive and soothing smell. It is used to offer flavour to different cuisines.",40030808,https://www.bigbasket.com/media/uploads/p/l/40030808_8-bb-royal-cuminjeera-whole.jpg
42," FOODGRAINS, OIL & MASALA ", MASALAS & SPICES , WHOLE SPICES , BB ROYAL Cumin/Jeera Whole/Jeeragam,bb Royal,40026603,https://www.bigbasket.com/pd/40026603/bb-royal-cuminjeera-whole-500-g/,"bb Royal Cumin/Jeera Whole/Jeeragam, 500 g",250,Rs 135,46%,500 g,veg,https://www.bigbasket.com/media/uploads/p/mm/40026603_7-bb-royal-cuminjeera-whole.jpg,"Jeera is a strong spice and most people use it to add additional taste to their food. However, this spice is well-known not just for its flavour, but also for the wellbeing benefits of cumin seeds. It is a familiar ingredient in Indian kitchens. Apart from adding savour to a dish, it has got fitness benefits too. It is a spice which offers a sturdy, exclusive and soothing smell. It is used to offer flavour to different cuisines.",40026603,https://www.bigbasket.com/media/uploads/p/l/40026603_7-bb-royal-cuminjeera-whole.jpg
43," FOODGRAINS, OIL & MASALA ", MASALAS & SPICES , WHOLE SPICES , BB ROYAL Cumin/Jeera - Whole,bb Royal,30000308,https://www.bigbasket.com/pd/30000308/bb-royal-cuminjeera-whole-50-g/,"bb Royal Cumin/Jeera - Whole, 50 g",25,Rs 16,36%,50 g,veg,https://www.bigbasket.com/media/uploads/p/mm/30000308_8-bb-royal-cuminjeera-whole.jpg,"Jeera is an ordinary ingredient which gives flavour to various cuisines. Apart from adding taste to a dish, it contains got health benefits too. It is a flavour which gives a strong, unique and soothing fragrance. These are wealthy in Vitamin C and contain antifungal properties.",3000030899,https://www.bigbasket.com/media/uploads/p/l/30000308_8-bb-royal-cuminjeera-whole.jpg
44," FOODGRAINS, OIL & MASALA ", MASALAS & SPICES , WHOLE SPICES , BB ROYAL Cumin/Jeera Whole/Jeeragam,bb Royal,10000486,https://www.bigbasket.com/pd/10000486/bb-royal-cuminjeera-whole-200-g/,"bb Royal Cumin/Jeera Whole/Jeeragam, 200 g",100,Rs 60,40%,200 g,veg,https://www.bigbasket.com/media/uploads/p/mm/10000486_12-bb-royal-cuminjeera-whole.jpg,"Jeera is a strong spice and most people use it to add additional taste to their food. It offers a sturdy, exclusive and soothing aroma. However, this spice is well-known not just for its flavour, but also for their health benefits.",1000048699,https://www.bigbasket.com/media/uploads/p/l/10000486_12-bb-royal-cuminjeera-whole.jpg
45," FOODGRAINS, OIL & MASALA ", MASALAS & SPICES , WHOLE SPICES , BB ROYAL Cumin/Jeera Whole/Jeeragam,bb Royal,10000479,https://www.bigbasket.com/pd/10000479/bb-royal-cuminjeera-whole-100-g/,"bb Royal Cumin/Jeera Whole/Jeeragam, 100 g",50,Rs 31,38%,100 g,veg,https://www.bigbasket.com/media/uploads/p/mm/10000479_11-bb-royal-cuminjeera-whole.jpg,"Jeera is a strong spice and most people use it to add additional taste to their food. It offers a sturdy, exclusive and soothing aroma. However, this spice is well-known not just for its flavour, but also for their health benefits.",1000047999,https://www.bigbasket.com/media/uploads/p/l/10000479_11-bb-royal-cuminjeera-whole.jpg
61," FOODGRAINS, OIL & MASALA "," ATTA, FLOURS & SOOJI "," SOOJI, MAIDA & BESAN ", BB ROYAL Maida/Maida Maavu,bb Royal,10000416,https://www.bigbasket.com/pd/10000416/bb-royal-maida-1-kg-pouch/,"bb Royal Maida/Maida Maavu, 1 kg Pouch",60,Rs 36,40%,1 kg,veg,https://www.bigbasket.com/media/uploads/p/mm/10000416_9-bb-royal-maida.jpg,"The BB Royal Maida or white flour is an ideal part of any cuisine, including Indian, Chinese and Italian. The maida is sourced from the best of wheat grains, trying to retain optimal fibre value so that you are able to get quality flour, especially with self-rising benefits. Click here for unique and delicious recipes - https://www.bigbasket.com/flavors/collections/232/flours-sooji/",1000041699,https://www.bigbasket.com/media/uploads/p/l/10000416_9-bb-royal-maida.jpg
62," FOODGRAINS, OIL & MASALA "," ATTA, FLOURS & SOOJI "," SOOJI, MAIDA & BESAN ", BB ROYAL Maida/Maida Maavu,bb Royal,10000468,https://www.bigbasket.com/pd/10000468/bb-royal-maida-500-g-pouch/,"bb Royal Maida/Maida Maavu, 500 g Pouch",30,Rs 18,40%,500 g,veg,https://www.bigbasket.com/media/uploads/p/mm/10000468_10-bb-royal-maida.jpg,"Maida is considered as bleached flour that has less protein compare to unbleached. It is an ideal blend of smooth and tough wheat. This flour is Bleached flour has less protein than unbleached. It is a extremely finely milled flour used in Indian cooking for making breads, pastries and various biscuits and in particular parottas. Click here for unique and delicious recipes - https://www.bigbasket.com/flavors/collections/232/flours-sooji/",1000046899,https://www.bigbasket.com/media/uploads/p/l/10000468_10-bb-royal-maida.jpg
63," FOODGRAINS, OIL & MASALA ", MASALAS & SPICES , WHOLE SPICES , BB ROYAL Black Pepper/Kali Mirch/Milagu,bb Royal,20000464,https://www.bigbasket.com/pd/20000464/bb-royal-black-pepperkali-mirch-50-g/,"bb Royal Black Pepper/Kali Mirch/Milagu, 50 g",60,Rs 39,35%,50 g,veg,https://www.bigbasket.com/media/uploads/p/mm/20000464_10-bb-royal-black-pepperkali-mirch.jpg,"A black peppercorn is a spice, which is adding it to any dish aids bring out the other flavours making everything flavour better. It is utilized along with other spices too to improve the flavour and taste. It is a rich supply of manganese, potassium, iron, vitamin-C, K, and dietary fibre. Black pepper is also a very superior anti-inflammatory agent.",20000464,https://www.bigbasket.com/media/uploads/p/l/20000464_10-bb-royal-black-pepperkali-mirch.jpg
64," FOODGRAINS, OIL & MASALA ", MASALAS & SPICES , WHOLE SPICES , BB ROYAL Black Pepper/Kali Mirch/Milagu,bb Royal,40000206,https://www.bigbasket.com/pd/40000206/bb-royal-black-pepperkali-mirch-100-g/,"bb Royal Black Pepper/Kali Mirch/Milagu, 100 g",120,Rs 75,38%,100 g,veg,https://www.bigbasket.com/media/uploads/p/mm/40000206_9-bb-royal-black-pepperkali-mirch.jpg,"Black Peppers are a flavorful spice that contains a high content of Vitamins. The dietary fibre content is high, it has no cholesterol and is extremely low in sugar content.",4.00002E+11,https://www.bigbasket.com/media/uploads/p/l/40000206_9-bb-royal-black-pepperkali-mirch.jpg
65," FOODGRAINS, OIL & MASALA ", MASALAS & SPICES , WHOLE SPICES , BB ROYAL Black Pepper/Kali Mirch/Milagu,bb Royal,40000207,https://www.bigbasket.com/pd/40000207/bb-royal-black-pepperkali-mirch-200-g/,"bb Royal Black Pepper/Kali Mirch/Milagu, 200 g",240,Rs 146,39%,200 g,veg,https://www.bigbasket.com/media/uploads/p/mm/40000207_8-bb-royal-black-pepperkali-mirch.jpg,"Pepper Black is one of the fresh and quality products that guarantee its edibility to use. It is Organic spices add the aromatic touch and flavour to all food items. Black pepper is used along with other spices too to improve the flavour and taste. It is a rich supply of manganese, vitamin-C, potassium, vitamin K, dietary fibre and iron. Black pepper is also a very fine anti-inflammatory agent.",8.90417E+12,https://www.bigbasket.com/media/uploads/p/l/40000207_8-bb-royal-black-pepperkali-mirch.jpg
66," FOODGRAINS, OIL & MASALA ", DALS & PULSES , URAD & OTHER DALS , BB ROYAL Urad Whole/Gota/Ulatham Paruppu,bb Royal,10000472,https://www.bigbasket.com/pd/10000472/bb-royal-urad-wholegota-1-kg-pouch/,"bb Royal Urad Whole/Gota/Ulatham Paruppu, 1 kg Pouch",190,Rs 142,25%,1 kg,veg,https://www.bigbasket.com/media/uploads/p/mm/10000472_9-bb-royal-urad-wholegota.jpg,"Urad wash gota is a skinned, off-white colored lentil with a strong taste and is native to India. It is a superb supply of protein and dietary fibre. It is one of the finest plant supplies of protein. Minerals such as iron, folic acid, magnesium and potassium, and vitamin B are also there. Click here for unique and delicious recipes - https://www.bigbasket.com/flavors/collections/230/dals-pulses/",1000047299,https://www.bigbasket.com/media/uploads/p/l/10000472_9-bb-royal-urad-wholegota.jpg
67," FOODGRAINS, OIL & MASALA ", DALS & PULSES , URAD & OTHER DALS , BB ROYAL Urad Whole/Gota/Ulatham Paruppu,bb Royal,10000465,https://www.bigbasket.com/pd/10000465/bb-royal-urad-wholegota-500-g-pouch/,"bb Royal Urad Whole/Gota/Ulatham Paruppu, 500 g Pouch",95,Rs 75,21%,500 g,veg,https://www.bigbasket.com/media/uploads/p/mm/10000465_10-bb-royal-urad-wholegota.jpg,"Urad wash gota is a skinned, off-white coloured lentil with a strong aroma and is native to India. It has high dietary value and is rich resource of vitamin B, iron, magnesium and potassium. It is generally used in preparation of different cuisines. Our product is hygienically processed in our units to eliminate all kind of dust and foreign particles. Urad dal is generally soaked and ground to make batter for idlis, dosas, vadas, etc. It is used in curries, chutneys and sometimes too makes desserts as well. Click here for unique and delicious recipes - https://www.bigbasket.com/flavors/collections/230/dals-pulses/",10000465,https://www.bigbasket.com/media/uploads/p/l/10000465_10-bb-royal-urad-wholegota.jpg
68," FOODGRAINS, OIL & MASALA ", DALS & PULSES , URAD & OTHER DALS , BB ROYAL Urad Whole/Gota/Ulundhu,bb Royal,20000430,https://www.bigbasket.com/pd/20000430/bb-royal-urad-gota-whole-2-kg-pouch/,"bb Royal Urad Whole/Gota/Ulundhu, 2 kg Pouch",380,Rs 280,26%,2 kg,veg,https://www.bigbasket.com/media/uploads/p/mm/20000430_7-bb-royal-urad-gota-whole.jpg,,2000430,https://www.bigbasket.com/media/uploads/p/l/20000430_7-bb-royal-urad-gota-whole.jpg
69," FOODGRAINS, OIL & MASALA ", RICE & RICE PRODUCTS ," POHA, SABUDANA & MURMURA ", BB ROYAL Avalakki/Aval/Chivda/Poha Thick/Aval,bb Royal,60000015,https://www.bigbasket.com/pd/60000015/bb-royal-avalakkiavalchivdapoha-thick-200-g-pouch/,"bb Royal Avalakki/Aval/Chivda/Poha Thick/Aval, 200 g Pouch",20,Rs 10,50%,200 g,,https://www.bigbasket.com/media/uploads/p/mm/60000015_4-bb-royal-avalakkiavalchivdapoha-thick.jpg,"Thick Poha is smaller in size, prepared by flattening the dehusked rice. It gets its thick texture and rectangular shape from less beating. It is highly nutritious enriched with Vitamins A & C, calcium, carbohydrates. It’s easy to digest, soft to chew and takes little time in cooking. It gives good energy as it contains low saturated fat which does not affect your cholesterol levels. It's an Ideal breakfast cereal for adults, senior citizens, and kids. It is a healthy snack because it is lactose, cholesterol, sodium and fat-free. Thick poha is preferred for making traditional poha dishes like Kanda Poha, aloo poha as it does not stick when soaked in water. It can also be used with Milk and Sugar or Cooked to Create Poha, Desserts, Upma. It Can Also Be Fried to Create Delicious Snacks. Your Favourite Poha/Avalakki/Aval/Chivda now comes with Bb Royal's trust, sourced from the finest farm, prepared in hygienic and qualitative packaging to ensure safe transits. Click here for unique and delicious recipes - https://www.bigbasket.com/flavors/collections/233/rice-rice-products/",60000015,https://www.bigbasket.com/media/uploads/p/l/60000015_4-bb-royal-avalakkiavalchivdapoha-thick.jpg
70," FOODGRAINS, OIL & MASALA ", RICE & RICE PRODUCTS ," POHA, SABUDANA & MURMURA ", BB ROYAL Poha /Avalakki/Aval/Chivda -Thick,bb Royal,10000453,https://www.bigbasket.com/pd/10000453/bb-royal-poha-avalakkiavalchivda-thick-500-g-pouch/,"bb Royal Poha /Avalakki/Aval/Chivda -Thick, 500 g Pouch",40,Rs 25,38%,500 g,veg,https://www.bigbasket.com/media/uploads/p/mm/10000453_13-bb-royal-poha-avalakkiavalchivda-thick.jpg,"Thick Poha is smaller in size, prepared by flattening the dehusked rice. It gets its thick texture and rectangular shape from less beating. It is highly nutritious enriched with Vitamins A & C, calcium, carbohydrates. It’s easy to digest, soft to chew and takes little time in cooking. It gives good energy as it contains low saturated fat which does not affect your cholesterol levels. It's an Ideal breakfast cereal for adults, senior citizens, and kids. It is a healthy snack because it is lactose, cholesterol, sodium and fat-free. Thick poha is preferred for making traditional poha dishes like Kanda Poha, aloo poha as it does not stick when soaked in water. It can also be used with Milk and Sugar or Cooked to Create Poha, Desserts, Upma. It Can Also Be Fried to Create Delicious Snacks. Your Favourite Poha/Avalakki/Aval/Chivda now comes with Bb Royal's trust, sourced from the finest farm, prepared in hygienic and qualitative packaging to ensure safe transits. Click here for unique and delicious recipes - https://www.bigbasket.com/flavors/collections/233/rice-rice-products/",10000453,https://www.bigbasket.com/media/uploads/p/l/10000453_13-bb-royal-poha-avalakkiavalchivda-thick.jpg
71," FOODGRAINS, OIL & MASALA ", RICE & RICE PRODUCTS ," POHA, SABUDANA & MURMURA ", BB ROYAL Poha/Avalakki/Aval/Chivda - Thick,bb Royal,10000431,https://www.bigbasket.com/pd/10000431/bb-royal-pohaavalakkiavalchivda-thick-1-kg-pouch/,"bb Royal Poha/Avalakki/Aval/Chivda - Thick, 1 kg Pouch",80,Rs 47,41%,1 kg,,https://www.bigbasket.com/media/uploads/p/mm/10000431_16-bb-royal-pohaavalakkiavalchivda-thick.jpg,"Thick Poha is smaller in size, prepared by flattening the dehusked rice. It gets its thick texture and rectangular shape from less beating. It is highly nutritious enriched with Vitamins A & C, calcium, carbohydrates. It’s easy to digest, soft to chew and takes little time in cooking. It gives good energy as it contains low saturated fat which does not affect your cholesterol levels. It's an Ideal breakfast cereal for adults, senior citizens, and kids. It is a healthy snack because it is lactose, cholesterol, sodium and fat-free. Thick poha is preferred for making traditional poha dishes like Kanda Poha, aloo poha as it does not stick when soaked in water. It can also be used with Milk and Sugar or Cooked to Create Poha, Desserts, Upma. It Can Also Be Fried to Create Delicious Snacks. Your Favourite Poha/Avalakki/Aval/Chivda now comes with Bb Royal's trust, sourced from the finest farm, prepared in hygienic and qualitative packaging to ensure safe transits. Click here for unique and delicious recipes - https://www.bigbasket.com/flavors/collections/233/rice-rice-products/",10000431,https://www.bigbasket.com/media/uploads/p/l/10000431_16-bb-royal-pohaavalakkiavalchivda-thick.jpg
74," FOODGRAINS, OIL & MASALA ", RICE & RICE PRODUCTS , RAW RICE , BB ROYAL Ponni Raw Rice/Pacharisi,bb Royal,60000048,https://www.bigbasket.com/pd/60000048/bb-royal-ponni-raw-rice-5-kg-pouch/,"bb Royal Ponni Raw Rice/Pacharisi, 5 kg (12 - 17 Months Old)",350,Rs 260,26%,5 kg,veg,https://www.bigbasket.com/media/uploads/p/mm/60000048_1-bb-royal-ponni-raw-rice.jpg,"Tamil Ponny Raw Rice Is Clean And Pure. The Main Feature Of This Rice Is That It Withstands Extended Shelf Life. It Relishes In Aroma, Given That A High Nutrition Value To Anyone'S Diet. It Can Be Attributed For Its Low Glycemic Index Which Assists In The Control Of Diabetes, Obesity & Cholesterol. It Is Cleaned And Packed At Our Hygienic Facilities. Click here for unique and delicious recipes - https://www.bigbasket.com/flavors/collections/233/rice-rice-products/",60000048,https://www.bigbasket.com/media/uploads/p/l/60000048_1-bb-royal-ponni-raw-rice.jpg
75," FOODGRAINS, OIL & MASALA ", RICE & RICE PRODUCTS , RAW RICE , BB ROYAL Ponni Raw Rice/Pacharisi,bb Royal,60000045,https://www.bigbasket.com/pd/60000045/bb-royal-ponni-raw-rice-1-kg-pouch/,"bb Royal Ponni Raw Rice/Pacharisi, 1 kg (12 - 17 Months Old)",70,Rs 55,21%,1 kg,veg,https://www.bigbasket.com/media/uploads/p/mm/60000045_1-bb-royal-ponni-raw-rice.jpg,"Tamil Ponny Raw Rice Is Clean And Pure. The Main Feature Of This Rice Is That It Withstands Extended Shelf Life. It Relishes In Aroma, Given That A High Nutrition Value To Anyone'S Diet. It Can Be Attributed For Its Low Glycemic Index Which Assists In The Control Of Diabetes, Obesity & Cholesterol. It Is Cleaned And Packed At Our Hygienic Facilities. Click here for unique and delicious recipes - https://www.bigbasket.com/flavors/collections/233/rice-rice-products/",60000045,https://www.bigbasket.com/media/uploads/p/l/60000045_1-bb-royal-ponni-raw-rice.jpg
76," FOODGRAINS, OIL & MASALA ", RICE & RICE PRODUCTS , RAW RICE , BB ROYAL Ponni Raw Rice/Pacharisi,bb Royal,60000046,https://www.bigbasket.com/pd/60000046/bb-royal-ponni-raw-rice-10-kg-bag/,"bb Royal Ponni Raw Rice/Pacharisi, 10 kg (12 - 17 Months Old)",700,Rs 510,27%,10 kg,veg,https://www.bigbasket.com/media/uploads/p/mm/60000046_4-bb-royal-ponni-raw-rice.jpg,"Tamil Ponny Raw Rice Is Clean And Pure. The Main Feature Of This Rice Is That It Withstands Extended Shelf Life. It Relishes In Aroma, Given That A High Nutrition Value To Anyone'S Diet. It Can Be Attributed For Its Low Glycemic Index Which Assists In The Control Of Diabetes, Obesity & Cholesterol. It Is Cleaned And Packed At Our Hygienic Facilities. Click here for unique and delicious recipes - https://www.bigbasket.com/flavors/collections/233/rice-rice-products/",60000046,https://www.bigbasket.com/media/uploads/p/l/60000046_4-bb-royal-ponni-raw-rice.jpg
77," FOODGRAINS, OIL & MASALA ", RICE & RICE PRODUCTS , RAW RICE , BB ROYAL Ponni Raw Rice/Pacharisi,bb Royal,60000047,https://www.bigbasket.com/pd/60000047/bb-royal-ponni-raw-rice-25-kg-bag/,"bb Royal Ponni Raw Rice/Pacharisi, 25 kg (12 - 17 Months Old)",1875,Rs 1275,32%,25 kg,veg,https://www.bigbasket.com/media/uploads/p/mm/60000047_4-bb-royal-ponni-raw-rice.jpg,"Tamil Ponny Raw Rice Is Clean And Pure. The Main Feature Of This Rice Is That It Withstands Extended Shelf Life. It Relishes In Aroma, Given That A High Nutrition Value To Anyone'S Diet. It Can Be Attributed For Its Low Glycemic Index Which Assists In The Control Of Diabetes, Obesity & Cholesterol. It Is Cleaned And Packed At Our Hygienic Facilities. Click here for unique and delicious recipes - https://www.bigbasket.com/flavors/collections/233/rice-rice-products/",60000047,https://www.bigbasket.com/media/uploads/p/l/60000047_4-bb-royal-ponni-raw-rice.jpg
78," FOODGRAINS, OIL & MASALA "," SALT, SUGAR & JAGGERY ", SUGAR & JAGGERY , BB ROYAL Jaggery Powder/Nattu Sakkarai,bb Royal,40071222,https://www.bigbasket.com/pd/40071222/bb-royal-jaggery-powdernattu-sakkarai-500-g/,"bb Royal Jaggery Powder/Nattu Sakkarai, 500 g",60,Rs 34,43%,500 g,,https://www.bigbasket.com/media/uploads/p/mm/40071222_4-bb-royal-jaggery-powdernattu-sakkarai.jpg,Jaggery Powder or Nattu Sakkarai was first made by Sugar cane farmers. The end product obtained by boiling sugar cane juice until it turns thick and cast into moulds as cubes and powdered into grains.,40071222,https://www.bigbasket.com/media/uploads/p/l/40071222_4-bb-royal-jaggery-powdernattu-sakkarai.jpg
79," FOODGRAINS, OIL & MASALA ", MASALAS & SPICES , WHOLE SPICES , BB ROYAL Mustard/Rye Small/Kaduku,bb Royal,10000482,https://www.bigbasket.com/pd/10000482/bb-royal-mustardrai-small-100-g/,"bb Royal Mustard/Rye Small/Kaduku, 100 g",25,Rs 15,40%,100 g,veg,https://www.bigbasket.com/media/uploads/p/mm/10000482_11-bb-royal-mustardrai-small.jpg,"Mustard seeds are a very famous ingredient in several regional cuisines. It also relishes the spicy, aromatic rustic taste and fragrance that mustard can add to your meals. they are known to have numerous benefits since they are low in calories and rich in nutritional value and have a lot of antibacterial and antiseptic qualities.",1000048299,https://www.bigbasket.com/media/uploads/p/l/10000482_11-bb-royal-mustardrai-small.jpg
80," FOODGRAINS, OIL & MASALA ", MASALAS & SPICES , WHOLE SPICES , BB ROYAL Mustard/Rye Small/Kaduku,bb Royal,40026602,https://www.bigbasket.com/pd/40026602/bb-royal-mustardrai-small-500-g/,"bb Royal Mustard/Rye Small/Kaduku, 500 g",125,Rs 68,46%,500 g,veg,https://www.bigbasket.com/media/uploads/p/mm/40026602_8-bb-royal-mustardrai-small.jpg,"Mustard seeds enjoy the peppery, sweet-smelling rustic flavour and fragrance that mustard can add to your meals. These are a very trendy ingredient in many regional cuisines. they are recognised to have several benefits since they are low in calories and high in dietary value and have a lot of antibacterial and antiseptic qualities.",40026602,https://www.bigbasket.com/media/uploads/p/l/40026602_8-bb-royal-mustardrai-small.jpg
81," FOODGRAINS, OIL & MASALA ", MASALAS & SPICES , WHOLE SPICES , BB ROYAL Mustard/Rai - Small,bb Royal,40030810,https://www.bigbasket.com/pd/40030810/bb-royal-mustardrai-small-1-kg/,"bb Royal Mustard/Rai - Small, 1 kg",250,Rs 130,48%,1 kg,veg,https://www.bigbasket.com/media/uploads/p/mm/40030810_6-bb-royal-mustardrai-small.jpg,"Enjoy the peppery, sweet-smelling rustic flavour and fragrance that mustard can add to your meals. These are a very trendy ingredient in many regional cuisines. They're recognised to have several benefits since they're low in calories and high in dietary value and have a lot of antibacterial and antiseptic qualities.",40030810,https://www.bigbasket.com/media/uploads/p/l/40030810_6-bb-royal-mustardrai-small.jpg
82," FOODGRAINS, OIL & MASALA ", MASALAS & SPICES , WHOLE SPICES , BB ROYAL Mustard/Rye Small/Kaduku,bb Royal,10000485,https://www.bigbasket.com/pd/10000485/bb-royal-mustardrai-small-200-g/,"bb Royal Mustard/Rye Small/Kaduku, 200 g",50,Rs 28,44%,200 g,veg,https://www.bigbasket.com/media/uploads/p/mm/10000485_12-bb-royal-mustardrai-small.jpg,"Mustard or Rai is a cruciferous vegetable that is related to broccoli, Brussels sprouts and cabbage. While there are almost 40 different types of mustard plants, there are only two varieties which we are used as a staple in Indian kitchens - the black and the white. Each variety has unique healing properties like the black mustard seeds contain loads of glucosinolates, a phytonutrient that is known to protect against cancer.  BB Royal brings you exclusively picked rai or mustard seeds, which is packed in a way that they retain their pungent flavour and quality.",1000048599,https://www.bigbasket.com/media/uploads/p/l/10000485_12-bb-royal-mustardrai-small.jpg
84," FOODGRAINS, OIL & MASALA "," ATTA, FLOURS & SOOJI "," SOOJI, MAIDA & BESAN ", BB ROYAL Ordinary Sooji/Ravai,bb Royal,10000422,https://www.bigbasket.com/pd/10000422/bb-royal-sooji-ordinarybombay-rava-500-g-pouch/,"bb Royal Ordinary Sooji/Ravai, 500 g Pouch",30,Rs 21,30%,500 g,veg,https://www.bigbasket.com/media/uploads/p/mm/10000422_9-bb-royal-sooji-ordinarybombay-rava.jpg,Ordinary Sooji is very tasty to prepare and enjoy it. It comes to use as the key ingredient in different Indian dishes. It is utilized widely in the kitchen for preparing a number of dishes. It is rich in fiber and very wholesome. It makes a very healthful and is very strong and good for people who are on diet. It is hygienically processed and is guaranteed for rich flavor and taste. Click here for unique and delicious recipes - https://www.bigbasket.com/flavors/collections/232/flours-sooji/,10000422,https://www.bigbasket.com/media/uploads/p/l/10000422_9-bb-royal-sooji-ordinarybombay-rava.jpg
85," FOODGRAINS, OIL & MASALA "," ATTA, FLOURS & SOOJI "," SOOJI, MAIDA & BESAN ", BB ROYAL Ordinary Sooji/Ravai,bb Royal,10000423,https://www.bigbasket.com/pd/10000423/bb-royal-sooji-ordinarybombay-rava-1-kg-pouch/,"bb Royal Ordinary Sooji/Ravai, 1 kg Pouch",60,Rs 42,30%,1 kg,veg,https://www.bigbasket.com/media/uploads/p/mm/10000423_10-bb-royal-sooji-ordinarybombay-rava.jpg,The BB Royal Sooji or semolina is packed with health benefits. It is actually anything but ordinary because it has been sourced from the finest of durum wheat and then packaged hygenically so that it doesnt get affected by humidity. Click here for unique and delicious recipes - https://www.bigbasket.com/flavors/collections/232/flours-sooji/,1000042399,https://www.bigbasket.com/media/uploads/p/l/10000423_10-bb-royal-sooji-ordinarybombay-rava.jpg
86," FOODGRAINS, OIL & MASALA ", RICE & RICE PRODUCTS , RAW RICE ," BB POPULAR Rice - Raw, Sona Masoori",bb Popular,10000448,https://www.bigbasket.com/pd/10000448/bb-popular-rice-raw-sona-masoori-1-kg-pouch/,"bb Popular Rice - Raw, Sona Masoori, 1 kg (6 - 11 Months Old)",65,Rs 50,23%,1 kg,veg,https://www.bigbasket.com/media/uploads/p/mm/10000448_14-bb-popular-rice-raw-sona-masoori.jpg,"Sona Masoori Raw Rice is daintily processed to eliminate foreign grains, dust particles, husk and extra impurities. It is free from all fake colours and injurious adulterants. It is a yummy flavour and has a fine texture. This rice is grown with no usage of any chemical pesticides and hence has great savour and scent. It has an exceptional supply of protein and high in the nutrients. Click here for unique and delicious recipes - https://www.bigbasket.com/flavors/collections/233/rice-rice-products/",10000448,https://www.bigbasket.com/media/uploads/p/l/10000448_14-bb-popular-rice-raw-sona-masoori.jpg
87," FOODGRAINS, OIL & MASALA ", RICE & RICE PRODUCTS , RAW RICE ," BB POPULAR Rice - Raw, Sona Masoori",bb Popular,10000410,https://www.bigbasket.com/pd/10000410/bb-popular-rice-raw-sona-masoori-5-kg-bag/,"bb Popular Rice - Raw, Sona Masoori, 5 kg (6 - 11 Months Old)",325,Rs 245,25%,5 kg,veg,https://www.bigbasket.com/media/uploads/p/mm/10000410_13-bb-popular-rice-raw-sona-masoori.jpg,"Sona Masoori Raw Rice contains less starch and is easily digestible. The rice is lightweight and has a distinct aroma making it ideal for preparing dishes like sweet pongal, biryani, fried rice etc. It is finely processed to remove foreign grains, husk, dust particles and other impurities. This rice is grown without the usage of any chemicals. Click here for unique and delicious recipes - https://www.bigbasket.com/flavors/collections/233/rice-rice-products/",10000410,https://www.bigbasket.com/media/uploads/p/l/10000410_13-bb-popular-rice-raw-sona-masoori.jpg
88," FOODGRAINS, OIL & MASALA ", RICE & RICE PRODUCTS , RAW RICE ," BB POPULAR Rice - Raw, Sona Masoori",bb Popular,10000405,https://www.bigbasket.com/pd/10000405/bb-popular-rice-raw-sona-masoori-10-kg-bag/,"bb Popular Rice - Raw, Sona Masoori, 10 kg (6 - 11 Months Old)",650,Rs 480,26%,10 kg,veg,https://www.bigbasket.com/media/uploads/p/mm/10000405_17-bb-popular-rice-raw-sona-masoori.jpg,"Sona Masoori Raw Rice contains less starch and is easily digestible. The rice is lightweight and has a distinct aroma making it ideal for preparing dishes like sweet pongal, biryani, fried rice etc. It is finely processed to remove foreign grains, husk, dust particles and other impurities. This rice is grown without the usage of any chemicals. Click here for unique and delicious recipes - https://www.bigbasket.com/flavors/collections/233/rice-rice-products/",10000405,https://www.bigbasket.com/media/uploads/p/l/10000405_17-bb-popular-rice-raw-sona-masoori.jpg
89," FOODGRAINS, OIL & MASALA ", RICE & RICE PRODUCTS , RAW RICE ," BB POPULAR Rice - Raw, Sona Masoori",bb Popular,20001215,https://www.bigbasket.com/pd/20001215/bb-popular-rice-raw-sona-masoori-25-kg-bag/,"bb Popular Rice - Raw, Sona Masoori, 25 kg (6 - 11 Months Old)",1625,Rs 1175,28%,25 kg,veg,https://www.bigbasket.com/media/uploads/p/mm/20001215_9-bb-popular-rice-raw-sona-masoori.jpg,"Sona Masoori Rice is in aromatic rice that is lightweight and low in starch most often used in dishes such as biryani, sweet pongal, idlis and fried rice. It is fat-free and a superior resource or carbohydrates. It has a good dietary value containing protein and carbohydrates. Click here for unique and delicious recipes - https://www.bigbasket.com/flavors/collections/233/rice-rice-products/",20001215,https://www.bigbasket.com/media/uploads/p/l/20001215_9-bb-popular-rice-raw-sona-masoori.jpg
90," FOODGRAINS, OIL & MASALA ", ORGANIC STAPLES ," ORGANIC SUGAR, JAGGERY ", BB ROYAL Organic - Brown Sugar,bb Royal,40114163,https://www.bigbasket.com/pd/40114163/bb-royal-organic-brown-sugar-5-kg/,"bb Royal Organic - Brown Sugar, 5 kg",499,Rs 369,26%,5 kg,veg,https://www.bigbasket.com/media/uploads/p/mm/40114163_13-bb-royal-organic-brown-sugar.jpg,"Organic Brown sugar is a sucrose sugar product with a distinctive brown color due to the presence of Organic molasses. It is either an unrefined or partially refined soft sugar consisting of sugar crystals with some residual molasses content, or it is produced by the addition of molasses to refined white sugar (commercial brown sugar).",40114163,https://www.bigbasket.com/media/uploads/p/l/40114163_13-bb-royal-organic-brown-sugar.jpg
91," FOODGRAINS, OIL & MASALA ", ORGANIC STAPLES ," ORGANIC SUGAR, JAGGERY ", BB ROYAL Organic - Brown Sugar / Sakarai,bb Royal,40075301,https://www.bigbasket.com/pd/40075301/bb-royal-organic-brown-sugar-500-g/,"bb Royal Organic - Brown Sugar / Sakarai, 500 g",60,Rs 44,27%,500 g,veg,https://www.bigbasket.com/media/uploads/p/mm/40075301_11-bb-royal-organic-brown-sugar.jpg,"Organic Brown sugar is a sucrose sugar product with a distinctive brown color due to the presence of Organic molasses. It is either an unrefined or partially refined soft sugar consisting of sugar crystals with some residual molasses content, or it is produced by the addition of molasses to refined white sugar (commercial brown sugar).",40075301,https://www.bigbasket.com/media/uploads/p/l/40075301_11-bb-royal-organic-brown-sugar.jpg
92," FOODGRAINS, OIL & MASALA ", ORGANIC STAPLES ," ORGANIC SUGAR, JAGGERY ", BB ROYAL Organic - Brown Sugar / Sakarai,bb Royal,40075302,https://www.bigbasket.com/pd/40075302/bb-royal-organic-brown-sugar-1-kg/,"bb Royal Organic - Brown Sugar / Sakarai, 1 kg",119,Rs 80,33%,1 kg,veg,https://www.bigbasket.com/media/uploads/p/mm/40075302_11-bb-royal-organic-brown-sugar.jpg,"Organic Brown sugar is a sucrose sugar product with a distinctive brown color due to the presence of Organic molasses. It is either an unrefined or partially refined soft sugar consisting of sugar crystals with some residual molasses content, or it is produced by the addition of molasses to refined white sugar (commercial brown sugar).",40075302,https://www.bigbasket.com/media/uploads/p/l/40075302_11-bb-royal-organic-brown-sugar.jpg
93," FOODGRAINS, OIL & MASALA ", ORGANIC STAPLES ," ORGANIC SUGAR, JAGGERY ", BB ROYAL Organic - Brown Sugar,bb Royal,40091135,https://www.bigbasket.com/pd/40091135/bb-royal-organic-brown-sugar-2-kg/,"bb Royal Organic - Brown Sugar, 2 kg",229,Rs 159,31%,2 kg,veg,https://www.bigbasket.com/media/uploads/p/mm/40091135_11-bb-royal-organic-brown-sugar.jpg,"Organic Brown sugar is a sucrose sugar product with a distinctive brown color due to the presence of Organic molasses. It is either an unrefined or partially refined soft sugar consisting of sugar crystals with some residual molasses content, or it is produced by the addition of molasses to refined white sugar (commercial brown sugar).",40091135,https://www.bigbasket.com/media/uploads/p/l/40091135_11-bb-royal-organic-brown-sugar.jpg
94," FOODGRAINS, OIL & MASALA ", MASALAS & SPICES , WHOLE SPICES , BB POPULAR Coriander / Dhania Seeds,bb Popular,40067285,https://www.bigbasket.com/pd/40067285/bb-popular-coriander-dhania-seeds-200-g/,"bb Popular Coriander / Dhania Seeds, 200 g",50,Rs 40,20%,200 g,veg,https://www.bigbasket.com/media/uploads/p/mm/40067285_7-bb-popular-coriander-dhania-seeds.jpg,"BB Royal is our in house premium brand of the finest staples sourced right from the best farms and produce centers in order to get you good quality at competitive prices. Every product is carefully selected by experienced and technically competent merchandisers, cleaned and packed at our hygienic facilities in food grade plastic and sold to you at the most competitive prices in the market.",40067285,https://www.bigbasket.com/media/uploads/p/l/40067285_7-bb-popular-coriander-dhania-seeds.jpg
95," FOODGRAINS, OIL & MASALA ", MASALAS & SPICES , WHOLE SPICES , BB POPULAR Coriander / Dhania Seeds,bb Popular,40067286,https://www.bigbasket.com/pd/40067286/bb-popular-coriander-dhania-seeds-500-g/,"bb Popular Coriander / Dhania Seeds, 500 g",125,Rs 89,29%,500 g,veg,https://www.bigbasket.com/media/uploads/p/mm/40067286_7-bb-popular-coriander-dhania-seeds.jpg,"BB Royal is our in house premium brand of the finest staples sourced right from the best farms and produce centers in order to get you good quality at competitive prices. Every product is carefully selected by experienced and technically competent merchandisers, cleaned and packed at our hygienic facilities in food grade plastic and sold to you at the most competitive prices in the market.",40067286,https://www.bigbasket.com/media/uploads/p/l/40067286_7-bb-popular-coriander-dhania-seeds.jpg
96," FOODGRAINS, OIL & MASALA ", MASALAS & SPICES , WHOLE SPICES , BB POPULAR Fenugreek/Methi,bb Popular,40067275,https://www.bigbasket.com/pd/40067275/bb-popular-fenugreekmethi-100-g/,"bb Popular Fenugreek/Methi, 100 g",20,Rs 12,40%,100 g,veg,https://www.bigbasket.com/media/uploads/p/mm/40067275_2-bb-popular-fenugreekmethi.jpg,"Methi or fenugreek seeds are small, solid, cuboid-shaped, dirty yellow coloured, fragrant, strong flavoured seeds of the fenugreek plant. They are wealthy in copper, dietary fibre and iron. They include vitamin C and minerals such as potassium, phosphorous, calcium, magnesium and sodium in plenty. It is used to create many dishes.",40067275,https://www.bigbasket.com/media/uploads/p/l/40067275_2-bb-popular-fenugreekmethi.jpg
97," FOODGRAINS, OIL & MASALA ", MASALAS & SPICES , WHOLE SPICES , BB POPULAR Fenugreek/Methi,bb Popular,40067276,https://www.bigbasket.com/pd/40067276/bb-popular-fenugreekmethi-200-g/,"bb Popular Fenugreek/Methi, 200 g",40,Rs 24,40%,200 g,veg,https://www.bigbasket.com/media/uploads/p/mm/40067276_4-bb-popular-fenugreekmethi.jpg,"Methi or fenugreek seeds are small, solid, cuboid-shaped, dirty yellow coloured, fragrant, strong flavoured seeds of the fenugreek plant. They are wealthy in copper, dietary fibre and iron. They include vitamin C and minerals such as potassium, phosphorous, calcium, magnesium and sodium in plenty. It is used to create many dishes.",40067276,https://www.bigbasket.com/media/uploads/p/l/40067276_4-bb-popular-fenugreekmethi.jpg
98," FOODGRAINS, OIL & MASALA ", DALS & PULSES ," TOOR, CHANNA & MOONG DAL ", BB ROYAL Toor Dal/Arhar Dal/Thuvaram Paruppu,bb Royal,10000425,https://www.bigbasket.com/pd/10000425/bb-royal-toor-dalarhar-dal-desi-1-kg-pouch/,"bb Royal Toor Dal/Arhar Dal/Thuvaram Paruppu, 1 kg Pouch",170,Rs 139,18%,1 kg,veg,https://www.bigbasket.com/media/uploads/p/mm/10000425_13-bb-royal-toor-dalarhar-dal-desi.jpg,"BB Royal toor dal is procured directly from farmers, and is grown in fertile soil and a hygienic environment. The dal is cleaned and packed by bigbasket with utmost care to remove all foreign materials and preserve its nutritional values. It is simple to cook, delicious and easily digestible as well. Click here for delicious recipes - https://www.bigbasket.com/flavors/collections/225/staples/ Click here for unique and delicious recipes - https://www.bigbasket.com/flavors/collections/230/dals-pulses/",1000042599,https://www.bigbasket.com/media/uploads/p/l/10000425_13-bb-royal-toor-dalarhar-dal-desi.jpg
99," FOODGRAINS, OIL & MASALA ", DALS & PULSES ," TOOR, CHANNA & MOONG DAL ", BB ROYAL Toor Dal/Arhar Dal/Thuvaram Paruppu,bb Royal,10000804,https://www.bigbasket.com/pd/10000804/bb-royal-toor-dalarhar-dal-desi-2-kg-pouch/,"bb Royal Toor Dal/Arhar Dal/Thuvaram Paruppu, 2 kg Pouch",340,Rs 275,19%,2 kg,veg,https://www.bigbasket.com/media/uploads/p/mm/10000804_10-bb-royal-toor-dalarhar-dal-desi.jpg,"Toor Dal completes the Indian platter with its distinctive inherent flavor, fragrance and nutrition. These are wealthy source of protein and simple to digest and cook. It is tasty flavor and contains high nutritional value. It is simple to cook property. This lentil is correctly cleaned and is free from foreign material. These toor dals are extremely healthy perfect for the family as brilliant ingredients for different dishes and delicacies. Click here for unique and delicious recipes - https://www.bigbasket.com/flavors/collections/230/dals-pulses/",1.00008E+11,https://www.bigbasket.com/media/uploads/p/l/10000804_10-bb-royal-toor-dalarhar-dal-desi.jpg
100," FOODGRAINS, OIL & MASALA ", DALS & PULSES ," TOOR, CHANNA & MOONG DAL ", BB ROYAL Toor Dal/Arhar Dal/Thuvaram Paruppu,bb Royal,10000444,https://www.bigbasket.com/pd/10000444/bb-royal-toor-dalarhar-dal-desi-500-g-pouch/,"bb Royal Toor Dal/Arhar Dal/Thuvaram Paruppu, 500 g Pouch",85,Rs 73,14%,500 g,veg,https://www.bigbasket.com/media/uploads/p/mm/10000444_9-bb-royal-toor-dalarhar-dal-desi.jpg,Toor Dal is grown in vigorous soil and hygienic environment at their end. These are rich supply of protein and simple to digest and cook. It is yummy taste and has high dietary value. It is trouble-free to cook property. This lentil is properly cleaned and is free from foreign material. Click here for unique and delicious recipes - https://www.bigbasket.com/flavors/collections/230/dals-pulses/,1000044499,https://www.bigbasket.com/media/uploads/p/l/10000444_9-bb-royal-toor-dalarhar-dal-desi.jpg
101," FOODGRAINS, OIL & MASALA ", DALS & PULSES ," TOOR, CHANNA & MOONG DAL ", BB ROYAL Toor Dal/Arhar Dal - Desi,bb Royal,40042841,https://www.bigbasket.com/pd/40042841/bb-royal-toor-dalarhar-dal-desi-5-kg-pouch/,"bb Royal Toor Dal/Arhar Dal - Desi, 5 kg Pouch",850,Rs 661,22%,5 kg,veg,https://www.bigbasket.com/media/uploads/p/mm/40042841_5-bb-royal-toor-dalarhar-dal-desi.jpg,,40042841,https://www.bigbasket.com/media/uploads/p/l/40042841_5-bb-royal-toor-dalarhar-dal-desi.jpg
102," FOODGRAINS, OIL & MASALA ", RICE & RICE PRODUCTS , BOILED & STEAM RICE , BB ROYAL Ponni Boiled Rice - Super Premium,bb Royal,40075892,https://www.bigbasket.com/pd/40075892/bb-royal-ponni-boiled-rice-super-premium-5-kg/,"bb Royal Ponni Boiled Rice - Super Premium, 5 kg (18 + Months Old)",375,Rs 318,15%,5 kg,veg,https://www.bigbasket.com/media/uploads/p/mm/40075892_4-bb-royal-ponni-boiled-rice-super-premium.jpg,"Tamil Ponny raw rice is clean and pure. The main feature of this rice is that it withstands extended shelf life. It relishes in aroma, given that a high nutrition value to anyones diet. It can be attributed for its low glycemic index which assists in the control of diabetes, obesity & cholesterol. It is cleaned and packed at our hygienic facilities. Click here for unique and delicious recipes - https://www.bigbasket.com/flavors/collections/233/rice-rice-products/",40075892,https://www.bigbasket.com/media/uploads/p/l/40075892_4-bb-royal-ponni-boiled-rice-super-premium.jpg
103," FOODGRAINS, OIL & MASALA ", RICE & RICE PRODUCTS , BOILED & STEAM RICE , BB ROYAL Ponni Boiled Rice - Super Premium,bb Royal,40075893,https://www.bigbasket.com/pd/40075893/bb-royal-ponni-boiled-rice-super-premium-10-kg/,"bb Royal Ponni Boiled Rice - Super Premium, 10 kg (18 + Months Old)",750,Rs 630,16%,10 kg,veg,https://www.bigbasket.com/media/uploads/p/mm/40075893_5-bb-royal-ponni-boiled-rice-super-premium.jpg,"Tamil Ponny raw rice is clean and pure. The main feature of this rice is that it withstands extended shelf life. It relishes in aroma, given that a high nutrition value to anyones diet. It can be attributed for its low glycemic index which assists in the control of diabetes, obesity & cholesterol. It is cleaned and packed at our hygienic facilities. Click here for unique and delicious recipes - https://www.bigbasket.com/flavors/collections/233/rice-rice-products/",40075893,https://www.bigbasket.com/media/uploads/p/l/40075893_5-bb-royal-ponni-boiled-rice-super-premium.jpg
104," FOODGRAINS, OIL & MASALA ", RICE & RICE PRODUCTS , BOILED & STEAM RICE , BB ROYAL Ponni Boiled Rice - Super Premium,bb Royal,40075894,https://www.bigbasket.com/pd/40075894/bb-royal-ponni-boiled-rice-super-premium-25-kg/,"bb Royal Ponni Boiled Rice - Super Premium, 25 kg (18 + Months Old)",1875,Rs 1440.97,23%,25 kg,veg,https://www.bigbasket.com/media/uploads/p/mm/40075894_5-bb-royal-ponni-boiled-rice-super-premium.jpg,"Tamil Ponny raw rice is clean and pure. The main feature of this rice is that it withstands extended shelf life. It relishes in aroma, given that a high nutrition value to anyones diet. It can be attributed for its low glycemic index which assists in the control of diabetes, obesity & cholesterol. It is cleaned and packed at our hygienic facilities. Click here for unique and delicious recipes - https://www.bigbasket.com/flavors/collections/233/rice-rice-products/",40075894,https://www.bigbasket.com/media/uploads/p/l/40075894_5-bb-royal-ponni-boiled-rice-super-premium.jpg
105," FOODGRAINS, OIL & MASALA ", DALS & PULSES ," TOOR, CHANNA & MOONG DAL ", BB POPULAR Kabuli Channa/Moo Kadalai,bb Popular,40003555,https://www.bigbasket.com/pd/40003555/bb-popular-channa-kabuli-200-g-pouch/,"bb Popular Kabuli Channa/Moo Kadalai, 200 g Pouch",32,Rs 26,19%,200 g,veg,https://www.bigbasket.com/media/uploads/p/mm/40003555_11-bb-popular-channa-kabuli.jpg,"Kabuli channas are a helpful source of zinc, folate and protein. They are also very high in dietary fiber and hence a healthy food, especially as a source of carbohydrates for persons with insulin sensitivity or diabetes. Click here for unique and delicious recipes - https://www.bigbasket.com/flavors/collections/230/dals-pulses/",400035551,https://www.bigbasket.com/media/uploads/p/l/40003555_11-bb-popular-channa-kabuli.jpg
106," FOODGRAINS, OIL & MASALA ", DALS & PULSES ," TOOR, CHANNA & MOONG DAL ", BB POPULAR Kabuli Channa/Moo Kadalai,bb Popular,40003556,https://www.bigbasket.com/pd/40003556/bb-popular-channa-kabuli-500-g-pouch/,"bb Popular Kabuli Channa/Moo Kadalai, 500 g Pouch",80,Rs 63,21%,500 g,veg,https://www.bigbasket.com/media/uploads/p/mm/40003556_12-bb-popular-channa-kabuli.jpg,,400035561,https://www.bigbasket.com/media/uploads/p/l/40003556_12-bb-popular-channa-kabuli.jpg
107," FOODGRAINS, OIL & MASALA ", DALS & PULSES ," TOOR, CHANNA & MOONG DAL ", BB POPULAR Kabuli Channa/Moo Kadalai,bb Popular,30005421,https://www.bigbasket.com/pd/30005421/bb-popular-kabuli-channa-1-kg-pouch/,"bb Popular Kabuli Channa/Moo Kadalai, 1 kg Pouch",160,Rs 101.97,36%,1 kg,,https://www.bigbasket.com/media/uploads/p/mm/30005421_5-bb-popular-kabuli-channa.jpg,"Kabuli chana is believed to be one of the earliest cultivated legumes. It looks kind of like a wrinkled hazelnut. This is one of the versatile dishes of Indian cuisine, having a nutty and creamy flavor. White chickpeas are one of the most famous edible legumes of firm texture. It is a rich source of minerals such as iron, potassium, magnesium, calcium, phosphorous and importantly, molybdenum. Click here for unique and delicious recipes - https://www.bigbasket.com/flavors/collections/230/dals-pulses/",30005421,https://www.bigbasket.com/media/uploads/p/l/30005421_5-bb-popular-kabuli-channa.jpg
109," FOODGRAINS, OIL & MASALA ", DALS & PULSES ," TOOR, CHANNA & MOONG DAL ", BB POPULAR Channa Dal/Kalla Paruppu,bb Popular,20000432,https://www.bigbasket.com/pd/20000432/bb-popular-channa-dal-1-kg-pouch/,"bb Popular Channa Dal/Kalla Paruppu, 1 kg Pouch",150,Rs 105,30%,1 kg,veg,https://www.bigbasket.com/media/uploads/p/mm/20000432_13-bb-popular-channa-dal.jpg,,20000432,https://www.bigbasket.com/media/uploads/p/l/20000432_13-bb-popular-channa-dal.jpg
110," FOODGRAINS, OIL & MASALA ", DALS & PULSES ," TOOR, CHANNA & MOONG DAL ", BB POPULAR Channa Dal/Kalla Paruppu,bb Popular,20000540,https://www.bigbasket.com/pd/20000540/bb-popular-channa-dal-500-g-pouch/,"bb Popular Channa Dal/Kalla Paruppu, 500 g Pouch",75,Rs 46,39%,500 g,veg,https://www.bigbasket.com/media/uploads/p/mm/20000540_6-bb-popular-channa-dal.jpg,,2000054099,https://www.bigbasket.com/media/uploads/p/l/20000540_6-bb-popular-channa-dal.jpg
111," FOODGRAINS, OIL & MASALA ", DALS & PULSES ," TOOR, CHANNA & MOONG DAL ", BB POPULAR Channa Dal,bb Popular,40042839,https://www.bigbasket.com/pd/40042839/bb-popular-channa-dal-2-kg-pouch/,"bb Popular Channa Dal, 2 kg Pouch",300,Rs 199,34%,2 kg,veg,https://www.bigbasket.com/media/uploads/p/mm/40042839_5-bb-popular-channa-dal.jpg,,40042839,https://www.bigbasket.com/media/uploads/p/l/40042839_5-bb-popular-channa-dal.jpg
112," FOODGRAINS, OIL & MASALA ", RICE & RICE PRODUCTS , BOILED & STEAM RICE , BB POPULAR Idli Rice,bb Popular,40128960,https://www.bigbasket.com/pd/40128960/bb-popular-idli-rice-2-kg/,"bb Popular Idli Rice, 2 kg",99,Rs 72,27%,2 kg,veg,https://www.bigbasket.com/media/uploads/p/mm/40128960_5-bb-popular-idli-rice.jpg,,40128960,https://www.bigbasket.com/media/uploads/p/l/40128960_5-bb-popular-idli-rice.jpg
113," FOODGRAINS, OIL & MASALA ", RICE & RICE PRODUCTS , BOILED & STEAM RICE , BB POPULAR Idli Rice,bb Popular,40128961,https://www.bigbasket.com/pd/40128961/bb-popular-idli-rice-5-kg/,"bb Popular Idli Rice, 5 kg",240,Rs 175,27%,5 kg,veg,https://www.bigbasket.com/media/uploads/p/mm/40128961_4-bb-popular-idli-rice.jpg,,40128961,https://www.bigbasket.com/media/uploads/p/l/40128961_4-bb-popular-idli-rice.jpg
114," FOODGRAINS, OIL & MASALA ", RICE & RICE PRODUCTS , BOILED & STEAM RICE , BB POPULAR Idli Rice,bb Popular,40128962,https://www.bigbasket.com/pd/40128962/bb-popular-idli-rice-10-kg/,"bb Popular Idli Rice, 10 kg",470,Rs 335,29%,10 kg,veg,https://www.bigbasket.com/media/uploads/p/mm/40128962_7-bb-popular-idli-rice.jpg,,40128962,https://www.bigbasket.com/media/uploads/p/l/40128962_7-bb-popular-idli-rice.jpg
115," FOODGRAINS, OIL & MASALA ", RICE & RICE PRODUCTS , BOILED & STEAM RICE , BB POPULAR Idli Rice,bb Popular,40128959,https://www.bigbasket.com/pd/40128959/bb-popular-idli-rice-1-kg/,"bb Popular Idli Rice, 1 kg",50,Rs 37,26%,1 kg,veg,https://www.bigbasket.com/media/uploads/p/mm/40128959_6-bb-popular-idli-rice.jpg,,40128959,https://www.bigbasket.com/media/uploads/p/l/40128959_6-bb-popular-idli-rice.jpg
116," FOODGRAINS, OIL & MASALA "," SALT, SUGAR & JAGGERY ", SUGAR & JAGGERY , BB ROYAL Jaggery Round,bb Royal,10000488,https://www.bigbasket.com/pd/10000488/bb-royal-jaggery-round-500-g/,"bb Royal Jaggery Round, 500 g",50,Rs 35,30%,500 g,,https://www.bigbasket.com/media/uploads/p/mm/10000488_12-bb-royal-jaggery-round.jpg,"Jaggery or gur is made by boiling raw, concentrated sugar cane juice till it solidifies.Used mainly in Asia and Africa, it is defined also as ""non-centrifugal sugar"" since the product is not spun during the processing. This leaves the nutritiousmolasses intact in gur. BB Royal jaggery packs in the same goodness and tradition for you, and comes without sulphur for added health benefits.",1000048899,https://www.bigbasket.com/media/uploads/p/l/10000488_12-bb-royal-jaggery-round.jpg
117," FOODGRAINS, OIL & MASALA "," SALT, SUGAR & JAGGERY ", SUGAR & JAGGERY , BB ROYAL Jaggery Round,bb Royal,10000489,https://www.bigbasket.com/pd/10000489/bb-royal-jaggery-round-1-kg/,"bb Royal Jaggery Round, 1 kg",100,Rs 66,34%,1 kg,,https://www.bigbasket.com/media/uploads/p/mm/10000489_8-bb-royal-jaggery-round.jpg,"The BB Royal sulphur-free Jaggery is made using non-centrifugal cane sugar. It has been used in various parts of India for centuries. Sweet to taste, this jaggery is packed with the goodness of nutrients. Considering it doesnt contain sulphur it has added health benefits.",1000048999,https://www.bigbasket.com/media/uploads/p/l/10000489_8-bb-royal-jaggery-round.jpg
118," FOODGRAINS, OIL & MASALA ", DRY FRUITS , OTHER DRY FRUITS , BB POPULAR Walnut Kernels/Akharot Tukda/Akhrot,bb Popular,10000537,https://www.bigbasket.com/pd/10000537/bb-popular-walnutakhrot-kernels-200-g-pouch/,"bb Popular Walnut Kernels/Akharot Tukda/Akhrot, 200 g Pouch",360,Rs 358,2,200 g,veg,https://www.bigbasket.com/media/uploads/p/mm/10000537_10-bb-popular-walnutakhrot-kernels.jpg,"BB walnut kernels are 100% natural, safe and healthy. The walnuts have the right crunch, great flavor and rich taste. Big Basket always procures these kernels from trusted vendors and checks them thoroughly on different quality parameters. The walnut kernels are packed efficiently so that their nutritional values and freshness are retained well. Click here for unique and delicious recipes - https://www.bigbasket.com/flavors/collections/231/dry-fruits-berries-nuts/",1000053799,https://www.bigbasket.com/media/uploads/p/l/10000537_10-bb-popular-walnutakhrot-kernels.jpg
119," FOODGRAINS, OIL & MASALA ", DRY FRUITS , OTHER DRY FRUITS , BB POPULAR Walnut Kernels/Akharot Tukda/Akhrot,bb Popular,10000511,https://www.bigbasket.com/pd/10000511/bb-popular-walnutakhrot-kernels-100-g-pouch/,"bb Popular Walnut Kernels/Akharot Tukda/Akhrot, 100 g Pouch",180,Rs 179,1,100 g,veg,https://www.bigbasket.com/media/uploads/p/mm/10000511_9-bb-popular-walnutakhrot-kernels.jpg,"The BB popular walnut kernels or akharot-tukda is one of the choicest and healthiest forms of nuts you can consume. Compared to their shell or full forms, these are more economical but do not compromise on quality. These kernels are packed with hygiene to ensure freshness and nutrients. They are just more broken than whole. Click here for unique and delicious recipes - https://www.bigbasket.com/flavors/collections/231/dry-fruits-berries-nuts/",1000051199,https://www.bigbasket.com/media/uploads/p/l/10000511_9-bb-popular-walnutakhrot-kernels.jpg
120," FOODGRAINS, OIL & MASALA ", RICE & RICE PRODUCTS , BOILED & STEAM RICE , BB POPULAR Ponni Boiled Rice/Puzhungal Arisi,bb Popular,60000008,https://www.bigbasket.com/pd/60000008/bb-popular-rice-ponni-boiled-1-kg-pouch/,"bb Popular Ponni Boiled Rice/Puzhungal Arisi, 1 kg (6 - 11 Months Old)",65,Rs 53,18%,1 kg,veg,https://www.bigbasket.com/media/uploads/p/mm/60000008_4-bb-popular-rice-ponni-boiled.jpg,"Raw Rice Is Grown Without The Usage Of Any Chemical Pesticides And Hence Has Great Taste And Aroma. It Has An Excellent Source Of Protein And High In The Nutrients. It Is Finely Processed To Remove Foreign Grains, Husk, Dust Particles And Other Impurities. It Is Free From All Artificial Colors And Harmful Adulterants. It Is A Delicious Taste And Has Fine Texture. Click here for unique and delicious recipes - https://www.bigbasket.com/flavors/collections/233/rice-rice-products/",60000008,https://www.bigbasket.com/media/uploads/p/l/60000008_4-bb-popular-rice-ponni-boiled.jpg
121," FOODGRAINS, OIL & MASALA ", RICE & RICE PRODUCTS , BOILED & STEAM RICE , BB POPULAR Ponni Boiled Rice/Puzhungal Arisi,bb Popular,60000009,https://www.bigbasket.com/pd/60000009/bb-popular-rice-ponni-boiled-25-kg-bag/,"bb Popular Ponni Boiled Rice/Puzhungal Arisi, 25 kg (6 - 11 Months Old)",1560,Rs 1250,20%,25 kg,veg,https://www.bigbasket.com/media/uploads/p/mm/60000009_4-bb-popular-rice-ponni-boiled.jpg,"Raw Rice Is Grown Without The Usage Of Any Chemical Pesticides And Hence Has Great Taste And Aroma. It Has An Excellent Source Of Protein And High In The Nutrients. It Is Finely Processed To Remove Foreign Grains, Husk, Dust Particles And Other Impurities. It Is Free From All Artificial Colors And Harmful Adulterants. It Is A Delicious Taste And Has Fine Texture. Click here for unique and delicious recipes - https://www.bigbasket.com/flavors/collections/233/rice-rice-products/",60000009,https://www.bigbasket.com/media/uploads/p/l/60000009_4-bb-popular-rice-ponni-boiled.jpg
122," FOODGRAINS, OIL & MASALA ", RICE & RICE PRODUCTS , BOILED & STEAM RICE , BB POPULAR Ponni Boiled Rice/Puzhungal Arisi,bb Popular,60000010,https://www.bigbasket.com/pd/60000010/bb-popular-rice-ponni-boiled-10-kg-bag/,"bb Popular Ponni Boiled Rice/Puzhungal Arisi, 10 kg (6 - 11 Months Old)",630,Rs 510,19%,10 kg,veg,https://www.bigbasket.com/media/uploads/p/mm/60000010_6-bb-popular-rice-ponni-boiled.jpg,"Raw Rice Is Grown Without The Usage Of Any Chemical Pesticides And Hence Has Great Taste And Aroma. It Has An Excellent Source Of Protein And High In The Nutrients. It Is Finely Processed To Remove Foreign Grains, Husk, Dust Particles And Other Impurities. It Is Free From All Artificial Colors And Harmful Adulterants. It Is A Delicious Taste And Has Fine Texture. Click here for unique and delicious recipes - https://www.bigbasket.com/flavors/collections/233/rice-rice-products/",60000010,https://www.bigbasket.com/media/uploads/p/l/60000010_6-bb-popular-rice-ponni-boiled.jpg
123," FOODGRAINS, OIL & MASALA ", RICE & RICE PRODUCTS , BOILED & STEAM RICE , BB POPULAR Ponni Boiled Rice/Puzhungal Arisi,bb Popular,60000011,https://www.bigbasket.com/pd/60000011/bb-popular-rice-ponni-boiled-5-kg-pouch/,"bb Popular Ponni Boiled Rice/Puzhungal Arisi, 5 kg (6 - 11 Months Old)",320,Rs 260,19%,5 kg,veg,https://www.bigbasket.com/media/uploads/p/mm/60000011_6-bb-popular-rice-ponni-boiled.jpg,"Raw Rice Is Grown Without The Usage Of Any Chemical Pesticides And Hence Has Great Taste And Aroma. It Has An Excellent Source Of Protein And High In The Nutrients. It Is Finely Processed To Remove Foreign Grains, Husk, Dust Particles And Other Impurities. It Is Free From All Artificial Colors And Harmful Adulterants. It Is A Delicious Taste And Has Fine Texture. Click here for unique and delicious recipes - https://www.bigbasket.com/flavors/collections/233/rice-rice-products/",60000011,https://www.bigbasket.com/media/uploads/p/l/60000011_6-bb-popular-rice-ponni-boiled.jpg
124," FOODGRAINS, OIL & MASALA ", DRY FRUITS , CASHEWS , BB POPULAR Cashew/Kaju - Broken,bb Popular,40112398,https://www.bigbasket.com/pd/40112398/bb-popular-cashewkaju-broken-1-kg/,"bb Popular Cashew/Kaju - Broken, 1 kg",1400,Rs 666,52%,1 kg,veg,https://www.bigbasket.com/media/uploads/p/mm/40112398_5-bb-popular-cashewkaju-broken.jpg,"Cashew nut prevents blood disease, is good for heart health, protects the eye, and are good for the skin. It is beneficial for weight loss also. Cashew nut is a powerhouse of vitamins, mineral, and other essential nutrients. Click here for unique and delicious recipes - https://www.bigbasket.com/flavors/collections/231/dry-fruits-berries-nuts/",40112398,https://www.bigbasket.com/media/uploads/p/l/40112398_5-bb-popular-cashewkaju-broken.jpg
125," FOODGRAINS, OIL & MASALA ", DRY FRUITS , CASHEWS , BB POPULAR Cashew/Kaju Broken (4 Pcs)/Mundhiri,bb Popular,10000500,https://www.bigbasket.com/pd/10000500/bb-popular-cashewkaju-broken-100-g-pouch/,"bb Popular Cashew/Kaju Broken (4 Pcs)/Mundhiri, 100 g Pouch",120,Rs 74,38%,100 g,veg,https://www.bigbasket.com/media/uploads/p/mm/10000500_7-bb-popular-cashewkaju-broken.jpg,"Cashew - Broken (4 pc) are rich in monounsaturated fatty acid and minerals such as iron, potassium, phosphorous, copper and zinc, selenium. They also contain high-quality amounts of dietary fibre, oil and antioxidants. This makes them more efficient than other nuts in thickening water-based dishes such as meat stews, soups and some Indian milk-based desserts. Click here for unique and delicious recipes - https://www.bigbasket.com/flavors/collections/231/dry-fruits-berries-nuts/",10000500,https://www.bigbasket.com/media/uploads/p/l/10000500_7-bb-popular-cashewkaju-broken.jpg
126," FOODGRAINS, OIL & MASALA ", DRY FRUITS , CASHEWS , BB POPULAR Cashew/Kaju - Broken,bb Popular,40112397,https://www.bigbasket.com/pd/40112397/bb-popular-cashewkaju-broken-500-g/,"bb Popular Cashew/Kaju - Broken, 500 g",600,Rs 347,42%,500 g,veg,https://www.bigbasket.com/media/uploads/p/mm/40112397_3-bb-popular-cashewkaju-broken.jpg,"Cashew nut prevents blood disease, is good for heart health, protects the eye, and are good for the skin. It is beneficial for weight loss also. Cashew nut is a powerhouse of vitamins, mineral, and other essential nutrients. Click here for unique and delicious recipes - https://www.bigbasket.com/flavors/collections/231/dry-fruits-berries-nuts/",40112397,https://www.bigbasket.com/media/uploads/p/l/40112397_3-bb-popular-cashewkaju-broken.jpg
127," FOODGRAINS, OIL & MASALA ", DRY FRUITS , CASHEWS , BB POPULAR Cashew/Kaju Broken (4 Pcs)/Mundhiri,bb Popular,10000526,https://www.bigbasket.com/pd/10000526/bb-popular-cashewkaju-broken-200-g-pouch/,"bb Popular Cashew/Kaju Broken (4 Pcs)/Mundhiri, 200 g Pouch",240,Rs 143,40%,200 g,veg,https://www.bigbasket.com/media/uploads/p/mm/10000526_5-bb-popular-cashewkaju-broken.jpg,"Cashew - Broken (4 pc) contain good amounts of dietary fibre, oil and antioxidants. They are wealthy in monounsaturated fatty acid and minerals such as potassium, iron, phosphorous, zinc, copper and selenium. This creates them more efficient than other nuts in thickening water-based dishes such as meat stews, soups, and some Indian milk-based desserts. Click here for unique and delicious recipes - https://www.bigbasket.com/flavors/collections/231/dry-fruits-berries-nuts/",100005264,https://www.bigbasket.com/media/uploads/p/l/10000526_5-bb-popular-cashewkaju-broken.jpg
130," FOODGRAINS, OIL & MASALA ", DALS & PULSES ," TOOR, CHANNA & MOONG DAL ", BB ROYAL Channa Dal/Kalla Paruppu,bb Royal,40018890,https://www.bigbasket.com/pd/40018890/bb-royal-channa-dal-200-g-pouch/,"bb Royal Channa Dal/Kalla Paruppu, 200 g Pouch",26,Rs 23,12%,200 g,veg,https://www.bigbasket.com/media/uploads/p/mm/40018890_8-bb-royal-channa-dal.jpg,,4.00189E+12,https://www.bigbasket.com/media/uploads/p/l/40018890_8-bb-royal-channa-dal.jpg
131," FOODGRAINS, OIL & MASALA ", DALS & PULSES ," TOOR, CHANNA & MOONG DAL ", BB ROYAL Channa Dal/Kalla Paruppu,bb Royal,10000803,https://www.bigbasket.com/pd/10000803/bb-royal-channa-dal-1-kg-pouch/,"bb Royal Channa Dal/Kalla Paruppu, 1 kg Pouch",160,Rs 98.88,38%,1 kg,veg,https://www.bigbasket.com/media/uploads/p/mm/10000803_12-bb-royal-channa-dal.jpg,,1.00008E+12,https://www.bigbasket.com/media/uploads/p/l/10000803_12-bb-royal-channa-dal.jpg
132," FOODGRAINS, OIL & MASALA ", DALS & PULSES ," TOOR, CHANNA & MOONG DAL ", BB ROYAL Channa Dal,bb Royal,40042838,https://www.bigbasket.com/pd/40042838/bb-royal-channa-dal-2-kg-pouch/,"bb Royal Channa Dal, 2 kg Pouch",260,Rs 197.76,24%,2 kg,veg,https://www.bigbasket.com/media/uploads/p/mm/40042838_9-bb-royal-channa-dal.jpg,,40042838,https://www.bigbasket.com/media/uploads/p/l/40042838_9-bb-royal-channa-dal.jpg
133," FOODGRAINS, OIL & MASALA ", DALS & PULSES ," TOOR, CHANNA & MOONG DAL ", BB ROYAL Channa Dal/Kalla Paruppu,bb Royal,10000471,https://www.bigbasket.com/pd/10000471/bb-royal-channa-dal-500-g-pouch/,"bb Royal Channa Dal/Kalla Paruppu, 500 g Pouch",80,Rs 50.47,37%,500 g,veg,https://www.bigbasket.com/media/uploads/p/mm/10000471_15-bb-royal-channa-dal.jpg,"Channa Dal is sugary and nutty taste, this dal is amongst the most well-liked dal in India. It is a ready basis of proteins for a balanced diet including little or no meat. It includes a mild sweet flavor when cooked and is extremely nutritious. It is a good source of dietary fibre and includes an insignificant amount of polyunsaturated fat. Click here for unique and delicious recipes - https://www.bigbasket.com/flavors/collections/230/dals-pulses/",1000047199,https://www.bigbasket.com/media/uploads/p/l/10000471_15-bb-royal-channa-dal.jpg
136," FOODGRAINS, OIL & MASALA ", RICE & RICE PRODUCTS , RAW RICE ," BB ROYAL Rice - Raw, Sona Masoori",bb Royal,10000457,https://www.bigbasket.com/pd/10000457/bb-royal-rice-raw-sona-masoori-1-kg-pouch/,"bb Royal Rice - Raw, Sona Masoori, 1 kg (12 - 17 Months Old)",75,Rs 56,25%,1 kg,veg,https://www.bigbasket.com/media/uploads/p/mm/10000457_11-bb-royal-rice-raw-sona-masoori.jpg,"Sona Masoori Raw Rice has fine grains and is of great taste when cooked. This rice is grown without any chemical pesticides thereby retaining its great flavour and smell. It is a good supplier of protein and nutrients. It is delicately processed to eliminate husk, foreign grains, dust particles and other impurities. Click here for unique and delicious recipes - https://www.bigbasket.com/flavors/collections/233/rice-rice-products/",20000790001,https://www.bigbasket.com/media/uploads/p/l/10000457_11-bb-royal-rice-raw-sona-masoori.jpg
137," FOODGRAINS, OIL & MASALA ", RICE & RICE PRODUCTS , RAW RICE , BB ROYAL Raw Rice - Sona Masoori,bb Royal,10000404,https://www.bigbasket.com/pd/10000404/bb-royal-raw-rice-sona-masoori-10-kg-bag/,"bb Royal Raw Rice - Sona Masoori, 10 kg (12 - 17 Months Old)",700,Rs 528,25%,10 kg,veg,https://www.bigbasket.com/media/uploads/p/mm/10000404_15-bb-royal-raw-rice-sona-masoori.jpg,Sona Masoori is medium-grain rice grown-up mostly in the Indian states of Andhra Pradesh and Karnataka. It is lightweight and sweet-smelling and measured to be of the finest quality. It has a distinctive taste that is not matched by rice from any other region. It is the tastiest of all the Sona Masoori rice available in the state. Click here for unique and delicious recipes - https://www.bigbasket.com/flavors/collections/233/rice-rice-products/,20010000001,https://www.bigbasket.com/media/uploads/p/l/10000404_15-bb-royal-raw-rice-sona-masoori.jpg
138," FOODGRAINS, OIL & MASALA ", RICE & RICE PRODUCTS , RAW RICE , BB ROYAL Sona Masoori Raw Rice,bb Royal,20001214,https://www.bigbasket.com/pd/20001214/bb-royal-sona-masoori-raw-rice-25-kg-bag/,"bb Royal Sona Masoori Raw Rice, 25 kg (12 - 17 Months Old)",1875,Rs 1268,32%,25 kg,veg,https://www.bigbasket.com/media/uploads/p/mm/20001214_12-bb-royal-sona-masoori-raw-rice.jpg,,20001214,https://www.bigbasket.com/media/uploads/p/l/20001214_12-bb-royal-sona-masoori-raw-rice.jpg
139," FOODGRAINS, OIL & MASALA ", RICE & RICE PRODUCTS , RAW RICE ," BB ROYAL Rice - Raw, Sona Masoori",bb Royal,10000415,https://www.bigbasket.com/pd/10000415/bb-royal-rice-raw-sona-masoori-5-kg-bag/,"bb Royal Rice - Raw, Sona Masoori, 5 kg (12 - 17 Months Old)",350,Rs 272,22%,5 kg,veg,https://www.bigbasket.com/media/uploads/p/mm/10000415_12-bb-royal-rice-raw-sona-masoori.jpg,"Sona Masoori Raw Rice has fine grains and is of great taste when cooked. This rice is grown without any chemical pesticides thereby retaining its great flavour and smell. It is a good supplier of protein and nutrients. It is delicately processed to eliminate husk, foreign grains, dust particles and other impurities. Click here for unique and delicious recipes - https://www.bigbasket.com/flavors/collections/233/rice-rice-products/",20000810001,https://www.bigbasket.com/media/uploads/p/l/10000415_12-bb-royal-rice-raw-sona-masoori.jpg
143," FOODGRAINS, OIL & MASALA "," SALT, SUGAR & JAGGERY ", SUGAR & JAGGERY , BB ROYAL Sugar/Sakarai,bb Royal,10000407,https://www.bigbasket.com/pd/10000407/bb-royal-sugar-5-kg/,"bb Royal Sugar/Sakarai, 5 kg",350,Rs 216,38%,5 kg,veg,https://www.bigbasket.com/media/uploads/p/mm/10000407_11-bb-royal-sugar.jpg,"Sugar is finished from organic sugar cane, the grains are light cream colored. It is an improved option as opposed to refined sugar that is pure white in color. It is an immense supply of energy and has necessary minerals with no harsh chemicals or additives. Sugar is sucrose that becomes glucose. Sugars glycolic acid can be very supportive in retaining the wellbeing and look of your skin.",107,https://www.bigbasket.com/media/uploads/p/l/10000407_11-bb-royal-sugar.jpg
144," FOODGRAINS, OIL & MASALA "," SALT, SUGAR & JAGGERY ", SUGAR & JAGGERY , BB ROYAL Sugar/Sakarai,bb Royal,10000459,https://www.bigbasket.com/pd/10000459/bb-royal-sugar-2-kg/,"bb Royal Sugar/Sakarai, 2 kg",120,Rs 88,27%,2 kg,veg,https://www.bigbasket.com/media/uploads/p/mm/10000459_11-bb-royal-sugar.jpg,bb Royal Sugar is made from fine quality sugar cane; the grains are white in color. It is a fine source of energy and has essential minerals without any additive.,10000459,https://www.bigbasket.com/media/uploads/p/l/10000459_11-bb-royal-sugar.jpg
145," FOODGRAINS, OIL & MASALA "," SALT, SUGAR & JAGGERY ", SUGAR & JAGGERY , BB ROYAL Sugar/Sakarai,bb Royal,10000447,https://www.bigbasket.com/pd/10000447/bb-royal-sugar-1-kg/,"bb Royal Sugar/Sakarai, 1 kg",70,Rs 45,36%,1 kg,veg,https://www.bigbasket.com/media/uploads/p/mm/10000447_14-bb-royal-sugar.jpg,bb Royal Sugar is made from fine quality sugar cane; the grains are white in color. It is a fine source of energy and has essential minerals without any additive.,1000044799,https://www.bigbasket.com/media/uploads/p/l/10000447_14-bb-royal-sugar.jpg
146," FOODGRAINS, OIL & MASALA ", DALS & PULSES , CEREALS & MILLETS , BB ROYAL Raw Peanuts/Mungaphali/Nilakadalai,bb Royal,10000442,https://www.bigbasket.com/pd/10000442/bb-royal-peanuts-mungaphalishengdana-raw-500-g-pouch/,"bb Royal Raw Peanuts/Mungaphali/Nilakadalai, 500 g Pouch",110,Rs 73,34%,500 g,veg,https://www.bigbasket.com/media/uploads/p/mm/10000442_17-bb-royal-peanuts-mungaphalishengdana-raw.jpg,"BB Royal Raw Peanuts or MungaphalI Shengdana comes in hygienically packed 500-g packets. Raw peanuts are a great source of monounsaturated fat, the kind of fat that makes the Mediterranean diet so good for the heart. These oval-shaped healthy nuts provide more fibre in their raw version. Click here for unique and delicious recipes - https://www.bigbasket.com/flavors/collections/230/dals-pulses/",1000044299,https://www.bigbasket.com/media/uploads/p/l/10000442_17-bb-royal-peanuts-mungaphalishengdana-raw.jpg
147," FOODGRAINS, OIL & MASALA ", DALS & PULSES , CEREALS & MILLETS , BB ROYAL Raw Peanuts/Mungaphali/Nilakadalai,bb Royal,10000446,https://www.bigbasket.com/pd/10000446/bb-royal-peanutsmungaphalishengdana-raw-1-kg-pouch/,"bb Royal Raw Peanuts/Mungaphali/Nilakadalai, 1 kg Pouch",220,Rs 145,34%,1 kg,veg,https://www.bigbasket.com/media/uploads/p/mm/10000446_15-bb-royal-peanutsmungaphalishengdana-raw.jpg,"Raw Peanuts are the unique Health Nut. Every oval-shaped kernel or seed is comprised of two off-white lobes that are enclosed by a brownish-red skin. They have B vitamins, Vitamin E, protein, fiber and necessary minerals. Peanuts have a strong, creamy and nutty flavor. Click here for unique and delicious recipes - https://www.bigbasket.com/flavors/collections/230/dals-pulses/",1.00004E+12,https://www.bigbasket.com/media/uploads/p/l/10000446_15-bb-royal-peanutsmungaphalishengdana-raw.jpg
150," FOODGRAINS, OIL & MASALA ", MASALAS & SPICES , WHOLE SPICES , BB POPULAR Black Pepper/Kali Mirch,bb Popular,40073432,https://www.bigbasket.com/pd/40073432/bb-popular-black-pepperkali-mirch-200-g/,"bb Popular Black Pepper/Kali Mirch, 200 g",200,Rs 133,34%,200 g,veg,https://www.bigbasket.com/media/uploads/p/mm/40073432_5-bb-popular-black-pepperkali-mirch.jpg,"Black pepper is one of the fresh and quality products that guarantee its edibility to use. It adds an aromatic touch and flavour to all food items.  Black pepper is used along with other spices too to improve the flavour and taste. It is a rich supply of manganese, vitamin-C, potassium, vitamin K, dietary fibre and iron. Black pepper is also a very fine anti-inflammatory agent.",40073432,https://www.bigbasket.com/media/uploads/p/l/40073432_5-bb-popular-black-pepperkali-mirch.jpg
151," FOODGRAINS, OIL & MASALA ", MASALAS & SPICES , WHOLE SPICES , BB POPULAR Black Pepper/Kali Mirch,bb Popular,40073430,https://www.bigbasket.com/pd/40073430/bb-popular-black-pepperkali-mirch-50-g/,"bb Popular Black Pepper/Kali Mirch, 50 g",50,Rs 35,30%,50 g,veg,https://www.bigbasket.com/media/uploads/p/mm/40073430_6-bb-popular-black-pepperkali-mirch.jpg,"Black pepper is one of the fresh and quality products that guarantee its edibility to use. It adds an aromatic touch and flavour to all food items.  Black pepper is used along with other spices too to improve the flavour and taste. It is a rich supply of manganese, vitamin-C, potassium, vitamin K, dietary fibre and iron. Black pepper is also a very fine anti-inflammatory agent.",40073430,https://www.bigbasket.com/media/uploads/p/l/40073430_6-bb-popular-black-pepperkali-mirch.jpg
152," FOODGRAINS, OIL & MASALA ", MASALAS & SPICES , WHOLE SPICES , BB POPULAR Black Pepper/Kali Mirch,bb Popular,40073431,https://www.bigbasket.com/pd/40073431/bb-popular-black-pepperkali-mirch-100-g/,"bb Popular Black Pepper/Kali Mirch, 100 g",100,Rs 67,33%,100 g,veg,https://www.bigbasket.com/media/uploads/p/mm/40073431_8-bb-popular-black-pepperkali-mirch.jpg,"Black pepper is one of the fresh and quality products that guarantee its edibility to use. It adds an aromatic touch and flavour to all food items.  Black pepper is used along with other spices too to improve the flavour and taste. It is a rich supply of manganese, vitamin-C, potassium, vitamin K, dietary fibre and iron. Black pepper is also a very fine anti-inflammatory agent.",40073431,https://www.bigbasket.com/media/uploads/p/l/40073431_8-bb-popular-black-pepperkali-mirch.jpg
157," FOODGRAINS, OIL & MASALA ", MASALAS & SPICES , WHOLE SPICES , BB POPULAR Tamarind/Imli - Seedless,bb Popular,40067283,https://www.bigbasket.com/pd/40067283/bb-popular-tamarindimli-seedless-1-kg/,"bb Popular Tamarind/Imli - Seedless, 1 kg",240,Rs 237,3,1 kg,veg,https://www.bigbasket.com/media/uploads/p/mm/40067283_3-bb-popular-tamarindimli-seedless.jpg,"This tamarind fruit pulp is sweetish and adds a sharp flavour to dishes. It is used for making chutneys, curries, sauces and soups. Pulp is a carminative and laxative given as combination in biliousness and flushed conditions. As its anti-scorbutic properties, the pulp is used by sailors in place of lime or lemon juice.  Tamarind is an important ingredient in many south Indian food preparations such as tamarind rice, rasam, and sambar and tamarind chutney.",40067283,https://www.bigbasket.com/media/uploads/p/l/40067283_3-bb-popular-tamarindimli-seedless.jpg
158," FOODGRAINS, OIL & MASALA ", MASALAS & SPICES , WHOLE SPICES , BB POPULAR Tamarind/Imli - Seedless,bb Popular,40128958,https://www.bigbasket.com/pd/40128958/bb-popular-tamarindimli-seedless-500-g/,"bb Popular Tamarind/Imli - Seedless, 500 g",120,Rs 119,1,500 g,veg,https://www.bigbasket.com/media/uploads/p/mm/40128958_7-bb-popular-tamarindimli-seedless.jpg,"Tamarind is used in a number of Indian and Asian dishes to give food a tangy flavour. It is also believed to ease stomach discomfort and aids digestion. Tamarind has antioxidant and anti-inflammatory properties and helps protect against heart diseases, cancer, diabetes, etc.",40128958,https://www.bigbasket.com/media/uploads/p/l/40128958_7-bb-popular-tamarindimli-seedless.jpg
159," FOODGRAINS, OIL & MASALA ", DRY FRUITS , RAISINS , BB POPULAR Indian Raisins/Kishmish/Kaintha Thratchai,bb Popular,40002628,https://www.bigbasket.com/pd/40002628/bb-popular-raisinskishmish-indian-100-g-pouch/,"bb Popular Indian Raisins/Kishmish/Kaintha Thratchai, 100 g Pouch",50,Rs 36,28%,100 g,veg,https://www.bigbasket.com/media/uploads/p/mm/40002628_9-bb-popular-raisinskishmish-indian.jpg,"Raisins are sweet, succulent, dried, seeded or seedless grapes. Raisins are low in sodium and contain no cholesterol. Raisins are sweet due to their high concentration of sugars. Click here for unique and delicious recipes - https://www.bigbasket.com/flavors/collections/231/dry-fruits-berries-nuts/",400026281,https://www.bigbasket.com/media/uploads/p/l/40002628_9-bb-popular-raisinskishmish-indian.jpg
160," FOODGRAINS, OIL & MASALA ", DRY FRUITS , RAISINS , BB POPULAR Raisins/Kishmish - Indian,bb Popular,40021404,https://www.bigbasket.com/pd/40021404/bb-popular-raisinskishmish-indian-1-kg-pouch/,"bb Popular Raisins/Kishmish - Indian, 1 kg Pouch",500,Rs 330,34%,1 kg,veg,https://www.bigbasket.com/media/uploads/p/mm/40021404_8-bb-popular-raisinskishmish-indian.jpg,"Indian Raisins has delicious taste, high nutritional value and freshness. These raisins are used in cuisines and palatable dishes all over the globe. It is rich in phosphorus and calcium that helps to fight against various diseases. Click here for unique and delicious recipes - https://www.bigbasket.com/flavors/collections/231/dry-fruits-berries-nuts/",40021404,https://www.bigbasket.com/media/uploads/p/l/40021404_8-bb-popular-raisinskishmish-indian.jpg
161," FOODGRAINS, OIL & MASALA ", DRY FRUITS , RAISINS , BB POPULAR Indian Raisins/Kishmish/Kaintha Thratchai,bb Popular,40002629,https://www.bigbasket.com/pd/40002629/bb-popular-raisinskishmish-indian-200-g-pouch/,"bb Popular Indian Raisins/Kishmish/Kaintha Thratchai, 200 g Pouch",100,Rs 70,30%,200 g,veg,https://www.bigbasket.com/media/uploads/p/mm/40002629_9-bb-popular-raisinskishmish-indian.jpg,"Raisins are processed by sun drying and tray drying numerous different kinds of grapes. They are small and sweetly flavored with a wrinkled texture. Indian Raisins are offered in different size and colors. They have a flavor related to the grapes from which they are prepared, but the drying process which creates them concentrates the amount of sugar making them taste much sweeter. They are a logically stable food and oppose spoilage due to their low moisture and low pH. Click here for unique and delicious recipes - https://www.bigbasket.com/flavors/collections/231/dry-fruits-berries-nuts/",400026297,https://www.bigbasket.com/media/uploads/p/l/40002629_9-bb-popular-raisinskishmish-indian.jpg
162," FOODGRAINS, OIL & MASALA ", DRY FRUITS , RAISINS , BB POPULAR Indian Raisins/Kishmish/Kaintha Thratchai,bb Popular,40002630,https://www.bigbasket.com/pd/40002630/bb-popular-raisinskishmish-indian-500-g-pouch/,"bb Popular Indian Raisins/Kishmish/Kaintha Thratchai, 500 g Pouch",250,Rs 170,32%,500 g,veg,https://www.bigbasket.com/media/uploads/p/mm/40002630_9-bb-popular-raisinskishmish-indian.jpg,"Indian Raisins has mouth-watering taste, high dietary value and freshness. These raisins are used in cuisines and pleasant dishes all over the globe. It is wealthy in calcium and phosphorus that assists to fight against different diseases. Click here for unique and delicious recipes - https://www.bigbasket.com/flavors/collections/231/dry-fruits-berries-nuts/",4002630,https://www.bigbasket.com/media/uploads/p/l/40002630_9-bb-popular-raisinskishmish-indian.jpg
163," FOODGRAINS, OIL & MASALA "," ATTA, FLOURS & SOOJI "," SOOJI, MAIDA & BESAN ", BB ROYAL Besan Flour/Kadalai Mavu,bb Royal,10000475,https://www.bigbasket.com/pd/10000475/bb-royal-besan-flour-500-g/,"bb Royal Besan Flour/Kadalai Mavu, 500 g",70,Rs 45,36%,500 g,veg,https://www.bigbasket.com/media/uploads/p/mm/10000475_8-bb-royal-besan-flour.jpg,,1000047599,https://www.bigbasket.com/media/uploads/p/l/10000475_8-bb-royal-besan-flour.jpg
164," FOODGRAINS, OIL & MASALA "," ATTA, FLOURS & SOOJI "," SOOJI, MAIDA & BESAN ", BB ROYAL Besan Flour,bb Royal,30000155,https://www.bigbasket.com/pd/30000155/bb-royal-besan-flour-1-kg-pouch/,"bb Royal Besan Flour, 1 kg Pouch",140,Rs 86,39%,1 kg,veg,https://www.bigbasket.com/media/uploads/p/mm/30000155_6-bb-royal-besan-flour.jpg,,3000015599,https://www.bigbasket.com/media/uploads/p/l/30000155_6-bb-royal-besan-flour.jpg
165," FOODGRAINS, OIL & MASALA ", DALS & PULSES , URAD & OTHER DALS , BB ROYAL Urad Dal/Split/Ulutham Paruppu,bb Royal,10000466,https://www.bigbasket.com/pd/10000466/bb-royal-urad-dal-split-500-g-pouch/,"bb Royal Urad Dal/Split/Ulutham Paruppu, 500 g Pouch",95,Rs 76,20%,500 g,veg,https://www.bigbasket.com/media/uploads/p/mm/10000466_10-bb-royal-urad-dal-split.jpg,"Urad Dal is a cream colour dal used in trendy South Indian dishes such as dosa, idly and dahi vada as well as finished into spicy dal curry. It requires soaking for a few hours before cooking. The stability of urad dal is generally thicker than any other dals. White urad like other lentils and pulses are first-class supply of protein and dietary fiber. They are low in fat and rich in B complex vitamins, potassium and calcium. Click here for unique and delicious recipes - https://www.bigbasket.com/flavors/collections/230/dals-pulses/",1000046699,https://www.bigbasket.com/media/uploads/p/l/10000466_10-bb-royal-urad-dal-split.jpg
166," FOODGRAINS, OIL & MASALA ", DALS & PULSES , URAD & OTHER DALS , BB ROYAL Urad Dal/Split/Ulutham Paruppu,bb Royal,10000462,https://www.bigbasket.com/pd/10000462/bb-royal-urad-dal-split-1-kg-pouch/,"bb Royal Urad Dal/Split/Ulutham Paruppu, 1 kg Pouch",190,Rs 145,24%,1 kg,veg,https://www.bigbasket.com/media/uploads/p/mm/10000462_10-bb-royal-urad-dal-split.jpg,"Urad dal split is a skinned, fawn colored lentil with a strong flavor that has been split in half. This Urad dal includes fat, protein and carbohydrates that your body requires. It is rich in vitamins and dietary fibers, which also improve digestion. It aids in reducing cholesterol and develops cardiovascular health. Click here for unique and delicious recipes - https://www.bigbasket.com/flavors/collections/230/dals-pulses/",1.00005E+12,https://www.bigbasket.com/media/uploads/p/l/10000462_10-bb-royal-urad-dal-split.jpg
167," FOODGRAINS, OIL & MASALA ", DALS & PULSES , URAD & OTHER DALS , BB ROYAL Urad Dal/Split/Ulutham Paruppu,bb Royal,30000126,https://www.bigbasket.com/pd/30000126/bb-royal-urad-dal-split-200-g-pouch/,"bb Royal Urad Dal/Split/Ulutham Paruppu, 200 g Pouch",39,Rs 32,18%,200 g,veg,https://www.bigbasket.com/media/uploads/p/mm/30000126_5-bb-royal-urad-dal-split.jpg,,30000126,https://www.bigbasket.com/media/uploads/p/l/30000126_5-bb-royal-urad-dal-split.jpg
168," FOODGRAINS, OIL & MASALA ", ORGANIC STAPLES , ORGANIC DRY FRUITS , BB ROYAL Organic - Almond/Badam,bb Royal,40101871,https://www.bigbasket.com/pd/40101871/bb-royal-organic-almondbadam-500-g/,"bb Royal Organic - Almond/Badam, 500 g",675,Rs 500,26%,500 g,veg,https://www.bigbasket.com/media/uploads/p/mm/40101871_9-bb-royal-organic-almondbadam.jpg,"BB Royal Organic Almonds are of Indian Origin almonds and it’s sourced from the certified organic farms. Naturally, Indian origin almonds vary in size, grade, texture, colour and taste when compared to imported almonds.",40101871,https://www.bigbasket.com/media/uploads/p/l/40101871_9-bb-royal-organic-almondbadam.jpg
169," FOODGRAINS, OIL & MASALA ", ORGANIC STAPLES , ORGANIC DRY FRUITS , BB ROYAL Organic - Almond/Badam,bb Royal,40125916,https://www.bigbasket.com/pd/40125916/bb-royal-organic-almondbadam-1-kg/,"bb Royal Organic - Almond/Badam, 1 kg",1299,Rs 999,23%,1 kg,veg,https://www.bigbasket.com/media/uploads/p/mm/40125916_9-bb-royal-organic-almondbadam.jpg,"BB Royal Organic Almonds are of Indian Origin almonds and it’s sourced from the certified organic farms. Naturally, Indian origin almonds vary in size, grade, texture, colour and taste when compared to imported almonds.",40125916,https://www.bigbasket.com/media/uploads/p/l/40125916_9-bb-royal-organic-almondbadam.jpg
170," FOODGRAINS, OIL & MASALA ", ORGANIC STAPLES , ORGANIC DRY FRUITS , BB ROYAL Organic - Almonds / Badam,bb Royal,40072510,https://www.bigbasket.com/pd/40072510/bb-royal-organic-almondbadam-100-g/,"bb Royal Organic - Almonds / Badam, 100 g",140,Rs 115,18%,100 g,veg,https://www.bigbasket.com/media/uploads/p/mm/40072510_12-bb-royal-organic-almondbadam.jpg,"BB Royal Organic Almonds are of Indian Origin almonds and is sourced from certified organic farms. Straight from our farmer’s fields and into your pantry, almonds are a rich source of Omega-3, anti oxidants, vitamins, calcium, iron and magnesium. One of the few nuts having the highest level of ""good fat"" that can lower cholesterol levels, almonds should be eaten everyday. Considered brain food for kids, almonds can be eaten as is, soaked & peeled or added as a garnish to milk and desserts. Enjoy our finest of gourmet dry fruits as you strive to live a happy and healthy lifestyle. High in protein, dietary fiber, no gluten, no GMO, zero trans fat and zero cholesterol! Our 100% BB Royal Organic Almonds are good for an active lifestyle and suitable for all ages.",40072510,https://www.bigbasket.com/media/uploads/p/l/40072510_12-bb-royal-organic-almondbadam.jpg
171," FOODGRAINS, OIL & MASALA ", ORGANIC STAPLES , ORGANIC DRY FRUITS , BB ROYAL Organic - Almonds / Badam,bb Royal,40092231,https://www.bigbasket.com/pd/40092231/bb-royal-organic-almondbadam-200-g/,"bb Royal Organic - Almonds / Badam, 200 g",270,Rs 220,19%,200 g,veg,https://www.bigbasket.com/media/uploads/p/mm/40092231_8-bb-royal-organic-almondbadam.jpg,"BB Royal Organic Almonds are of Indian Origin almonds and it’s sourced from the certified organic farms. Naturally, Indian origin almonds vary in size, grade, texture, colour and taste when compared to imported almonds.",40092231,https://www.bigbasket.com/media/uploads/p/l/40092231_8-bb-royal-organic-almondbadam.jpg
173," FOODGRAINS, OIL & MASALA ", DALS & PULSES ," TOOR, CHANNA & MOONG DAL "," BB POPULAR Moong - Green, Whole/Sabut",bb Popular,30010368,https://www.bigbasket.com/pd/30010368/bb-popular-moong-green-wholesabut-1-kg-pouch/,"bb Popular Moong - Green, Whole/Sabut, 1 kg Pouch",170,Rs 135,21%,1 kg,veg,https://www.bigbasket.com/media/uploads/p/mm/30010368_9-bb-popular-moong-green-wholesabut.jpg,"Whole or sabut green moong dal is a delicious vegetarian superfood that is low in carbs and high in protein. An integral part of Indian cuisine, green moong dal can be eaten cooked as lentils or soaked overnights as sprouts. Our whole green moong dal is extremely rich in nutrients with a natural shine and color that is not artificial but a result of a strict growing process. Free from impurities such as stones or insects, our Moong Dal is packed with protein and low carbs. Light on the stomach the dal is a good dish to have during illness. It helps bring down the insulin, blood glucose and fat levels in the body. Used sabut moong dal make salads, soups, subzis, and other delicious dishes like moong dal dosa or uttappams.",30010368,https://www.bigbasket.com/media/uploads/p/l/30010368_9-bb-popular-moong-green-wholesabut.jpg
174," FOODGRAINS, OIL & MASALA ", DALS & PULSES ," TOOR, CHANNA & MOONG DAL "," BB POPULAR Moong - Green, Whole/Sabut",bb Popular,30010369,https://www.bigbasket.com/pd/30010369/bb-popular-moong-green-wholesabut-500-g-pouch/,"bb Popular Moong - Green, Whole/Sabut, 500 g Pouch",85,Rs 66.95,21%,500 g,veg,https://www.bigbasket.com/media/uploads/p/mm/30010369_9-bb-popular-moong-green-wholesabut.jpg,"Whole or sabut green moong dal is a delicious vegetarian superfood that is low in carbs and high in protein. An integral part of Indian cuisine, green moong dal can be eaten cooked as lentils or soaked overnights as sprouts. Our whole green moong dal is extremely rich in nutrients with a natural shine and color that is not artificial but a result of a strict growing process. Free from impurities such as stones or insects, our Moong Dal is packed with protein and low carbs. Light on the stomach the dal is a good dish to have during illness. It helps bring down the insulin, blood glucose and fat levels in the body. Used sabut moong dal make salads, soups, subzis, and other delicious dishes like moong dal dosa or uttappams.",30010369,https://www.bigbasket.com/media/uploads/p/l/30010369_9-bb-popular-moong-green-wholesabut.jpg
175," FOODGRAINS, OIL & MASALA ", MASALAS & SPICES , WHOLE SPICES , BB ROYAL Gundu Chilli/Cherry Chilli/Sigappu Milagai,bb Royal,10000426,https://www.bigbasket.com/pd/10000426/bb-royal-dry-chilli-cherrygundu-with-stem-200-g/,"bb Royal Gundu Chilli/Cherry Chilli/Sigappu Milagai, 200 g",120,Rs 75,38%,200 g,veg,https://www.bigbasket.com/media/uploads/p/mm/10000426_13-bb-royal-dry-chilli-cherrygundu-with-stem.jpg,"Gundu Chilli is the most popular in South Indian dishes. They are also utilized in synthetic food colours for their individual red colour. It is a great blend of colour and pungency. Chilies are wealthy in vitamins such as vitamins A, B, E and C especially vitamin C. Minerals such as manganese, potassium, copper and thiamin are also there.",1000042699,https://www.bigbasket.com/media/uploads/p/l/10000426_13-bb-royal-dry-chilli-cherrygundu-with-stem.jpg
176," FOODGRAINS, OIL & MASALA ", MASALAS & SPICES , WHOLE SPICES , BB ROYAL Gundu Chilli/Cherry Chilli/Sigappu Milagai,bb Royal,30000307,https://www.bigbasket.com/pd/30000307/bb-royal-dry-chilli-cherrygundu-with-stem-100-g/,"bb Royal Gundu Chilli/Cherry Chilli/Sigappu Milagai, 100 g",60,Rs 40,33%,100 g,veg,https://www.bigbasket.com/media/uploads/p/mm/30000307_9-bb-royal-dry-chilli-cherrygundu-with-stem.jpg,"Gundu Chilli is also identified for its deep red colour and is less spicy and is used in many food arrangements of South India. Gundu chillies are largely popular in South Indian dishes and are powdered and used in chutneys, curries and masala mixes. They are also used in fake food colours for their dissimilar red colour. It is a great mix of colour and spiciness.",3000030799,https://www.bigbasket.com/media/uploads/p/l/30000307_9-bb-royal-dry-chilli-cherrygundu-with-stem.jpg
177," FOODGRAINS, OIL & MASALA ", MASALAS & SPICES , WHOLE SPICES , BB ROYAL Gundu Chilli/Cherry Chilli/Sigappu Milagai,bb Royal,60000021,https://www.bigbasket.com/pd/60000021/bb-royal-chilli-cherrygundu-with-stem-500-g/,"bb Royal Gundu Chilli/Cherry Chilli/Sigappu Milagai, 500 g",300,Rs 180,40%,500 g,veg,https://www.bigbasket.com/media/uploads/p/mm/60000021_7-bb-royal-chilli-cherrygundu-with-stem.jpg,"Gundu chilli is mostly popular in South Indian dishes. They are also utilised in synthetic food colours for their individual red colour. It is a great blend of colour and pungency. Chillies are wealthy in vitamins such as vitamins A, B, E and C and Minerals such as manganese, potassium, copper and thiamin.",60000021,https://www.bigbasket.com/media/uploads/p/l/60000021_7-bb-royal-chilli-cherrygundu-with-stem.jpg
178," FOODGRAINS, OIL & MASALA ", ORGANIC STAPLES , ORGANIC DALS & PULSES , BB ROYAL Organic - Tur/Toor Dal,bb Royal,40135858,https://www.bigbasket.com/pd/40135858/bb-royal-organic-turtoor-dal-5-kg/,"bb Royal Organic - Tur/Toor Dal, 5 kg",899,Rs 699,22%,5 kg,veg,https://www.bigbasket.com/media/uploads/p/mm/40135858_7-bb-royal-organic-turtoor-dal.jpg,"Tur Dal is one of the staple food, which adds its importance in Indian cuisines. Tur dal is basically rich in fibre, carbohydrates, folic acid, protein, calcium, and fat. The flavour and the taste of tur dal are unique and one of the most appetizing dals. It is free from synthetic chemicals and pesticides. Also, it improves digestion and controls the cholesterol.",40135858,https://www.bigbasket.com/media/uploads/p/l/40135858_7-bb-royal-organic-turtoor-dal.jpg
179," FOODGRAINS, OIL & MASALA ", ORGANIC STAPLES , ORGANIC DALS & PULSES , BB ROYAL Organic - Toor Dal / Thuvaram Paruppu,bb Royal,40075469,https://www.bigbasket.com/pd/40075469/bb-royal-organic-turtoor-dal-2-kg/,"bb Royal Organic - Toor Dal / Thuvaram Paruppu, 2 kg",399,Rs 295,26%,2 kg,veg,https://www.bigbasket.com/media/uploads/p/mm/40075469_7-bb-royal-organic-turtoor-dal.jpg,"Tur Dal is one of the staple foods to add its importance in Indian cuisines. Tur dal is basically rich in Fibre, Carbohydrates, Protein, Calcium, and Fat. The flavor and the taste of Tur dal is unique and is one of the most appetizing dals. It is free from synthetic chemicals and pesticides.",40075469,https://www.bigbasket.com/media/uploads/p/l/40075469_7-bb-royal-organic-turtoor-dal.jpg
180," FOODGRAINS, OIL & MASALA ", ORGANIC STAPLES , ORGANIC DALS & PULSES , BB ROYAL Organic - Toor Dal / Thuvaram Paruppu,bb Royal,40072494,https://www.bigbasket.com/pd/40072494/bb-royal-organic-turtoor-dal-1-kg/,"bb Royal Organic - Toor Dal / Thuvaram Paruppu, 1 kg",200,Rs 149,26%,1 kg,veg,https://www.bigbasket.com/media/uploads/p/mm/40072494_10-bb-royal-organic-turtoor-dal.jpg,"Tur Dal is one of the staple foods to add its importance in Indian cuisines. Tur dal is basically rich in Fibre, Carbohydrates, Protein, Calcium, and Fat. The flavor and the taste of Tur dal is unique and is one of the most appetizing dals. It is free from synthetic chemicals and pesticides.",40072494,https://www.bigbasket.com/media/uploads/p/l/40072494_10-bb-royal-organic-turtoor-dal.jpg
181," FOODGRAINS, OIL & MASALA ", ORGANIC STAPLES , ORGANIC DALS & PULSES , BB ROYAL Organic - Toor Dal / Thuvaram Paruppu,bb Royal,40072495,https://www.bigbasket.com/pd/40072495/bb-royal-organic-turtoor-dal-500-g/,"bb Royal Organic - Toor Dal / Thuvaram Paruppu, 500 g",105,Rs 80,24%,500 g,veg,https://www.bigbasket.com/media/uploads/p/mm/40072495_10-bb-royal-organic-turtoor-dal.jpg,"About - Toor Dal is a popular dal in our country mostly because of its flavor. Prepare dal fry or sambhar, puranpoli or a sweet-sour dal, it completes the Indian dish with its distinctive inherent flavor, smell and nutrition. This slightly syrupy, nutty flavored lentil is easily digestible. • We purchase bb Royal Organic Toor Dal from dedicated organic commodity traders based in Central India. • It is free from synthetic chemicals and pesticides. • It is processed in a dedicated 100% Organic Process Unit with complete organic certification. • Organic dal is more nutritious and healthy for your whole family. • Regular consumption of Organic dal will make you healthier & also decrease the risk of illness & diseases.",40072495,https://www.bigbasket.com/media/uploads/p/l/40072495_10-bb-royal-organic-turtoor-dal.jpg
187," FOODGRAINS, OIL & MASALA ", DALS & PULSES ," TOOR, CHANNA & MOONG DAL ", BB ROYAL Moong Dal/Payatham Paruppu,bb Royal,10000440,https://www.bigbasket.com/pd/10000440/bb-royal-moong-dal-500-g-pouch/,"bb Royal Moong Dal/Payatham Paruppu, 500 g Pouch",100,Rs 70.04,30%,500 g,veg,https://www.bigbasket.com/media/uploads/p/mm/10000440_15-bb-royal-moong-dal.jpg,"Moong dal is sweet-tasting, yellow-coloured, split green moong beans, husked. These are high in fibre and protein. They have vitamins A, B, C and E and are an enormous source of minerals such as potassium, iron and calcium. They contain a low glycemic index and almost no fat content. Click here for unique and delicious recipes - https://www.bigbasket.com/flavors/collections/230/dals-pulses/",58,https://www.bigbasket.com/media/uploads/p/l/10000440_15-bb-royal-moong-dal.jpg
188," FOODGRAINS, OIL & MASALA ", DALS & PULSES ," TOOR, CHANNA & MOONG DAL ", BB ROYAL Moong Dal/Payatham Paruppu,bb Royal,10000434,https://www.bigbasket.com/pd/10000434/bb-royal-moong-dal-1-kg-pouch/,"bb Royal Moong Dal/Payatham Paruppu, 1 kg Pouch",200,Rs 145,28%,1 kg,veg,https://www.bigbasket.com/media/uploads/p/mm/10000434_13-bb-royal-moong-dal.jpg,"Moong dal is one of the most popular lentils eaten across India. Packed with protein, BB Royal moong dal packs deliver the finest selection of lentils which is evident from the shine on the lentils. The dal, sourced directly from farmers, is packed in a way that it retains the maximum nutrient value. Click here for unique and delicious recipes - https://www.bigbasket.com/flavors/collections/230/dals-pulses/",1000043499,https://www.bigbasket.com/media/uploads/p/l/10000434_13-bb-royal-moong-dal.jpg
189," FOODGRAINS, OIL & MASALA ", DALS & PULSES , URAD & OTHER DALS , BB ROYAL Green Peas/Matar/Pattani,bb Royal,10000424,https://www.bigbasket.com/pd/10000424/bb-royal-green-peasmatar-500-g-pouch/,"bb Royal Green Peas/Matar/Pattani, 500 g Pouch",150,Rs 107,29%,500 g,veg,https://www.bigbasket.com/media/uploads/p/mm/10000424_13-bb-royal-green-peasmatar.jpg,"Green Peas are small, round and green, and are generally harvested in the early summer. It gives delicious taste, as a fresh Green Peas. These are low in calories and contain negligible amounts of sodium, fat and cholesterol. Vitamins A, C, K and B6 are present in plenty. Click here for unique and delicious recipes - https://www.bigbasket.com/flavors/collections/230/dals-pulses/",1000042499,https://www.bigbasket.com/media/uploads/p/l/10000424_13-bb-royal-green-peasmatar.jpg
190," FOODGRAINS, OIL & MASALA ", DALS & PULSES , URAD & OTHER DALS , BB ROYAL Green Peas/Matar/Pattani,bb Royal,10000561,https://www.bigbasket.com/pd/10000561/bb-royal-peasmatar-green-200-g-pouch/,"bb Royal Green Peas/Matar/Pattani, 200 g Pouch",70,Rs 44,37%,200 g,veg,https://www.bigbasket.com/media/uploads/p/mm/10000561_7-bb-royal-peasmatar-green.jpg,"Green peas are pale green coloured, rounded, mildly sweet tasting, mature legumes that have most of their moisture removed. They are low in calories and contain negligible amounts of sodium, fat and cholesterol. Vitamins A, C, K and B6 are present in plenty. Click here for unique and delicious recipes - https://www.bigbasket.com/flavors/collections/230/dals-pulses/",1000056199,https://www.bigbasket.com/media/uploads/p/l/10000561_7-bb-royal-peasmatar-green.jpg
194," FOODGRAINS, OIL & MASALA ", MASALAS & SPICES , WHOLE SPICES , BB POPULAR Fennel/Saunf - Big,bb Popular,40133697,https://www.bigbasket.com/pd/40133697/bb-popular-fennelsaunf-big-100-g/,"bb Popular Fennel/Saunf - Big, 100 g",40,Rs 32,20%,100 g,veg,https://www.bigbasket.com/media/uploads/p/mm/40133697_3-bb-popular-fennelsaunf-big.jpg,Saunf is the dried seeds of Fennel plant. It is very familiar with cookery and remedial uses due to its sweet-smelling and medicinal properties. These are pale greenish in colour and have a faintly sweet and energising flavour. It is more than just a normal mouth freshener.,40133697,https://www.bigbasket.com/media/uploads/p/l/40133697_3-bb-popular-fennelsaunf-big.jpg
197," FOODGRAINS, OIL & MASALA ", MASALAS & SPICES , WHOLE SPICES , BB POPULAR Cardamom/Elaichi - Green,bb Popular,40073425,https://www.bigbasket.com/pd/40073425/bb-popular-cardamomelaichi-green-20-g/,"bb Popular Cardamom/Elaichi - Green, 20 g",160,Rs 82,49%,20 g,veg,https://www.bigbasket.com/media/uploads/p/mm/40073425_6-bb-popular-cardamomelaichi-green.jpg,Cardamom is considered one of the most valuable spices in the world due to its rich aroma and therapeutic properties. It adds a rich flavour and aroma to the dishes. I is widely used in India.,40073425,https://www.bigbasket.com/media/uploads/p/l/40073425_6-bb-popular-cardamomelaichi-green.jpg
198," FOODGRAINS, OIL & MASALA ", MASALAS & SPICES , WHOLE SPICES , BB POPULAR Cardamom/Elaichi - Green,bb Popular,40073426,https://www.bigbasket.com/pd/40073426/bb-popular-cardamomelaichi-green-50-g/,"bb Popular Cardamom/Elaichi - Green, 50 g",400,Rs 199,50%,50 g,veg,https://www.bigbasket.com/media/uploads/p/mm/40073426_6-bb-popular-cardamomelaichi-green.jpg,Cardamom is considered one of the most valuable spices in the world due to its rich aroma and therapeutic properties. It adds a rich flavour and aroma to the dishes. I is widely used in India.,40073426,https://www.bigbasket.com/media/uploads/p/l/40073426_6-bb-popular-cardamomelaichi-green.jpg
199," FOODGRAINS, OIL & MASALA ", MASALAS & SPICES , WHOLE SPICES , BB POPULAR Cardamom/Elaichi - Green,bb Popular,40073427,https://www.bigbasket.com/pd/40073427/bb-popular-cardamomelaichi-green-100-g/,"bb Popular Cardamom/Elaichi - Green, 100 g",800,Rs 436,46%,100 g,veg,https://www.bigbasket.com/media/uploads/p/mm/40073427_8-bb-popular-cardamomelaichi-green.jpg,Cardamom is considered one of the most valuable spices in the world due to its rich aroma and therapeutic properties. It adds a rich flavour and aroma to the dishes. I is widely used in India. ,40073427,https://www.bigbasket.com/media/uploads/p/l/40073427_8-bb-popular-cardamomelaichi-green.jpg
200," FOODGRAINS, OIL & MASALA ", MASALAS & SPICES , WHOLE SPICES , BB POPULAR Cardamom/Elaichi Green,bb Popular,40073428,https://www.bigbasket.com/pd/40073428/bb-popular-cardamomelaichi-green-10-g/,"bb Popular Cardamom/Elaichi Green, 10 g",80,Rs 43,46%,10 g,veg,https://www.bigbasket.com/media/uploads/p/mm/40073428_2-bb-popular-cardamomelaichi-green.jpg,,40073428,https://www.bigbasket.com/media/uploads/p/l/40073428_2-bb-popular-cardamomelaichi-green.jpg
201," FOODGRAINS, OIL & MASALA "," ATTA, FLOURS & SOOJI ", ATTA WHOLE WHEAT , BB ROYAL Superior Chakki Wheat Atta - Fortified,bb Royal,40099240,https://www.bigbasket.com/pd/40099240/bb-royal-superior-chakki-wheat-atta-fortified-5-kg/,"bb Royal Superior Chakki Wheat Atta - Fortified, 5 kg",250,Rs 189,24%,5 kg,veg,https://www.bigbasket.com/media/uploads/p/mm/40099240_9-bb-royal-superior-chakki-wheat-atta-fortified.jpg,"Bring home the wholesome goodness of nature with bb Royal Chakki Atta fortified with Vitamin B, Iron and Folic Acid. Made from the Superior grade of wheat grains handpicked by BB experts, directly sourced from the Farmers. These golden amber grains go through multi-quality tests to ensure only clean grains are grinded. We use the Traditional chakki process with modern technology to make the finest flour. Because it helps to preserve the nutrients and gives you the perfect balance of colour, taste and nutrition. BB Fortified Royal Chakki Atta is a complete nourishment package for your entire family. It fulfills your daily required intake of essential vitamins and minerals, without you taking note of it. Micronutrients infused Fortified whole wheat flour contain Vitamin B12, Folic Acid and Iron that prevents malnourishment. Folic Acid is known for preventing deformities in children and promoting the growth and development of a healthy body. Fortification increases the nutrient value of flour and helps to cover up the micronutrient’s i.e vitamin and mineral requirements for the larger section of the population. BB Royal Fortified Atta range has been created for public health with research & vision to reduce nutrition-related deficiency in India. To ensure you get 100% pure and nutritious atta we do not mix an ounce of Maida with our product. Whether your rotis are round or not, we promise your rotis will be highly nutritious and soft. Serve your family the wholesome goodness with BB Royal Chakki Atta. We endeavour to give you the best quality flour and the best price to our farmers. With the elimination of Middlemen, BB Team has been ensuring for the last 3 years that our farmers/ fpos get a fair remunerative price for their produce than what farmers get in Mandis.",8.90426E+12,https://www.bigbasket.com/media/uploads/p/l/40099240_9-bb-royal-superior-chakki-wheat-atta-fortified.jpg
202," FOODGRAINS, OIL & MASALA "," ATTA, FLOURS & SOOJI ", ATTA WHOLE WHEAT , BB ROYAL Superior Chakki Wheat Atta - Fortified,bb Royal,40099241,https://www.bigbasket.com/pd/40099241/bb-royal-superior-chakki-wheat-atta-fortified-1-kg/,"bb Royal Superior Chakki Wheat Atta - Fortified, 1 kg",55,Rs 46,16%,1 kg,veg,https://www.bigbasket.com/media/uploads/p/mm/40099241_9-bb-royal-superior-chakki-wheat-atta-fortified.jpg,"Bring home the wholesome goodness of nature with bb Royal Chakki Atta fortified with Vitamin B, Iron and Folic Acid. Made from the Superior grade of wheat grains handpicked by BB experts, directly sourced from the Farmers. These golden amber grains go through multi-quality tests to ensure only clean grains are grinded. We use the Traditional chakki process with modern technology to make the finest flour. Because it helps to preserve the nutrients and gives you the perfect balance of colour, taste and nutrition. BB Fortified Royal Chakki Atta is a complete nourishment package for your entire family. It fulfills your daily required intake of essential vitamins and minerals, without you taking note of it. Micronutrients infused Fortified whole wheat flour contain Vitamin B12, Folic Acid and Iron that prevents malnourishment. Folic Acid is known for preventing deformities in children and promoting the growth and development of a healthy body. Fortification increases the nutrient value of flour and helps to cover up the micronutrient’s i.e vitamin and mineral requirements for the larger section of the population. BB Royal Fortified Atta range has been created for public health with research & vision to reduce nutrition-related deficiency in India. To ensure you get 100% pure and nutritious atta we do not mix an ounce of Maida with our product. Whether your rotis are round or not, we promise your rotis will be highly nutritious and soft. Serve your family the wholesome goodness with BB Royal Chakki Atta. We endeavour to give you the best quality flour and the best price to our farmers. With the elimination of Middlemen, BB Team has been ensuring for the last 3 years that our farmers/ fpos get a fair remunerative price for their produce than what farmers get in Mandis.",8.90426E+12,https://www.bigbasket.com/media/uploads/p/l/40099241_9-bb-royal-superior-chakki-wheat-atta-fortified.jpg
203," FOODGRAINS, OIL & MASALA "," ATTA, FLOURS & SOOJI ", ATTA WHOLE WHEAT , BB ROYAL Superior Chakki Wheat Atta - Fortified,bb Royal,40099239,https://www.bigbasket.com/pd/40099239/bb-royal-superior-chakki-wheat-atta-fortified-10-kg/,"bb Royal Superior Chakki Wheat Atta - Fortified, 10 kg",450,Rs 392,13%,10 kg,veg,https://www.bigbasket.com/media/uploads/p/mm/40099239_9-bb-royal-superior-chakki-wheat-atta-fortified.jpg,"Bring home the wholesome goodness of nature with bb Royal Chakki Atta fortified with Vitamin B, Iron and Folic Acid. Made from the Superior grade of wheat grains handpicked by BB experts, directly sourced from the Farmers. These golden amber grains go through multi-quality tests to ensure only clean grains are grinded. We use the Traditional chakki process with modern technology to make the finest flour. Because it helps to preserve the nutrients and gives you the perfect balance of colour, taste and nutrition. BB Fortified Royal Chakki Atta is a complete nourishment package for your entire family. It fulfills your daily required intake of essential vitamins and minerals, without you taking note of it. Micronutrients infused Fortified whole wheat flour contain Vitamin B12, Folic Acid and Iron that prevents malnourishment. Folic Acid is known for preventing deformities in children and promoting the growth and development of a healthy body. Fortification increases the nutrient value of flour and helps to cover up the micronutrient’s i.e vitamin and mineral requirements for the larger section of the population. BB Royal Fortified Atta range has been created for public health with research & vision to reduce nutrition-related deficiency in India. To ensure you get 100% pure and nutritious atta we do not mix an ounce of Maida with our product. Whether your rotis are round or not, we promise your rotis will be highly nutritious and soft. Serve your family the wholesome goodness with BB Royal Chakki Atta. We endeavour to give you the best quality flour and the best price to our farmers. With the elimination of Middlemen, BB Team has been ensuring for the last 3 years that our farmers/ fpos get a fair remunerative price for their produce than what farmers get in Mandis.",8.90426E+12,https://www.bigbasket.com/media/uploads/p/l/40099239_9-bb-royal-superior-chakki-wheat-atta-fortified.jpg
204," FOODGRAINS, OIL & MASALA "," ATTA, FLOURS & SOOJI ", ATTA WHOLE WHEAT , BB ROYAL Superior Chakki Wheat Atta - Fortified,bb Royal,1203711,https://www.bigbasket.com/pd/1203711/bb-royal-superior-chakki-wheat-atta-fortified-2x1-kg/,"bb Royal Superior Chakki Wheat Atta - Fortified, 2x1 kg Multipack",110,Rs 88,20%,2x1 kg,,https://www.bigbasket.com/media/uploads/p/mm/1203711_1-bb-royal-superior-chakki-wheat-atta-fortified.jpg,"Bring home the wholesome goodness of nature with bb Royal Chakki Atta fortified with Vitamin B, Iron and Folic Acid. Made from the Superior grade of wheat grains handpicked by BB experts, directly sourced from the Farmers. These golden amber grains go through multi-quality tests to ensure only clean grains are grinded. We use the Traditional chakki process with modern technology to make the finest flour. Because it helps to preserve the nutrients and gives you the perfect balance of colour, taste and nutrition. BB Fortified Royal Chakki Atta is a complete nourishment package for your entire family. It fulfills your daily required intake of essential vitamins and minerals, without you taking note of it. Micronutrients infused Fortified whole wheat flour contain Vitamin B12, Folic Acid and Iron that prevents malnourishment. Folic Acid is known for preventing deformities in children and promoting the growth and development of a healthy body. Fortification increases the nutrient value of flour and helps to cover up the micronutrient’s i.e vitamin and mineral requirements for the larger section of the population. BB Royal Fortified Atta range has been created for public health with research & vision to reduce nutrition-related deficiency in India. To ensure you get 100% pure and nutritious atta we do not mix an ounce of Maida with our product. Whether your rotis are round or not, we promise your rotis will be highly nutritious and soft. Serve your family the wholesome goodness with BB Royal Chakki Atta. We endeavour to give you the best quality flour and the best price to our farmers. With the elimination of Middlemen, BB Team has been ensuring for the last 3 years that our farmers/ fpos get a fair remunerative price for their produce than what farmers get in Mandis.",1203711,https://www.bigbasket.com/media/uploads/p/l/1203711_1-bb-royal-superior-chakki-wheat-atta-fortified.jpg
205," FOODGRAINS, OIL & MASALA ", DALS & PULSES ," TOOR, CHANNA & MOONG DAL ", BB POPULAR Channa - Brown,bb Popular,70001280,https://www.bigbasket.com/pd/70001280/bb-popular-channa-brown-1-kg-pouch/,"bb Popular Channa - Brown, 1 kg Pouch",140,Rs 99,29%,1 kg,veg,https://www.bigbasket.com/media/uploads/p/mm/70001280_8-bb-popular-channa-brown.jpg,"Channa brown gram or Bengal gram is a deep brown coloured bean that is like to kabuli channa, but lesser in size with a bland skin and mild-tasting bean. It is high in dietary fiber and is one of the majority protein-rich beans there is. It is generally is utilized in curries and used to create besan flour. It is consumed boiled, fried and sprouted. Click here for unique and delicious recipes - https://www.bigbasket.com/flavors/collections/230/dals-pulses/",70001280,https://www.bigbasket.com/media/uploads/p/l/70001280_8-bb-popular-channa-brown.jpg
206," FOODGRAINS, OIL & MASALA ", DALS & PULSES ," TOOR, CHANNA & MOONG DAL ", BB POPULAR Channa - Brown,bb Popular,40003553,https://www.bigbasket.com/pd/40003553/bb-popular-channa-brown-200-g-pouch/,"bb Popular Channa - Brown, 200 g Pouch",26,Rs 21,19%,200 g,veg,https://www.bigbasket.com/media/uploads/p/mm/40003553_9-bb-popular-channa-brown.jpg,,40003553,https://www.bigbasket.com/media/uploads/p/l/40003553_9-bb-popular-channa-brown.jpg
207," FOODGRAINS, OIL & MASALA ", DALS & PULSES ," TOOR, CHANNA & MOONG DAL ", BB POPULAR Channa - Brown,bb Popular,40003554,https://www.bigbasket.com/pd/40003554/bb-popular-channa-brown-500-g-pouch/,"bb Popular Channa - Brown, 500 g Pouch",70,Rs 44.29,37%,500 g,veg,https://www.bigbasket.com/media/uploads/p/mm/40003554_10-bb-popular-channa-brown.jpg,Brown Chana is very high in protein and gives a food meal. It has a low glycemic index and is a good protein selection for people with Diabetes. Brown Chana is a difference of the commonly found chickpea but it is dark brown in color and lesser in size. Click here for unique and delicious recipes - https://www.bigbasket.com/flavors/collections/230/dals-pulses/,40003554,https://www.bigbasket.com/media/uploads/p/l/40003554_10-bb-popular-channa-brown.jpg
208," FOODGRAINS, OIL & MASALA ", DALS & PULSES , CEREALS & MILLETS , BB POPULAR Soya Chunks,bb Popular,40046585,https://www.bigbasket.com/pd/40046585/bb-popular-soya-chunks-500-g-pouch/,"bb Popular Soya Chunks, 500 g Pouch",75,Rs 68,9%,500 g,veg,https://www.bigbasket.com/media/uploads/p/mm/40046585_3-bb-popular-soya-chunks.jpg,"Soya chunks have long been a favourite. The very fact the boiled nuggets turn spongy, all ready to absorb any flavours you dunk them in, make them a delight to cook with Click here for unique and delicious recipes - https://www.bigbasket.com/flavors/collections/230/dals-pulses/",40046585,https://www.bigbasket.com/media/uploads/p/l/40046585_3-bb-popular-soya-chunks.jpg
209," FOODGRAINS, OIL & MASALA ", DALS & PULSES , CEREALS & MILLETS , BB POPULAR Soya Chunks/Soya Thondugal,bb Popular,40003550,https://www.bigbasket.com/pd/40003550/bb-popular-soya-chunks-200-g-pouch/,"bb Popular Soya Chunks/Soya Thondugal, 200 g Pouch",35,Rs 29,17%,200 g,veg,https://www.bigbasket.com/media/uploads/p/mm/40003550_4-bb-popular-soya-chunks.jpg,"Soya chunks have long been a favourite. The very fact the boiled nuggets turn spongy, all ready to absorb any flavours you dunk them in, make them a delight to cook with. Click here for unique and delicious recipes - https://www.bigbasket.com/flavors/collections/230/dals-pulses/",400035501,https://www.bigbasket.com/media/uploads/p/l/40003550_4-bb-popular-soya-chunks.jpg
216," FOODGRAINS, OIL & MASALA ", MASALAS & SPICES , WHOLE SPICES , BB POPULAR Mustard/Rai - Small,bb Popular,40085062,https://www.bigbasket.com/pd/40085062/bb-popular-mustardrai-small-100-g/,"bb Popular Mustard/Rai - Small, 100 g",20,Rs 13.39,33%,100 g,veg,https://www.bigbasket.com/media/uploads/p/mm/40085062_8-bb-popular-mustardrai-small.jpg,"Mustard seeds are a very famous ingredient in several regional cuisines. It also relishes the spicy, aromatic rustic taste and fragrance that mustard can add to your meals. They are known to have numerous benefits since they are low in calories and rich in nutritional value and have a lot of antibacterial and antiseptic qualities.",40085062,https://www.bigbasket.com/media/uploads/p/l/40085062_8-bb-popular-mustardrai-small.jpg
217," FOODGRAINS, OIL & MASALA ", DRY FRUITS , ALMONDS ," BB ROYAL Almond/Badam - Californian, Giri",bb Royal,40088564,https://www.bigbasket.com/pd/40088564/bb-royal-almondbadam-californian-giri-1-kg-pouch/,"bb Royal Almond/Badam - Californian, Giri, 1 kg Pouch",1500,Rs 998,33%,1 kg,veg,https://www.bigbasket.com/media/uploads/p/mm/40088564_6-bb-royal-almondbadam-californian-giri.jpg,"Almonds are full of nutritional benefits. It is loaded with antioxidants making it one of the healthy dry fruits.  BB Royal is our in house premium brand of the finest staples sourced right from the best farms and production centres in order to get you good quality at competitive prices. Every product is carefully selected by experienced and technically competent merchandisers, cleaned and packed at our hygienic facilities in food grade plastic and sold to you at the most competitive prices in the market. Click here for unique and delicious recipes - https://www.bigbasket.com/flavors/collections/231/dry-fruits-berries-nuts/",40088564,https://www.bigbasket.com/media/uploads/p/l/40088564_6-bb-royal-almondbadam-californian-giri.jpg
218," FOODGRAINS, OIL & MASALA ", DRY FRUITS , ALMONDS , BB ROYAL Almond/Badam Californian (Extra Bold)/Badam,bb Royal,10000493,https://www.bigbasket.com/pd/10000493/bb-royal-almondbadam-californian-giri-100-g-pouch/,"bb Royal Almond/Badam Californian (Extra Bold)/Badam, 100 g Pouch",150,Rs 100,33%,100 g,veg,https://www.bigbasket.com/media/uploads/p/mm/10000493_13-bb-royal-almondbadam-californian-giri.jpg,"Unlike what most people think, almonds are seeds of a fruit that grows on the almond tree. Preferred the world over for their extremely high nutritional value, California Almonds bring you the right dose of good cholesterol and vitamins that fortify your immune system. BB Royal California ensures that you get your almonds in the best shape and their nutrients are preserved. Click here for unique and delicious recipes - https://www.bigbasket.com/flavors/collections/231/dry-fruits-berries-nuts/",1000000,https://www.bigbasket.com/media/uploads/p/l/10000493_13-bb-royal-almondbadam-californian-giri.jpg
219," FOODGRAINS, OIL & MASALA ", DRY FRUITS , ALMONDS , BB ROYAL Almond/Badam Californian (Extra Bold)/Badam,bb Royal,10000550,https://www.bigbasket.com/pd/10000550/bb-royal-almondbadam-californian-giri-500-g-pouch/,"bb Royal Almond/Badam Californian (Extra Bold)/Badam, 500 g Pouch",750,Rs 499,33%,500 g,veg,https://www.bigbasket.com/media/uploads/p/mm/10000550_13-bb-royal-almondbadam-californian-giri.jpg,"American Almonds are delicious alone as a nutritious snack, and they are a prime ingredient in home kitchens and in food manufacturing. It enhances virtually every food they grace with their distinctive taste and satisfying crunch. It is one of the most versatile nuts. It is very nutrient-rich and contains flavonoid phytonutrients which along with the vitamin E present in their flesh provides excellent antioxidant power. Click here for unique and delicious recipes - https://www.bigbasket.com/flavors/collections/231/dry-fruits-berries-nuts/",100005509,https://www.bigbasket.com/media/uploads/p/l/10000550_13-bb-royal-almondbadam-californian-giri.jpg
220," FOODGRAINS, OIL & MASALA ", DRY FRUITS , ALMONDS , BB ROYAL Almond/Badam Californian (Extra Bold)/Badam,bb Royal,10000519,https://www.bigbasket.com/pd/10000519/bb-royal-almondbadam-californian-giri-200-g-pouch/,"bb Royal Almond/Badam Californian (Extra Bold)/Badam, 200 g Pouch",300,Rs 200,33%,200 g,veg,https://www.bigbasket.com/media/uploads/p/mm/10000519_12-bb-royal-almondbadam-californian-giri.jpg,"Almonds are light brown-skinned, firm, ripe seeds of the almond fruit. They have a wealthy yet subtle bitter-sweet flavour. These are riches of nutrients, particularly dietary fibre, mono-unsaturated fatty acids, and protein, B complex vitamins. Also, it is wealthy in vitamin E and minerals such as potassium, zinc, iron, calcium, selenium, manganese. Click here for unique and delicious recipes - https://www.bigbasket.com/flavors/collections/231/dry-fruits-berries-nuts/",10000519,https://www.bigbasket.com/media/uploads/p/l/10000519_12-bb-royal-almondbadam-californian-giri.jpg
224," FOODGRAINS, OIL & MASALA ", RICE & RICE PRODUCTS , RAW RICE , BB ROYAL Ponni Raw Rice - Super Premium,bb Royal,40075889,https://www.bigbasket.com/pd/40075889/bb-royal-ponni-raw-rice-super-premium-5-kg/,"bb Royal Ponni Raw Rice - Super Premium, 5 kg (18 + Months Old)",375,Rs 299,20%,5 kg,veg,https://www.bigbasket.com/media/uploads/p/mm/40075889_2-bb-royal-ponni-raw-rice-super-premium.jpg,,40075889,https://www.bigbasket.com/media/uploads/p/l/40075889_2-bb-royal-ponni-raw-rice-super-premium.jpg
225," FOODGRAINS, OIL & MASALA ", RICE & RICE PRODUCTS , RAW RICE , BB ROYAL Ponni Raw Rice - Super Premium,bb Royal,40075890,https://www.bigbasket.com/pd/40075890/bb-royal-ponni-raw-rice-super-premium-10-kg/,"bb Royal Ponni Raw Rice - Super Premium, 10 kg (18 + Months Old)",750,Rs 582,22%,10 kg,veg,https://www.bigbasket.com/media/uploads/p/mm/40075890_5-bb-royal-ponni-raw-rice-super-premium.jpg,,40075890,https://www.bigbasket.com/media/uploads/p/l/40075890_5-bb-royal-ponni-raw-rice-super-premium.jpg
226," FOODGRAINS, OIL & MASALA ", RICE & RICE PRODUCTS , RAW RICE , BB ROYAL Ponni Raw Rice - Super Premium,bb Royal,40075891,https://www.bigbasket.com/pd/40075891/bb-royal-ponni-raw-rice-super-premium-25-kg/,"bb Royal Ponni Raw Rice - Super Premium, 25 kg (18 + Months Old)",1875,Rs 1337.97,29%,25 kg,veg,https://www.bigbasket.com/media/uploads/p/mm/40075891_6-bb-royal-ponni-raw-rice-super-premium.jpg,,40075891,https://www.bigbasket.com/media/uploads/p/l/40075891_6-bb-royal-ponni-raw-rice-super-premium.jpg
233," FOODGRAINS, OIL & MASALA ", DALS & PULSES ," TOOR, CHANNA & MOONG DAL ", BB ROYAL Green Moong Whole/Sabut/Pachai Parupu/Payatham Paruppu/Pasipayir,bb Royal,10000443,https://www.bigbasket.com/pd/10000443/bb-royal-moong-green-wholesabut-500-g-pouch/,"bb Royal Green Moong Whole/Sabut/Pachai Parupu/Payatham Paruppu/Pasipayir, 500 g Pouch",90,Rs 71,21%,500 g,veg,https://www.bigbasket.com/media/uploads/p/mm/10000443_14-bb-royal-moong-green-wholesabut.jpg,"Moong Dal has a sugary flavor, soft feel, and is simple to digest. These beans are sprouted to make Bean Sprouts, which have vitamin C, not found in the dry bean. Moong Bean Flour is utilized to make Bean Threads. Click here for unique and delicious recipes - https://www.bigbasket.com/flavors/collections/230/dals-pulses/",10,https://www.bigbasket.com/media/uploads/p/l/10000443_14-bb-royal-moong-green-wholesabut.jpg
234," FOODGRAINS, OIL & MASALA ", DALS & PULSES ," TOOR, CHANNA & MOONG DAL ", BB ROYAL Green Moong Whole/Sabut/Pachai Parupu/Payatham Paruppu/Pasipayir,bb Royal,20000437,https://www.bigbasket.com/pd/20000437/bb-royal-green-moong-wholesabut-1-kg-pouch/,"bb Royal Green Moong Whole/Sabut/Pachai Parupu/Payatham Paruppu/Pasipayir, 1 kg Pouch",180,Rs 140,22%,1 kg,veg,https://www.bigbasket.com/media/uploads/p/mm/20000437_10-bb-royal-green-moong-wholesabut.jpg,"BB Royal whole green moong are procured from reliable and high quality sources, and are extremely beneficial for your health. The moong dal is easy to digest, has a pleasant sugary flavour and feels soft. The beans are best consumed after being sprouted, since the sprouts are rich in vitamin C. Click here for unique and delicious recipes - https://www.bigbasket.com/flavors/collections/230/dals-pulses/",2.00004E+12,https://www.bigbasket.com/media/uploads/p/l/20000437_10-bb-royal-green-moong-wholesabut.jpg
235," FOODGRAINS, OIL & MASALA ", DRY FRUITS , OTHER DRY FRUITS , BB POPULAR Anjeer - Figs,bb Popular,40019555,https://www.bigbasket.com/pd/40019555/bb-popular-anjeer-figs-100-g/,"bb Popular Anjeer - Figs, 100 g",200,Rs 162,19%,100 g,veg,https://www.bigbasket.com/media/uploads/p/mm/40019555_5-bb-popular-anjeer-figs.jpg,Figs are bell shaped fruits with wrinkled tough skin and has moist flesh inside. They are very sweet and come with a sugary aroma. Click here for unique and delicious recipes - https://www.bigbasket.com/flavors/collections/231/dry-fruits-berries-nuts/,40019555,https://www.bigbasket.com/media/uploads/p/l/40019555_5-bb-popular-anjeer-figs.jpg
236," FOODGRAINS, OIL & MASALA ", DRY FRUITS , OTHER DRY FRUITS , BB POPULAR Anjeer - Figs,bb Popular,40019556,https://www.bigbasket.com/pd/40019556/bb-popular-anjeer-figs-200-g/,"bb Popular Anjeer - Figs, 200 g",400,Rs 320,20%,200 g,veg,https://www.bigbasket.com/media/uploads/p/mm/40019556_4-bb-popular-anjeer-figs.jpg,"Figs are appetisingly sugary and feature a complex feel that merges the chewiness of their flesh, the softness of their skin, and the crunchiness of their seeds. Click here for unique and delicious recipes - https://www.bigbasket.com/flavors/collections/231/dry-fruits-berries-nuts/",40019556,https://www.bigbasket.com/media/uploads/p/l/40019556_4-bb-popular-anjeer-figs.jpg
243," FOODGRAINS, OIL & MASALA ", ORGANIC STAPLES , ORGANIC MASALAS & SPICES , BB ROYAL Organic - Turmeric Powder / Manjal,bb Royal,40075124,https://www.bigbasket.com/pd/40075124/bb-royal-organic-turmeric-powder-100-g/,"bb Royal Organic - Turmeric Powder / Manjal, 100 g",31,Rs 26,16%,100 g,veg,https://www.bigbasket.com/media/uploads/p/mm/40075124_10-bb-royal-organic-turmeric-powder.jpg,"It is recommended to include turmeric powder to each and every preparation of yours, as it contains antiseptic properties. Utilize it for marination or add it to the meat and vegetables while cooking. This will prevent your food from germs keeping it healthy to consume for a longer time.BB Royal Organic Turmeric powder is prepared from organically grown turmeric.",40075124,https://www.bigbasket.com/media/uploads/p/l/40075124_10-bb-royal-organic-turmeric-powder.jpg
244," FOODGRAINS, OIL & MASALA ", ORGANIC STAPLES , ORGANIC MASALAS & SPICES , BB ROYAL Organic - Turmeric Powder / Manjal,bb Royal,40075125,https://www.bigbasket.com/pd/40075125/bb-royal-organic-turmeric-powder-200-g/,"bb Royal Organic - Turmeric Powder / Manjal, 200 g",61,Rs 47,23%,200 g,veg,https://www.bigbasket.com/media/uploads/p/mm/40075125_7-bb-royal-organic-turmeric-powder.jpg,"It is recommended to include turmeric powder to each and every preparation of yours, as it contains antiseptic properties. Utilize it for marination or add it to the meat and vegetables while cooking. This will prevent your food from germs keeping it healthy to consume for a longer time.BB Royal Organic Turmeric powder is prepared from organically grown turmeric.",40075125,https://www.bigbasket.com/media/uploads/p/l/40075125_7-bb-royal-organic-turmeric-powder.jpg
245," FOODGRAINS, OIL & MASALA ", ORGANIC STAPLES , ORGANIC MASALAS & SPICES , BB ROYAL Organic - Turmeric Powder,bb Royal,40125926,https://www.bigbasket.com/pd/40125926/bb-royal-organic-turmeric-powder-500-g/,"bb Royal Organic - Turmeric Powder, 500 g",139,Rs 92,34%,500 g,veg,https://www.bigbasket.com/media/uploads/p/mm/40125926_9-bb-royal-organic-turmeric-powder.jpg,"Turmeric Powder has a soft, earthy and woody aroma, which is one of the most used spices while preparing Indian dishes. It adds a natural and vibrant colour to food, while also effectively purifying blood and stimulating protein digestion. bb Royal Turmeric is made using organically grown turmeric, which is also known to possess antiseptic properties.",40125926,https://www.bigbasket.com/media/uploads/p/l/40125926_9-bb-royal-organic-turmeric-powder.jpg
246," FOODGRAINS, OIL & MASALA ", ORGANIC STAPLES , ORGANIC MASALAS & SPICES , BB ROYAL Organic - Turmeric Powder,bb Royal,1208919,https://www.bigbasket.com/pd/1208919/bb-royal-organic-turmeric-powder-2x500-g/,"bb Royal Organic - Turmeric Powder, 2x500 g Multipack",278,,,2x500 g,,https://www.bigbasket.com/media/uploads/p/mm/1208919_1-bb-royal-organic-turmeric-powder.jpg,"Turmeric Powder has a soft, earthy and woody aroma, which is one of the most used spices while preparing Indian dishes. It adds a natural and vibrant colour to food, while also effectively purifying blood and stimulating protein digestion. bb Royal Turmeric is made using organically grown turmeric, which is also known to possess antiseptic properties.",1208919,https://www.bigbasket.com/media/uploads/p/l/1208919_1-bb-royal-organic-turmeric-powder.jpg
247," FOODGRAINS, OIL & MASALA ", ORGANIC STAPLES , ORGANIC DRY FRUITS , BB ROYAL Organic - Cashew Whole / Mundhiri,bb Royal,40072498,https://www.bigbasket.com/pd/40072498/bb-royal-organic-cashewkaju-whole-bold-100-g/,"bb Royal Organic - Cashew Whole / Mundhiri, 100 g",150,Rs 135,15,100 g,veg,https://www.bigbasket.com/media/uploads/p/mm/40072498_14-bb-royal-organic-cashewkaju-whole-bold.jpg,"Cashew Whole is enhanced with high calorie and fat content. It contains several health advantages because of their rich mineral content. It is rich in iron, zinc, copper and manganese for metabolism. It is enormous for adding a creamy texture to your dishes with no overpowering other flavours. You can also enjoy the entire cashews as a snack on their own. It is free from synthetic chemicals and pesticides.",40072498,https://www.bigbasket.com/media/uploads/p/l/40072498_14-bb-royal-organic-cashewkaju-whole-bold.jpg
248," FOODGRAINS, OIL & MASALA ", ORGANIC STAPLES , ORGANIC DRY FRUITS , BB ROYAL Organic - Cashew/Kaju Whole Bold,bb Royal,40101870,https://www.bigbasket.com/pd/40101870/bb-royal-organic-cashewkaju-whole-bold-500-g/,"bb Royal Organic - Cashew/Kaju Whole Bold, 500 g",750,Rs 619,17%,500 g,veg,https://www.bigbasket.com/media/uploads/p/mm/40101870_8-bb-royal-organic-cashewkaju-whole-bold.jpg,"Cashew Whole is enhanced with high calorie and fat content. It contains several health advantages because of their rich mineral content. It is rich in iron, zinc, copper and manganese for metabolism. It is enormous for adding a creamy texture to your dishes with no overpowering other flavours. You can also enjoy the entire cashews as a snack on their own. It is free from synthetic chemicals and pesticides.",40101870,https://www.bigbasket.com/media/uploads/p/l/40101870_8-bb-royal-organic-cashewkaju-whole-bold.jpg
249," FOODGRAINS, OIL & MASALA ", ORGANIC STAPLES , ORGANIC DRY FRUITS , BB ROYAL Organic - Cashew Whole / Mundhiri,bb Royal,40092230,https://www.bigbasket.com/pd/40092230/bb-royal-organic-cashewkaju-whole-bold-200-g/,"bb Royal Organic - Cashew Whole / Mundhiri, 200 g",300,Rs 249,17%,200 g,veg,https://www.bigbasket.com/media/uploads/p/mm/40092230_10-bb-royal-organic-cashewkaju-whole-bold.jpg,"Cashew Whole is enhanced with high calorie and fat content. It contains several health advantages because of their rich mineral content. It is rich in iron, zinc, copper and manganese for metabolism. It is enormous for adding a creamy texture to your dishes with no overpowering other flavours. You can also enjoy the entire cashews as a snack on their own. It is free from synthetic chemicals and pesticides.",40092230,https://www.bigbasket.com/media/uploads/p/l/40092230_10-bb-royal-organic-cashewkaju-whole-bold.jpg
250," FOODGRAINS, OIL & MASALA ", ORGANIC STAPLES , ORGANIC DRY FRUITS , BB ROYAL Organic - Cashew/Kaju Whole Bold,bb Royal,40135839,https://www.bigbasket.com/pd/40135839/bb-royal-organic-cashewkaju-whole-bold-1-kg/,"bb Royal Organic - Cashew/Kaju Whole Bold, 1 kg",1499,Rs 1199,20%,1 kg,veg,https://www.bigbasket.com/media/uploads/p/mm/40135839_8-bb-royal-organic-cashewkaju-whole-bold.jpg,"Cashew Whole is enhanced with high calorie and fat content. It contains several health advantages because of their rich mineral content. It is rich in iron, zinc, copper and manganese for metabolism. It is enormous for adding a creamy texture to your dishes with no overpowering other flavours. You can also enjoy the entire cashews as a snack on their own. It is free from synthetic chemicals and pesticides.",40135839,https://www.bigbasket.com/media/uploads/p/l/40135839_8-bb-royal-organic-cashewkaju-whole-bold.jpg
257," FOODGRAINS, OIL & MASALA ", MASALAS & SPICES , WHOLE SPICES , BB ROYAL Fenugreek/Methi/Vendhayam,bb Royal,10000480,https://www.bigbasket.com/pd/10000480/bb-royal-fenugreekmethi-100-g/,"bb Royal Fenugreek/Methi/Vendhayam, 100 g",30,Rs 14,53%,100 g,veg,https://www.bigbasket.com/media/uploads/p/mm/10000480_7-bb-royal-fenugreekmethi.jpg,"Methi or fenugreek seeds are cuboid-shaped, tiny, solid, fragrant, dirty yellow coloured, strong flavoured seeds of the fenugreek plant. They are wealthy in dietary fibre, iron and copper. They have vitamin C and minerals such as potassium, phosphorous, sodium, calcium, magnesium in plenty.",1000048099,https://www.bigbasket.com/media/uploads/p/l/10000480_7-bb-royal-fenugreekmethi.jpg
258," FOODGRAINS, OIL & MASALA ", MASALAS & SPICES , WHOLE SPICES , BB ROYAL Fenugreek/Methi/Vendhayam,bb Royal,10000478,https://www.bigbasket.com/pd/10000478/bb-royal-fenugreekmethi-200-g/,"bb Royal Fenugreek/Methi/Vendhayam, 200 g",60,Rs 26,57%,200 g,veg,https://www.bigbasket.com/media/uploads/p/mm/10000478_8-bb-royal-fenugreekmethi.jpg,"Used as a major spice in India, the methi or Fenugreek is a plant that is native to Southern Europe and Asia. BB Royal brings you the finest selection of methi seeds, which are known for its immense health benefits. These seeds are bitter in taste but lose their bitterness when roasted a little. Loaded with health benefits, the methi seeds are hygienically packed to ensure they retain their natural goodness and aroma.",10000478,https://www.bigbasket.com/media/uploads/p/l/10000478_8-bb-royal-fenugreekmethi.jpg
259," FOODGRAINS, OIL & MASALA ", MASALAS & SPICES , WHOLE SPICES , BB ROYAL Fenugreek/Methi/Vendhayam,bb Royal,30000310,https://www.bigbasket.com/pd/30000310/bb-royal-fenugreekmethi-50-g/,"bb Royal Fenugreek/Methi/Vendhayam, 50 g",15,Rs 7,53%,50 g,veg,https://www.bigbasket.com/media/uploads/p/mm/30000310_3-bb-royal-fenugreekmethi.jpg,"Methi is normally used as a spice and its leaves are extensively used in a mixture of culinary preparations. These are cuboid-shaped, small, hard, dirty yellow coloured, perfumed, strong flavoured seeds of the fenugreek plant.",3000031099,https://www.bigbasket.com/media/uploads/p/l/30000310_3-bb-royal-fenugreekmethi.jpg
264," FOODGRAINS, OIL & MASALA ", MASALAS & SPICES , POWDERED SPICES , BB ROYAL Cooking Soda,bb Royal,40053900,https://www.bigbasket.com/pd/40053900/bb-royal-cooking-soda-100-g/,"bb Royal Cooking Soda, 100 g",40,Rs 20,50%,100 g,veg,https://www.bigbasket.com/media/uploads/p/mm/40053900_2-bb-royal-cooking-soda.jpg,"Cooking Soda is a general ingredient in many food recipes and found in almost every house. It is sodium bicarbonate, which is an antacid. Baking soda contains been broadly used as a household cleaner and a health and beauty product for an amount of years. The soda works as a base to neutralize the irritating stomach acids. This treatment works very rapidly, usually dropping discomfort in a matter of minutes.",40053900,https://www.bigbasket.com/media/uploads/p/l/40053900_2-bb-royal-cooking-soda.jpg
265," FOODGRAINS, OIL & MASALA ", MASALAS & SPICES , POWDERED SPICES , BB ROYAL Cooking Soda/Camaiyal Uppu,bb Royal,40000622,https://www.bigbasket.com/pd/40000622/bb-royal-cooking-soda-50-g/,"bb Royal Cooking Soda/Camaiyal Uppu, 50 g",20,Rs 11,45%,50 g,veg,https://www.bigbasket.com/media/uploads/p/mm/40000622_4-bb-royal-cooking-soda.jpg,Baking soda is a white powder with crystalline grains which is used as a leavening agent. Its main reason is to break proteins and neutralize acids. Thus baking soda helps in leavening and tenderising.,40000622,https://www.bigbasket.com/media/uploads/p/l/40000622_4-bb-royal-cooking-soda.jpg
266," FOODGRAINS, OIL & MASALA ", ORGANIC STAPLES , ORGANIC DALS & PULSES , BB ROYAL Organic - Brown Chana/Channa Brown,bb Royal,40098408,https://www.bigbasket.com/pd/40098408/bb-royal-organic-brown-chanachanna-brown-1-kg/,"bb Royal Organic - Brown Chana/Channa Brown, 1 kg",139,Rs 111,20%,1 kg,veg,https://www.bigbasket.com/media/uploads/p/mm/40098408_8-bb-royal-organic-brown-chanachanna-brown.jpg,"Organic Brown Chana comes in the kind of legumes in the family of chickpeas. It is high in proteins. It is an extremely good source of zinc and rich in carbohydrates. It contains a group of dietary fiber that is necessary to maintain a healthy lifestyle. This is cultivated without the use of pesticides ,artificial fertilizers or chemicals",40098408,https://www.bigbasket.com/media/uploads/p/l/40098408_8-bb-royal-organic-brown-chanachanna-brown.jpg
267," FOODGRAINS, OIL & MASALA ", ORGANIC STAPLES , ORGANIC DALS & PULSES , BB ROYAL Organic - Brown Chana / Karuppu Kondakalai,bb Royal,40072465,https://www.bigbasket.com/pd/40072465/bb-royal-organic-brown-chanachanna-brown-500-g/,"bb Royal Organic - Brown Chana / Karuppu Kondakalai, 500 g",73,Rs 58,21%,500 g,veg,https://www.bigbasket.com/media/uploads/p/mm/40072465_11-bb-royal-organic-brown-chanachanna-brown.jpg,"Organic Brown Chana comes in the kind of legumes in the family of chickpeas. It is high in proteins. It is an extremely good source of zinc and rich in carbohydrates. It contains a group of dietary fiber that is necessary to maintain a healthy lifestyle. This is cultivated without the use of pesticides ,artificial fertilizers or chemicals",40072465,https://www.bigbasket.com/media/uploads/p/l/40072465_11-bb-royal-organic-brown-chanachanna-brown.jpg
268," FOODGRAINS, OIL & MASALA ", ORGANIC STAPLES , ORGANIC DALS & PULSES , BB ROYAL Organic - Brown Channa / Karuppu Kondakalai,bb Royal,40081586,https://www.bigbasket.com/pd/40081586/bb-royal-organic-brown-chanachanna-brown-200-g/,"bb Royal Organic - Brown Channa / Karuppu Kondakalai, 200 g",33,Rs 29,12%,200 g,veg,https://www.bigbasket.com/media/uploads/p/mm/40081586_7-bb-royal-organic-brown-chanachanna-brown.jpg,"Organic Brown Chana comes in the kind of legumes in the family of chickpeas. It is high in proteins. It is an extremely good source of zinc and rich in carbohydrates. It contains a group of dietary fiber that is necessary to maintain a healthy lifestyle. This is cultivated without the use of pesticides ,artificial fertilizers or chemicals",40081586,https://www.bigbasket.com/media/uploads/p/l/40081586_7-bb-royal-organic-brown-chanachanna-brown.jpg
269," FOODGRAINS, OIL & MASALA ", RICE & RICE PRODUCTS , RAW RICE , BB ROYAL Jeera/Jeeraga samba Rice,bb Royal,10000432,https://www.bigbasket.com/pd/10000432/bb-royal-jeerajeeraga-samba-rice-1-kg-pouch/,"bb Royal Jeera/Jeeraga samba Rice, 1 kg Pouch",120,Rs 109,11,1 kg,veg,https://www.bigbasket.com/media/uploads/p/mm/10000432_9-bb-royal-jeerajeeraga-samba-rice.jpg,,20000310001,https://www.bigbasket.com/media/uploads/p/l/10000432_9-bb-royal-jeerajeeraga-samba-rice.jpg
270," FOODGRAINS, OIL & MASALA ", RICE & RICE PRODUCTS , RAW RICE , BB ROYAL Rice - Jeera/Jeeraga Samba,bb Royal,40128944,https://www.bigbasket.com/pd/40128944/bb-royal-rice-jeerajeeraga-samba-5-kg/,"bb Royal Rice - Jeera/Jeeraga Samba, 5 kg",600,Rs 509,15%,5 kg,veg,https://www.bigbasket.com/media/uploads/p/mm/40128944_1-bb-royal-rice-jeerajeeraga-samba.jpg,,40128944,https://www.bigbasket.com/media/uploads/p/l/40128944_1-bb-royal-rice-jeerajeeraga-samba.jpg
271," FOODGRAINS, OIL & MASALA ", RICE & RICE PRODUCTS , RAW RICE , BB ROYAL Jeera/Jeeraga samba Rice,bb Royal,40044727,https://www.bigbasket.com/pd/40044727/bb-royal-jeerajeeraga-samba-rice-2-kg-pouch/,"bb Royal Jeera/Jeeraga samba Rice, 2 kg Pouch",240,Rs 212,12%,2 kg,veg,https://www.bigbasket.com/media/uploads/p/mm/40044727_3-bb-royal-jeerajeeraga-samba-rice.jpg,,40044727,https://www.bigbasket.com/media/uploads/p/l/40044727_3-bb-royal-jeerajeeraga-samba-rice.jpg
272," FOODGRAINS, OIL & MASALA ", DRY FRUITS , RAISINS , BB ROYAL Indian Raisins/Kishmish/Kaintha Thratchai,bb Royal,10000504,https://www.bigbasket.com/pd/10000504/bb-royal-raisinskishmish-indian-100-g-pouch/,"bb Royal Indian Raisins/Kishmish/Kaintha Thratchai, 100 g Pouch",60,Rs 38,37%,100 g,veg,https://www.bigbasket.com/media/uploads/p/mm/10000504_10-bb-royal-raisinskishmish-indian.jpg,"Indian Raisins are obtained by drying grapes, either in the mechanical driers or in sun, which turns fresh grapes into brown coloured raisins. Raisins come with lots of health benefits, however, they are rich in sugars & calories. It is a dense supply of minerals like calcium, manganese, iron, magnesium, potassium, fluoride, copper, boron and zinc. It is also a fine source of the B-complex vitamins B1, B2, B3, B6, and include small amounts of Vitamin E, Vitamin C and Vitamin K. Click here for unique and delicious recipes - https://www.bigbasket.com/flavors/collections/231/dry-fruits-berries-nuts/",1000050499,https://www.bigbasket.com/media/uploads/p/l/10000504_10-bb-royal-raisinskishmish-indian.jpg
273," FOODGRAINS, OIL & MASALA ", DRY FRUITS , RAISINS , BB ROYAL Indian Raisins/Kishmish/Kaintha Thratchai,bb Royal,10000530,https://www.bigbasket.com/pd/10000530/bb-royal-raisinskishmish-indian-200-g-pouch/,"bb Royal Indian Raisins/Kishmish/Kaintha Thratchai, 200 g Pouch",120,Rs 75,38%,200 g,veg,https://www.bigbasket.com/media/uploads/p/mm/10000530_9-bb-royal-raisinskishmish-indian.jpg,"Indian Raisins are obtained by drying grapes in the sun or in mechanical driers, which turns fresh grapes into brown coloured raisins. Raisins come with loads of health benefits; however, they are rich in calories & sugars. It is a fine source of the B-complex vitamins B3, B2, B1, B6, and contain tiny amounts of Vitamin C, E & K. It is a dense supply of minerals like calcium, iron, manganese, potassium, magnesium copper, zinc, fluoride and boron. Click here for unique and delicious recipes - https://www.bigbasket.com/flavors/collections/231/dry-fruits-berries-nuts/",1000053099,https://www.bigbasket.com/media/uploads/p/l/10000530_9-bb-royal-raisinskishmish-indian.jpg
274," FOODGRAINS, OIL & MASALA ", DRY FRUITS , RAISINS , BB ROYAL Indian Raisins/Kishmish,bb Royal,40053923,https://www.bigbasket.com/pd/40053923/bb-royal-indian-raisinskishmish-1-kg/,"bb Royal Indian Raisins/Kishmish, 1 kg",600,Rs 350,42%,1 kg,veg,https://www.bigbasket.com/media/uploads/p/mm/40053923_3-bb-royal-indian-raisinskishmish.jpg,"Indian Raisins are obtained by drying grapes in the sun or in mechanical driers, which turns fresh grapes into brown coloured raisins.  Raisins come with loads of health benefits; however, they are rich in calories & sugars. It is a fine source of the B-complex vitamins B3, B2, B1, B6, and contain tiny amounts of Vitamin C, E & K. It is a dense supply of minerals like calcium, iron, manganese, potassium, magnesium copper, zinc, fluoride and boron. Click here for unique and delicious recipes - https://www.bigbasket.com/flavors/collections/231/dry-fruits-berries-nuts/",40053923,https://www.bigbasket.com/media/uploads/p/l/40053923_3-bb-royal-indian-raisinskishmish.jpg
275," FOODGRAINS, OIL & MASALA ", DRY FRUITS , RAISINS , BB ROYAL Raisins/Kishmish - Indian,bb Royal,40046740,https://www.bigbasket.com/pd/40046740/bb-royal-raisinskishmish-indian-500-g/,"bb Royal Raisins/Kishmish - Indian, 500 g",300,Rs 180,40%,500 g,veg,https://www.bigbasket.com/media/uploads/p/mm/40046740_6-bb-royal-raisinskishmish-indian.jpg,"Indian Raisins are obtained by drying grapes in the sun or in mechanical driers, which turns fresh grapes into brown coloured raisins. Raisins come with loads of health benefits; however, they are rich in calories & sugars. It is a fine source of the B-complex vitamins B3, B2, B1, B6, and contain tiny amounts of Vitamin C, E & K. It is a dense supply of minerals like calcium, iron, manganese, potassium, magnesium copper, zinc, fluoride and boron. Click here for unique and delicious recipes - https://www.bigbasket.com/flavors/collections/231/dry-fruits-berries-nuts/",40046740,https://www.bigbasket.com/media/uploads/p/l/40046740_6-bb-royal-raisinskishmish-indian.jpg
276," FOODGRAINS, OIL & MASALA ", MASALAS & SPICES , WHOLE SPICES , BB ROYAL Mustard/Rye Big/Kaduku,bb Royal,40000624,https://www.bigbasket.com/pd/40000624/bb-royal-mustardrai-big-200-g/,"bb Royal Mustard/Rye Big/Kaduku, 200 g",50,Rs 28,44%,200 g,veg,https://www.bigbasket.com/media/uploads/p/mm/40000624_8-bb-royal-mustardrai-big.jpg,Mustard seeds are extremely popular ingredient in all cuisine. They are known to contain various benefits since they are low in calories and high in nutritional value and contain a lot of antibacterial and antiseptic qualities.,40000624,https://www.bigbasket.com/media/uploads/p/l/40000624_8-bb-royal-mustardrai-big.jpg
277," FOODGRAINS, OIL & MASALA ", MASALAS & SPICES , WHOLE SPICES , BB ROYAL Mustard/Rye Big/Kaduku,bb Royal,40026601,https://www.bigbasket.com/pd/40026601/bb-royal-mustardrai-big-500-g/,"bb Royal Mustard/Rye Big/Kaduku, 500 g",125,Rs 69,45%,500 g,veg,https://www.bigbasket.com/media/uploads/p/mm/40026601_7-bb-royal-mustardrai-big.jpg,Mustard seeds are an extremely popular ingredient in all cuisine. They are known to contain various benefits since they are low in calories and high in nutritional value and contain a lot of antibacterial and antiseptic qualities.,40026601,https://www.bigbasket.com/media/uploads/p/l/40026601_7-bb-royal-mustardrai-big.jpg
278," FOODGRAINS, OIL & MASALA ", MASALAS & SPICES , WHOLE SPICES , BB ROYAL Mustard/Rai - Big,bb Royal,40030811,https://www.bigbasket.com/pd/40030811/bb-royal-mustardrai-big-1-kg/,"bb Royal Mustard/Rai - Big, 1 kg",250,Rs 125,50%,1 kg,veg,https://www.bigbasket.com/media/uploads/p/mm/40030811_7-bb-royal-mustardrai-big.jpg,Mustard seeds are an extremely popular ingredient in all cuisine. They're known to contain various benefits since they're low in calories and high in nutritional value and contain a lot of antibacterial and antiseptic qualities.,40030811,https://www.bigbasket.com/media/uploads/p/l/40030811_7-bb-royal-mustardrai-big.jpg
279," FOODGRAINS, OIL & MASALA ", MASALAS & SPICES , WHOLE SPICES , BB ROYAL Mustard/Rye Big/Kaduku,bb Royal,40000623,https://www.bigbasket.com/pd/40000623/bb-royal-mustardrai-big-100-g/,"bb Royal Mustard/Rye Big/Kaduku, 100 g",25,Rs 15,40%,100 g,veg,https://www.bigbasket.com/media/uploads/p/mm/40000623_8-bb-royal-mustardrai-big.jpg,"Black mustard seeds have the strongest flavor, while white mustard seeds, which are essentially yellow in color, are the mildest and are the ones used to make American yellow mustard. These are indeed extremely rich in phytonutrients, minerals, vitamins and anti-oxidants.",8.90417E+12,https://www.bigbasket.com/media/uploads/p/l/40000623_8-bb-royal-mustardrai-big.jpg
280," FOODGRAINS, OIL & MASALA ", ORGANIC STAPLES , ORGANIC DALS & PULSES , BB ROYAL Organic Kabuli Chana/Channa,bb Royal,40098409,https://www.bigbasket.com/pd/40098409/bb-royal-organic-kabuli-chanachanna-1-kg/,"bb Royal Organic Kabuli Chana/Channa, 1 kg",171,Rs 125,27%,1 kg,veg,https://www.bigbasket.com/media/uploads/p/mm/40098409_7-bb-royal-organic-kabuli-chanachanna.jpg,"BB Royal Organic Kabuli Channa contains got high fibre content, they are proper vegetarian stuff and hence good to fill your stomach with. Bring home BB Royal Organic Kabuli Chana and like the real taste of it which is free from synthetic chemicals and pesticides.",40098409,https://www.bigbasket.com/media/uploads/p/l/40098409_7-bb-royal-organic-kabuli-chanachanna.jpg
281," FOODGRAINS, OIL & MASALA ", ORGANIC STAPLES , ORGANIC DALS & PULSES , BB ROYAL Organic Kabuli Chana/Channa,bb Royal,40168526,https://www.bigbasket.com/pd/40168526/bb-royal-organic-kabuli-chanachanna-2-kg/,"bb Royal Organic Kabuli Chana/Channa, 2 kg",339,Rs 239,30%,2 kg,veg,https://www.bigbasket.com/media/uploads/p/mm/40168526_5-bb-royal-organic-kabuli-chanachanna.jpg,"bbRoyal Organic Kabuli Channa contains got high fibre content, they are proper vegetarian stuff and hence good to fill your stomach with. Bring home BB Royal Organic Kabuli Chana and like the real taste of it which is free from synthetic chemicals and pesticides.",40168526,https://www.bigbasket.com/media/uploads/p/l/40168526_5-bb-royal-organic-kabuli-chanachanna.jpg
282," FOODGRAINS, OIL & MASALA ", ORGANIC STAPLES , ORGANIC DALS & PULSES , BB ROYAL Organic - Kabuli Chana / Moo Kadalai,bb Royal,40072455,https://www.bigbasket.com/pd/40072455/bb-royal-organic-kabuli-chanachanna-500-g/,"bb Royal Organic - Kabuli Chana / Moo Kadalai, 500 g",88,Rs 67,24%,500 g,veg,https://www.bigbasket.com/media/uploads/p/mm/40072455_10-bb-royal-organic-kabuli-chanachanna.jpg,"BB Royal Organic Kabuli Channa contains got high fibre content, they are proper vegetarian item & hence good to fill your stomach with. Bring home BB Royal Organic Kabuli Chana and like the real taste of it which is free from synthetic chemicals and pesticides. Intake of Kabuli chana may assist you in controlling stomach disorders, including acid reflux, gastric ulcers & many more.",40072455,https://www.bigbasket.com/media/uploads/p/l/40072455_10-bb-royal-organic-kabuli-chanachanna.jpg
283," FOODGRAINS, OIL & MASALA ", MASALAS & SPICES , WHOLE SPICES , BB ROYAL Cassia/Patthai,bb Royal,40000212,https://www.bigbasket.com/pd/40000212/bb-royal-cassia-split-100-g/,"bb Royal Cassia/Patthai, 100 g",100,Rs 65,35%,100 g,veg,https://www.bigbasket.com/media/uploads/p/mm/40000212_6-bb-royal-cassia-split.jpg,"Cinnamon is an aromatic spice which appears from the inner bark of a tropical tree. When dried, it twists into quills that are utilized to add a humid, distinctive flavour and fragrance to sweet dishes such as poached fruit. It contains a stronger fragrance than whole sticks.",40000212,https://www.bigbasket.com/media/uploads/p/l/40000212_6-bb-royal-cassia-split.jpg
284," FOODGRAINS, OIL & MASALA ", MASALAS & SPICES , WHOLE SPICES , BB ROYAL Cassia/Patthai,bb Royal,40000213,https://www.bigbasket.com/pd/40000213/bb-royal-cassia-split-50-g/,"bb Royal Cassia/Patthai, 50 g",50,Rs 33,34%,50 g,veg,https://www.bigbasket.com/media/uploads/p/mm/40000213_7-bb-royal-cassia-split.jpg,"Cassia is commonly known as Chinese cinnamon, found in abundance in Burma and China. It lends a lot of flavour to food items. BB Royal Cassia presents this fragrant spice which is actually derived from the inner bark of the tree. As it is dried, it takes a quill-like form and is perfect to provide a rich distinctive flavour in your food and beverages.",40000213,https://www.bigbasket.com/media/uploads/p/l/40000213_7-bb-royal-cassia-split.jpg
285," FOODGRAINS, OIL & MASALA ", ORGANIC STAPLES , ORGANIC DALS & PULSES , BB ROYAL Organic - Raw Peanuts / Nilakadalai,bb Royal,40072484,https://www.bigbasket.com/pd/40072484/bb-royal-organic-raw-peanuts-500-g/,"bb Royal Organic - Raw Peanuts / Nilakadalai, 500 g",115,Rs 82,29%,500 g,veg,https://www.bigbasket.com/media/uploads/p/mm/40072484_9-bb-royal-organic-raw-peanuts.jpg,"BB Royal organic raw peanuts bring to you a premium taste of nuttiness. Remember raw peanuts are not going to be as toasty but nevertheless, you can easily toast them at home. The organic peanuts are laden with the goodness of health and taste. They are devoid of any harmful chemicals and toxins too. And it is so affordable too.",40072484,https://www.bigbasket.com/media/uploads/p/l/40072484_9-bb-royal-organic-raw-peanuts.jpg
286," FOODGRAINS, OIL & MASALA ", ORGANIC STAPLES , ORGANIC DALS & PULSES , BB ROYAL Organic - Raw Peanuts,bb Royal,40094998,https://www.bigbasket.com/pd/40094998/bb-royal-organic-raw-peanuts-1-kg/,"bb Royal Organic - Raw Peanuts, 1 kg",225,Rs 155,31%,1 kg,veg,https://www.bigbasket.com/media/uploads/p/mm/40094998_8-bb-royal-organic-raw-peanuts.jpg,"BB Royal organic raw peanuts bring to you a premium taste of nuttiness. Remember raw peanuts are not going to be as toasty but nevertheless, you can easily toast them at home. The organic peanuts are laden with the goodness of health and taste. They are devoid of any harmful chemicals and toxins too. And it is so affordable too.",40094998,https://www.bigbasket.com/media/uploads/p/l/40094998_8-bb-royal-organic-raw-peanuts.jpg
287," FOODGRAINS, OIL & MASALA ", ORGANIC STAPLES , ORGANIC DALS & PULSES , BB ROYAL Organic - Raw Peanuts,bb Royal,1205374,https://www.bigbasket.com/pd/1205374/bb-royal-organic-raw-peanuts-2x1-kg/,"bb Royal Organic - Raw Peanuts, 2x1 kg Multipack",450,,,2x1 kg,,https://www.bigbasket.com/media/uploads/p/mm/1205374_1-bb-royal-organic-raw-peanuts.jpg,"BB Royal organic raw peanuts bring to you a premium taste of nuttiness. Remember raw peanuts are not going to be as toasty but nevertheless, you can easily toast them at home. The organic peanuts are laden with the goodness of health and taste. They are devoid of any harmful chemicals and toxins too. And it is so affordable too.",1205374,https://www.bigbasket.com/media/uploads/p/l/1205374_1-bb-royal-organic-raw-peanuts.jpg
292," FOODGRAINS, OIL & MASALA ", ORGANIC STAPLES , ORGANIC MASALAS & SPICES , BB ROYAL Organic - Black Pepper / Milagu,bb Royal,40072464,https://www.bigbasket.com/pd/40072464/bb-royal-organic-black-pepperkali-mirchi-100-g/,"bb Royal Organic - Black Pepper / Milagu, 100 g",100,Rs 85,15%,100 g,veg,https://www.bigbasket.com/media/uploads/p/mm/40072464_13-bb-royal-organic-black-pepperkali-mirchi.jpg,"Black pepper is a dried mature fruit of the topical perennial climbing plant and is known as the king of spices. It is popular in households because of the medicinal value it possesses and the flavour. It can also accelerate the process of metabolism in the human body.  Black pepper is also an ingredient in many medicinal: beauty products and everyday cooking use and comes with the assurance of no artificial colours, flavours or preservatives. This is cultivated without the use of pesticides, artificial fertilisers or chemicals.",40072464,https://www.bigbasket.com/media/uploads/p/l/40072464_13-bb-royal-organic-black-pepperkali-mirchi.jpg
293," FOODGRAINS, OIL & MASALA ", ORGANIC STAPLES , ORGANIC MASALAS & SPICES , BB ROYAL Organic - Black Pepper/Kali Mirchi,bb Royal,1205369,https://www.bigbasket.com/pd/1205369/bb-royal-organic-black-pepperkali-mirchi-2x200-g/,"bb Royal Organic - Black Pepper/Kali Mirchi, 2x200 g Multipack",398,Rs 278,30%,2x200 g,,https://www.bigbasket.com/media/uploads/p/mm/1205369_1-bb-royal-organic-black-pepperkali-mirchi.jpg,"Black pepper is a dried mature fruit of the topical perennial climbing plant and is known as the king of spices. It is popular in households because of the medicinal value it possesses and the flavor. It can also accelerate the process of metabolism in the human body. Black pepper is also an ingredient in many medicinal : beauty products and everyday cooking use and come with the assurance of no artificial colors : flavours or preservatives. This is cultivated without the use of pesticides, artificial fertilizers or chemicals.",1205369,https://www.bigbasket.com/media/uploads/p/l/1205369_1-bb-royal-organic-black-pepperkali-mirchi.jpg
294," FOODGRAINS, OIL & MASALA ", ORGANIC STAPLES , ORGANIC MASALAS & SPICES , BB ROYAL Organic Black Pepper/Kali Mirchi,bb Royal,40109372,https://www.bigbasket.com/pd/40109372/bb-royal-organic-black-pepperkali-mirchi-200-g/,"bb Royal Organic Black Pepper/Kali Mirchi, 200 g",199,Rs 139,30%,200 g,veg,https://www.bigbasket.com/media/uploads/p/mm/40109372_9-bb-royal-organic-black-pepperkali-mirchi.jpg,"Black pepper is a dried mature fruit of the topical perennial climbing plant and is known as the king of spices. It is popular in households because of the medicinal value it possesses and the flavour. It can also accelerate the process of metabolism in the human body. Black pepper is also an ingredient in many medicinal: beauty products and everyday cooking use and comes with the assurance of no artificial colours: flavours or preservatives. This is cultivated without the use of pesticides, artificial fertilizers or chemicals.",40109372,https://www.bigbasket.com/media/uploads/p/l/40109372_9-bb-royal-organic-black-pepperkali-mirchi.jpg
295," FOODGRAINS, OIL & MASALA ", ORGANIC STAPLES , ORGANIC MASALAS & SPICES , BB ROYAL Organic Black Pepper/Kali Mirchi,bb Royal,40168521,https://www.bigbasket.com/pd/40168521/bb-royal-organic-black-pepperkali-mirchi-500-g/,"bb Royal Organic Black Pepper/Kali Mirchi, 500 g",449,Rs 319,29%,500 g,veg,https://www.bigbasket.com/media/uploads/p/mm/40168521_5-bb-royal-organic-black-pepperkali-mirchi.jpg,"Black pepper is a dried mature fruit of the topical perennial climbing plant and is known as the king of spices. It is popular in households because of the medicinal value it possesses and the flavour. It can also accelerate the process of metabolism in the human body. Black pepper is also an ingredient in many medicinal, beauty products and everyday cooking use. It comes with the assurance of having no artificial colours, flavours or preservatives. This is cultivated without the use of pesticides, artificial fertilizers or chemicals.",40168521,https://www.bigbasket.com/media/uploads/p/l/40168521_5-bb-royal-organic-black-pepperkali-mirchi.jpg
296," FOODGRAINS, OIL & MASALA ", ORGANIC STAPLES , ORGANIC DALS & PULSES , BB ROYAL Organic - Green Moong Whole / Pachai Parupu / Payatham Paruppu / Pasipayir,bb Royal,40072472,https://www.bigbasket.com/pd/40072472/bb-royal-organic-green-moong-whole-500-g/,"bb Royal Organic - Green Moong Whole / Pachai Parupu / Payatham Paruppu / Pasipayir, 500 g",91,Rs 77,15%,500 g,veg,https://www.bigbasket.com/media/uploads/p/mm/40072472_11-bb-royal-organic-green-moong-whole.jpg,"Green Moong whole is also known as green bean they are small cylindrical beans with bright green skin. Nutritious and mild in flavor, green gram takes on the taste of the spices and other ingredients added to it. It is a fine supply of protein and dietary fiber. This is cultivated without the use of pesticides ,artificial fertilizers or chemicals",40072472,https://www.bigbasket.com/media/uploads/p/l/40072472_11-bb-royal-organic-green-moong-whole.jpg
297," FOODGRAINS, OIL & MASALA ", ORGANIC STAPLES , ORGANIC DALS & PULSES , BB ROYAL Organic - Green Moong Whole / Pachai Parupu / Payatham Paruppu / Pasipayir,bb Royal,40072471,https://www.bigbasket.com/pd/40072471/bb-royal-organic-green-moong-whole-1-kg/,"bb Royal Organic - Green Moong Whole / Pachai Parupu / Payatham Paruppu / Pasipayir, 1 kg",179,Rs 135,25%,1 kg,veg,https://www.bigbasket.com/media/uploads/p/mm/40072471_13-bb-royal-organic-green-moong-whole.jpg,"Green Moong whole is also known as green bean they are small cylindrical beans with bright green skin. Nutritious and mild in flavor, green gram takes on the taste of the spices and other ingredients added to it. It is a fine supply of protein and dietary fiber. This is cultivated without the use of pesticides ,artificial fertilizers or chemicals",40072471,https://www.bigbasket.com/media/uploads/p/l/40072471_13-bb-royal-organic-green-moong-whole.jpg
298," FOODGRAINS, OIL & MASALA ", ORGANIC STAPLES , ORGANIC MASALAS & SPICES , BB ROYAL Organic - Cardamom/Elachi Green,bb Royal,1208914,https://www.bigbasket.com/pd/1208914/bb-royal-organic-cardamomelachi-green-2x50-g/,"bb Royal Organic - Cardamom/Elachi Green, 2x50 g Multipack",650,Rs 420,35%,2x50 g,,https://www.bigbasket.com/media/uploads/p/mm/1208914_1-bb-royal-organic-cardamomelachi-green.jpg,"Cardamom is a spice made from plants in the genera Elettaria and Amomum in the family Zingiberaceae. They are recognised by their small seed pods, triangular in cross-section and spindle-shaped, with a thin, papery outer shell and small black seeds. It is free from synthetic chemicals and pesticides.",1208914,https://www.bigbasket.com/media/uploads/p/l/1208914_1-bb-royal-organic-cardamomelachi-green.jpg
299," FOODGRAINS, OIL & MASALA ", ORGANIC STAPLES , ORGANIC MASALAS & SPICES , BB ROYAL Organic - Cardamom Green / Pacha Yelakkai,bb Royal,40072499,https://www.bigbasket.com/pd/40072499/bb-royal-organic-cardamomelachi-green-50-g/,"bb Royal Organic - Cardamom Green / Pacha Yelakkai, 50 g",325,Rs 210,35%,50 g,veg,https://www.bigbasket.com/media/uploads/p/mm/40072499_11-bb-royal-organic-cardamomelachi-green.jpg,"Cardamom is a spice made from plants in the genera Elettaria and Amomum in the family Zingiberaceae. They are recognised by their small seed pods, triangular in cross-section and spindle-shaped, with a thin, papery outer shell and small black seeds. It is free from synthetic chemicals and pesticides.",400724499,https://www.bigbasket.com/media/uploads/p/l/40072499_11-bb-royal-organic-cardamomelachi-green.jpg
300," FOODGRAINS, OIL & MASALA ", ORGANIC STAPLES , ORGANIC MASALAS & SPICES , BB ROYAL Organic - Cardamom/Elachi Green,bb Royal,40093899,https://www.bigbasket.com/pd/40093899/bb-royal-organic-cardamomelachi-green-20-g/,"bb Royal Organic - Cardamom/Elachi Green, 20 g",130,Rs 95,27%,20 g,veg,https://www.bigbasket.com/media/uploads/p/mm/40093899_5-bb-royal-organic-cardamomelachi-green.jpg,"Cardamom is a spice made from plants in the genera Elettaria and Amomum in the family Zingiberaceae. They are recognised by their small seed pods, triangular in cross-section and spindle-shaped, with a thin, papery outer shell and small black seeds. It is free from synthetic chemicals and pesticides.",40093899,https://www.bigbasket.com/media/uploads/p/l/40093899_5-bb-royal-organic-cardamomelachi-green.jpg
304," FOODGRAINS, OIL & MASALA ", RICE & RICE PRODUCTS , BOILED & STEAM RICE , BB ROYAL Palakkad Matta Boiled Rice/Puzhungal Arisi,bb Royal,60000025,https://www.bigbasket.com/pd/60000025/bb-royal-palakkad-red-matta-boiled-rice-1-kg-pouch/,"bb Royal Palakkad Matta Boiled Rice/Puzhungal Arisi, 1 kg Pouch",80,Rs 56,30%,1 kg,veg,https://www.bigbasket.com/media/uploads/p/mm/60000025_1-bb-royal-palakkad-red-matta-boiled-rice.jpg,"Matta Boiled Rice Just Like The Majority Colored Rice Varieties, Is Rich In Fiber Which Means That It Satiates More, Facilitates Regulate Weight, Cleanses The Colon Of Toxins, Soaks Up Cholesterol And Feeds The Fine Bacteria In The Intestines. Red Rice Has Proanthocyanidins, Plant Pigments Which Inform To Foods A Ruddy, Purplish Color. Click here for unique and delicious recipes - https://www.bigbasket.com/flavors/collections/233/rice-rice-products/",60000025,https://www.bigbasket.com/media/uploads/p/l/60000025_1-bb-royal-palakkad-red-matta-boiled-rice.jpg
305," FOODGRAINS, OIL & MASALA ", RICE & RICE PRODUCTS , BOILED & STEAM RICE , BB ROYAL Palakkad Matta Boiled Rice/Puzhungal Arisi,bb Royal,60000027,https://www.bigbasket.com/pd/60000027/bb-royal-palakkad-red-matta-boiled-rice-5-kg-pouch/,"bb Royal Palakkad Matta Boiled Rice/Puzhungal Arisi, 5 kg Pouch",350,Rs 270,23%,5 kg,veg,https://www.bigbasket.com/media/uploads/p/mm/60000027_1-bb-royal-palakkad-red-matta-boiled-rice.jpg,"Matta Boiled Rice Just Like The Majority Colored Rice Varieties, Is Rich In Fiber Which Means That It Satiates More, Facilitates Regulate Weight, Cleanses The Colon Of Toxins, Soaks Up Cholesterol And Feeds The Fine Bacteria In The Intestines. Red Rice Has Proanthocyanidins, Plant Pigments Which Inform To Foods A Ruddy, Purplish Color. Click here for unique and delicious recipes - https://www.bigbasket.com/flavors/collections/233/rice-rice-products/",60000027,https://www.bigbasket.com/media/uploads/p/l/60000027_1-bb-royal-palakkad-red-matta-boiled-rice.jpg
306," FOODGRAINS, OIL & MASALA ", DALS & PULSES , URAD & OTHER DALS , BB ROYAL Rajma - White/Chitra,bb Royal,70001289,https://www.bigbasket.com/pd/70001289/bb-royal-rajma-whitechitra-1-kg-pouch/,"bb Royal Rajma - White/Chitra, 1 kg Pouch",200,Rs 146.26,27%,1 kg,veg,https://www.bigbasket.com/media/uploads/p/mm/70001289_7-bb-royal-rajma-whitechitra.jpg,"Rajma White is superior to the regular rajma and very soft feel and more delicate flavor. These are white in color. Pulses are low in fat & cholesterol, high in dietary fiber and rich in protein. The normal antioxidants in the beans offer numerous health benefits. These are of finest quality and free from injurious chemicals and powders. Click here for unique and delicious recipes - https://www.bigbasket.com/flavors/collections/230/dals-pulses/",70001289,https://www.bigbasket.com/media/uploads/p/l/70001289_7-bb-royal-rajma-whitechitra.jpg
307," FOODGRAINS, OIL & MASALA ", DALS & PULSES , URAD & OTHER DALS , BB ROYAL Rajma White/ Chitra/Rajma,bb Royal,10000437,https://www.bigbasket.com/pd/10000437/bb-royal-rajma-whitechitra-500-g-pouch/,"bb Royal Rajma White/ Chitra/Rajma, 500 g Pouch",100,Rs 73.13,27%,500 g,veg,https://www.bigbasket.com/media/uploads/p/mm/10000437_15-bb-royal-rajma-whitechitra.jpg,"Rajma White is superior to the regular rajma and very soft feel and more delicate flavor. These are white in color. Pulses are low in fat & cholesterol, high in dietary fiber and rich in protein. The normal antioxidants in the beans offer numerous health benefits. These are of finest quality and free from injurious chemicals and powders. Click here for unique and delicious recipes - https://www.bigbasket.com/flavors/collections/230/dals-pulses/",1000043799,https://www.bigbasket.com/media/uploads/p/l/10000437_15-bb-royal-rajma-whitechitra.jpg
308," FOODGRAINS, OIL & MASALA ", DALS & PULSES , URAD & OTHER DALS , BB ROYAL Rajma White/Chitra/Rajma,bb Royal,10000565,https://www.bigbasket.com/pd/10000565/bb-royal-rajma-whitechitra-200-g-pouch/,"bb Royal Rajma White/Chitra/Rajma, 200 g Pouch",45,Rs 33,27%,200 g,veg,https://www.bigbasket.com/media/uploads/p/mm/10000565_12-bb-royal-rajma-whitechitra.jpg,,10000565,https://www.bigbasket.com/media/uploads/p/l/10000565_12-bb-royal-rajma-whitechitra.jpg
310," FOODGRAINS, OIL & MASALA ", ORGANIC STAPLES , ORGANIC MASALAS & SPICES , BB ROYAL Organic - Ragi Flour,bb Royal,40125922,https://www.bigbasket.com/pd/40125922/bb-royal-organic-ragi-flour-1-kg/,"bb Royal Organic - Ragi Flour, 1 kg",80,Rs 57,29%,1 kg,veg,https://www.bigbasket.com/media/uploads/p/mm/40125922_6-bb-royal-organic-ragi-flour.jpg,"Organic Ragi flour is fresh, untreated and healthy, making it a great ingredient for calorie conscious people as it is low on calories and high in nutrient content. It is a high-quality source of calcium and iron, and is free from synthetic chemicals and pesticides.",40125922,https://www.bigbasket.com/media/uploads/p/l/40125922_6-bb-royal-organic-ragi-flour.jpg
311," FOODGRAINS, OIL & MASALA ", ORGANIC STAPLES , ORGANIC FLOURS , BB ROYAL Organic - Ragi Flour / Kizhvaragu,bb Royal,40072483,https://www.bigbasket.com/pd/40072483/bb-royal-organic-ragi-flour-500-g/,"bb Royal Organic - Ragi Flour / Kizhvaragu, 500 g",41,Rs 32,22%,500 g,veg,https://www.bigbasket.com/media/uploads/p/mm/40072483_8-bb-royal-organic-ragi-flour.jpg,"Organic Ragi flour is fresh, untreated and healthy. It is a most wanted of calorie conscious people as it is super low on calories. It is a high-quality source of calcium and iron. It is free from synthetic chemicals and pesticides.",40072483,https://www.bigbasket.com/media/uploads/p/l/40072483_8-bb-royal-organic-ragi-flour.jpg
312," FOODGRAINS, OIL & MASALA ", ORGANIC STAPLES , ORGANIC MASALAS & SPICES , BB ROYAL Organic - Ragi Flour,bb Royal,1208909,https://www.bigbasket.com/pd/1208909/bb-royal-organic-ragi-flour-2x1-kg/,"bb Royal Organic - Ragi Flour, 2x1 kg Multipack",160,Rs 114,29%,2x1 kg,,https://www.bigbasket.com/media/uploads/p/mm/1208909_1-bb-royal-organic-ragi-flour.jpg,"Organic Ragi flour is fresh, untreated and healthy, making it a great ingredient for calorie conscious people as it is low on calories and high in nutrient content. It is a high-quality source of calcium and iron and is free from synthetic chemicals and pesticides.",1208909,https://www.bigbasket.com/media/uploads/p/l/1208909_1-bb-royal-organic-ragi-flour.jpg
313," FOODGRAINS, OIL & MASALA ", RICE & RICE PRODUCTS , BOILED & STEAM RICE , BB ROYAL Boiled Rice - Rajabogham,bb Royal,40064840,https://www.bigbasket.com/pd/40064840/bb-royal-boiled-rice-rajabogham-5-kg/,"bb Royal Boiled Rice - Rajabogham, 5 kg",370,Rs 291,21%,5 kg,veg,https://www.bigbasket.com/media/uploads/p/mm/40064840_2-bb-royal-boiled-rice-rajabogham.jpg,"Boiled Rice Is Clean And Pure. The Main Feature Of This Rice Is That It Withstands Extended Shelf Life. It Relishes In Aroma, Given That A High Nutrition Value To Anyones Diet. It Can Be Attributed For Its Low Glycemic Index Which Assists In The Control Of Diabetes, Obesity & Cholesterol. It Is Cleaned And Packed At Our Hygienic Facilities. Click here for unique and delicious recipes - https://www.bigbasket.com/flavors/collections/233/rice-rice-products/",40064840,https://www.bigbasket.com/media/uploads/p/l/40064840_2-bb-royal-boiled-rice-rajabogham.jpg
314," FOODGRAINS, OIL & MASALA ", RICE & RICE PRODUCTS , BOILED & STEAM RICE , BB ROYAL Boiled Rice - Rajabogham,bb Royal,40064841,https://www.bigbasket.com/pd/40064841/bb-royal-boiled-rice-rajabogham-1-kg/,"bb Royal Boiled Rice - Rajabogham, 1 kg",75,Rs 60,20%,1 kg,veg,https://www.bigbasket.com/media/uploads/p/mm/40064841_2-bb-royal-boiled-rice-rajabogham.jpg,"Boiled Rice Is Clean And Pure. The Main Feature Of This Rice Is That It Withstands Extended Shelf Life. It Relishes In Aroma, Given That A High Nutrition Value To Anyones Diet. It Can Be Attributed For Its Low Glycemic Index Which Assists In The Control Of Diabetes, Obesity & Cholesterol. It Is Cleaned And Packed At Our Hygienic Facilities. Click here for unique and delicious recipes - https://www.bigbasket.com/flavors/collections/233/rice-rice-products/",40064841,https://www.bigbasket.com/media/uploads/p/l/40064841_2-bb-royal-boiled-rice-rajabogham.jpg
315," FOODGRAINS, OIL & MASALA ", RICE & RICE PRODUCTS , BOILED & STEAM RICE , BB ROYAL Boiled Rice - Rajabogham,bb Royal,40064838,https://www.bigbasket.com/pd/40064838/bb-royal-boiled-rice-rajabogham-25-kg/,"bb Royal Boiled Rice - Rajabogham, 25 kg",1800,Rs 1357,25%,25 kg,veg,https://www.bigbasket.com/media/uploads/p/mm/40064838_4-bb-royal-boiled-rice-rajabogham.jpg,"Boiled Rice Is Clean And Pure. The Main Feature Of This Rice Is That It Withstands Extended Shelf Life. It Relishes In Aroma, Given That A High Nutrition Value To Anyones Diet. It Can Be Attributed For Its Low Glycemic Index Which Assists In The Control Of Diabetes, Obesity & Cholesterol. It Is Cleaned And Packed At Our Hygienic Facilities. Click here for unique and delicious recipes - https://www.bigbasket.com/flavors/collections/233/rice-rice-products/",40064838,https://www.bigbasket.com/media/uploads/p/l/40064838_4-bb-royal-boiled-rice-rajabogham.jpg
316," FOODGRAINS, OIL & MASALA ", RICE & RICE PRODUCTS , BOILED & STEAM RICE , BB ROYAL Boiled Rice - Rajabogham,bb Royal,40064839,https://www.bigbasket.com/pd/40064839/bb-royal-boiled-rice-rajabogham-10-kg/,"bb Royal Boiled Rice - Rajabogham, 10 kg",730,Rs 565,23%,10 kg,veg,https://www.bigbasket.com/media/uploads/p/mm/40064839_4-bb-royal-boiled-rice-rajabogham.jpg,"Boiled Rice Is Clean And Pure. The Main Feature Of This Rice Is That It Withstands Extended Shelf Life. It Relishes In Aroma, Given That A High Nutrition Value To Anyones Diet. It Can Be Attributed For Its Low Glycemic Index Which Assists In The Control Of Diabetes, Obesity & Cholesterol. It Is Cleaned And Packed At Our Hygienic Facilities. Click here for unique and delicious recipes - https://www.bigbasket.com/flavors/collections/233/rice-rice-products/",40064839,https://www.bigbasket.com/media/uploads/p/l/40064839_4-bb-royal-boiled-rice-rajabogham.jpg
318," FOODGRAINS, OIL & MASALA ", DRY FRUITS , RAISINS , BB ROYAL Raisins/kishmish Black Seedless/Karumdhraakshai,bb Royal,10000506,https://www.bigbasket.com/pd/10000506/bb-royal-raisinskishmish-black-seedless-100-g-pouch/,"bb Royal Raisins/kishmish Black Seedless/Karumdhraakshai, 100 g Pouch",60,Rs 58,3%,100 g,veg,https://www.bigbasket.com/media/uploads/p/mm/10000506_5-bb-royal-raisinskishmish-black-seedless.jpg,"Black Seedless Raisin, the most famous variety of dried grape, is extensively known for its sugary taste and juicy flavour. Black Seedless Raisin comes with quite a few medicinal properties, which assist us to take proper care of our health. It has low-calorie & contains antioxidants, fibre and minerals. This is rich in potassium & phytochemicals, and calcium. Click here for unique and delicious recipes - https://www.bigbasket.com/flavors/collections/231/dry-fruits-berries-nuts/",1000050699,https://www.bigbasket.com/media/uploads/p/l/10000506_5-bb-royal-raisinskishmish-black-seedless.jpg
319," FOODGRAINS, OIL & MASALA ", DRY FRUITS , RAISINS , BB ROYAL Raisins/kishmish Black Seedless/Karumdhraakshai,bb Royal,10000532,https://www.bigbasket.com/pd/10000532/bb-royal-raisinskishmish-black-seedless-200-g-pouch/,"bb Royal Raisins/kishmish Black Seedless/Karumdhraakshai, 200 g Pouch",120,Rs 111,9,200 g,veg,https://www.bigbasket.com/media/uploads/p/mm/10000532_5-bb-royal-raisinskishmish-black-seedless.jpg,"Black Raisin, the most well-liked variety of dried grape, is generally identified for its sugary taste and juicy flavour. Sweet, delicious and tasty, raisins are a great snack just as they are or can add zest to almost any preferred recipe. The natural sugars of raisins are a great supply of energy and come packaged together with fibre and other nutrients. Click here for unique and delicious recipes - https://www.bigbasket.com/flavors/collections/231/dry-fruits-berries-nuts/",1000053299,https://www.bigbasket.com/media/uploads/p/l/10000532_5-bb-royal-raisinskishmish-black-seedless.jpg
320," FOODGRAINS, OIL & MASALA ", MASALAS & SPICES , WHOLE SPICES , BB ROYAL Star Anise/Anashuppu,bb Royal,30000272,https://www.bigbasket.com/pd/30000272/bb-royal-ananas-flowerstar-anise-20-g/,"bb Royal Star Anise/Anashuppu, 20 g",30,Rs 29,3%,20 g,veg,https://www.bigbasket.com/media/uploads/p/mm/30000272_5-bb-royal-ananas-flowerstar-anise.jpg,"Star anise is the dried, star-shaped fruit of Illicium verum. It is dark-brown in colour with eight segments. It has a sweetish liquorice taste. The star-shaped fruits are picked just before ripening and dried before use. They contain the same essential oil as the botanically unrelated Spanish anise seed, which gives the two a nearly identical flavour - strong, sweet, and liquorice.",3000027299,https://www.bigbasket.com/media/uploads/p/l/30000272_5-bb-royal-ananas-flowerstar-anise.jpg
321," FOODGRAINS, OIL & MASALA ", MASALAS & SPICES , WHOLE SPICES ," BB ROYAL Chilli - Kashmiri, Stemless",bb Royal,40053898,https://www.bigbasket.com/pd/40053898/bb-royal-chilli-kashmiri-stemless-200-g/,"bb Royal Chilli - Kashmiri, Stemless, 200 g",120,Rs 117,3,200 g,veg,https://www.bigbasket.com/media/uploads/p/mm/40053898_2-bb-royal-chilli-kashmiri-stemless.jpg,Kashmiri Chillies are smaller and rounder and less pungent but give a very vivacious red colour to a dish. It is selectively bred for colour and flavour. They offer a glowing red colour to dishes with no imparting too much heat and making the dish more attractive and palatable. It is an unusual mix of medium hot quality red pepper.,40053898,https://www.bigbasket.com/media/uploads/p/l/40053898_2-bb-royal-chilli-kashmiri-stemless.jpg
323," FOODGRAINS, OIL & MASALA ", ORGANIC STAPLES ," ORGANIC RICE, OTHER RICE ", BB ROYAL Organic - Ponni Raw Rice / Pacharisi,bb Royal,40085738,https://www.bigbasket.com/pd/40085738/bb-royal-organic-ponni-raw-rice-5-kg/,"bb Royal Organic - Ponni Raw Rice / Pacharisi, 5 kg",475,Rs 339,29%,5 kg,veg,https://www.bigbasket.com/media/uploads/p/mm/40085738_7-bb-royal-organic-ponni-raw-rice.jpg,"Organic Rice - Sonamasuri White is famous in the Southern regions of India. It is aromatic and lightweight, and considered to be of best quality. It is perfect for preparing dishes like sweet pongal, fried rice, biryani, and daily cooking.",40085738,https://www.bigbasket.com/media/uploads/p/l/40085738_7-bb-royal-organic-ponni-raw-rice.jpg
324," FOODGRAINS, OIL & MASALA ", ORGANIC STAPLES ," ORGANIC RICE, OTHER RICE ", BB ROYAL Organic - Ponni Raw Rice / Pacharisi,bb Royal,40085739,https://www.bigbasket.com/pd/40085739/bb-royal-organic-ponni-raw-rice-1-kg/,"bb Royal Organic - Ponni Raw Rice / Pacharisi, 1 kg",96,Rs 76,21%,1 kg,veg,https://www.bigbasket.com/media/uploads/p/mm/40085739_7-bb-royal-organic-ponni-raw-rice.jpg,"Organic Rice - Sonamasuri White is famous in the Southern regions of India. It is aromatic and lightweight, and considered to be of best quality. It is perfect for preparing dishes like sweet pongal, fried rice, biryani, and daily cooking.",40085739,https://www.bigbasket.com/media/uploads/p/l/40085739_7-bb-royal-organic-ponni-raw-rice.jpg
325," FOODGRAINS, OIL & MASALA ", ORGANIC STAPLES ," ORGANIC RICE, OTHER RICE ", BB ROYAL Organic - Ponni Raw Rice,bb Royal,40127668,https://www.bigbasket.com/pd/40127668/bb-royal-organic-ponni-raw-rice-10-kg/,"bb Royal Organic - Ponni Raw Rice, 10 kg",849,Rs 609,28%,10 kg,veg,https://www.bigbasket.com/media/uploads/p/mm/40127668_11-bb-royal-organic-ponni-raw-rice.jpg,"Organic Ponni is a small grained rice which is mostly cultivated in Tamil Nadu. The rice has a fair amount of protein and can be used for preparing dishes like sweet pongal, fried rice, biryani, or can also be used for daily cooking.",40127668,https://www.bigbasket.com/media/uploads/p/l/40127668_11-bb-royal-organic-ponni-raw-rice.jpg
326," FOODGRAINS, OIL & MASALA "," ATTA, FLOURS & SOOJI "," SOOJI, MAIDA & BESAN ", BB ROYAL Rava - Samba Wheat,bb Royal,40133678,https://www.bigbasket.com/pd/40133678/bb-royal-rava-samba-wheat-500-g/,"bb Royal Rava - Samba Wheat, 500 g",110,Rs 87,21%,500 g,veg,https://www.bigbasket.com/media/uploads/p/mm/40133678_1-bb-royal-rava-samba-wheat.jpg,,40133678,https://www.bigbasket.com/media/uploads/p/l/40133678_1-bb-royal-rava-samba-wheat.jpg
327," FOODGRAINS, OIL & MASALA ", RICE & RICE PRODUCTS ," POHA, SABUDANA & MURMURA "," BB ROYAL Sabudana - White, Medium",bb Royal,30000216,https://www.bigbasket.com/pd/30000216/bb-royal-sabudana-white-medium-500-g-pouch/,"bb Royal Sabudana - White, Medium, 500 g Pouch",70,Rs 43,39%,500 g,veg,https://www.bigbasket.com/media/uploads/p/mm/30000216_6-bb-royal-sabudana-white-medium.jpg,Sabudana is finished from the starch extracted from the pith (center) of the sago palm stems. Sabudana is a food which is full supply of energy and carbohydrates. It is take out from the center of sago palm stems in the form of starch. It is also well-known as tapioca pearls. It is very much low in protein but also low in fat. It is useful as an alternate in binding the dishes or making them thick. Click here for unique and delicious recipes - https://www.bigbasket.com/flavors/collections/233/rice-rice-products/,20000720001,https://www.bigbasket.com/media/uploads/p/l/30000216_6-bb-royal-sabudana-white-medium.jpg
328," FOODGRAINS, OIL & MASALA ", RICE & RICE PRODUCTS ," POHA, SABUDANA & MURMURA "," BB ROYAL Sabudana - White, Medium",bb Royal,30000215,https://www.bigbasket.com/pd/30000215/bb-royal-sabudana-white-medium-1-kg-pouch/,"bb Royal Sabudana - White, Medium, 1 kg Pouch",140,Rs 81,42%,1 kg,veg,https://www.bigbasket.com/media/uploads/p/mm/30000215_7-bb-royal-sabudana-white-medium.jpg,"Sabudana is finished from the starch extracted from the pith (center) of the sago palm stems. The marketable production of sago is in the shape of small globules or pearls. It is almost pure carbohydrate and has very small protein, minerals or vitamins. Click here for unique and delicious recipes - https://www.bigbasket.com/flavors/collections/233/rice-rice-products/",20000710001,https://www.bigbasket.com/media/uploads/p/l/30000215_7-bb-royal-sabudana-white-medium.jpg
329," FOODGRAINS, OIL & MASALA "," ATTA, FLOURS & SOOJI "," SOOJI, MAIDA & BESAN ", BB ROYAL Wheat Broken/Dalia/Lapsi/Godhumai Rava,bb Royal,10000456,https://www.bigbasket.com/pd/10000456/bb-royal-wheat-brokendalia-500-g-pouch/,"bb Royal Wheat Broken/Dalia/Lapsi/Godhumai Rava, 500 g Pouch",40,Rs 35,13%,500 g,veg,https://www.bigbasket.com/media/uploads/p/mm/10000456_8-bb-royal-wheat-brokendalia.jpg,"Broken wheat or cracked wheat which is commonly known as couscous is prepared after whole raw wheat grains is milled. As it does not undergo any fine processing, bb Royal Wheat Broken Dalia is extremely nutritious. Once you cook it with your favourite vegetables, it gives away a warm hearty flavour. It will taste grainy, faintly nutty and subtly chewy. Click here for unique and delicious recipes - https://www.bigbasket.com/flavors/collections/232/flours-sooji/",1000045699,https://www.bigbasket.com/media/uploads/p/l/10000456_8-bb-royal-wheat-brokendalia.jpg
330," FOODGRAINS, OIL & MASALA "," ATTA, FLOURS & SOOJI "," SOOJI, MAIDA & BESAN ", BB ROYAL Wheat Broken/Dalia,bb Royal,40026597,https://www.bigbasket.com/pd/40026597/bb-royal-wheat-brokendalia-1-kg-pouch/,"bb Royal Wheat Broken/Dalia, 1 kg Pouch",80,Rs 67,16%,1 kg,veg,https://www.bigbasket.com/media/uploads/p/mm/40026597_3-bb-royal-wheat-brokendalia.jpg,"Broken wheat or cracked wheat or couscous is made by milling whole raw wheat grains. Wheat is cleaned and husked and then processed to the necessary size. It is extremely nutritious as it does not undergo refining. When broken wheat is cooked, it has a hearty, warm smell and a lovely, grainy taste. It is faintly nutty and chewy. Click here for unique and delicious recipes - https://www.bigbasket.com/flavors/collections/232/flours-sooji/",40026597,https://www.bigbasket.com/media/uploads/p/l/40026597_3-bb-royal-wheat-brokendalia.jpg
331," FOODGRAINS, OIL & MASALA ", MASALAS & SPICES , POWDERED SPICES , BB ROYAL Chilli - Powder Red,bb Royal,40077184,https://www.bigbasket.com/pd/40077184/bb-royal-chilli-powder-red-100-g/,"bb Royal Chilli - Powder Red, 100 g",40,Rs 26,35%,100 g,veg,https://www.bigbasket.com/media/uploads/p/mm/40077184_2-bb-royal-chilli-powder-red.jpg,"Red chilli powder is a staple spice in India households. Chilli powder is the dried and ground fruit of one or more than one varieties of chilli pepper. The spice adds a hot and pungent flavour to your meals. BB Royal’s Chilli Powder Red is spice packed with flavour! The powder can be used in literally every savoury meal preparation on a regular basis. The product is available in 100 gm, 200 gm and 500 gm packaging options. BB Royal is a premium brand of handpicked staples by Big Basket. The entire range of products is sourced from the best of farms and produce to ensure high quality standards at affordable prices.",8.90426E+12,https://www.bigbasket.com/media/uploads/p/l/40077184_2-bb-royal-chilli-powder-red.jpg
332," FOODGRAINS, OIL & MASALA ", MASALAS & SPICES , POWDERED SPICES , BB ROYAL Chilli - Powder Red,bb Royal,40077185,https://www.bigbasket.com/pd/40077185/bb-royal-chilli-powder-red-200-g/,"bb Royal Chilli - Powder Red, 200 g",80,Rs 52,35%,200 g,veg,https://www.bigbasket.com/media/uploads/p/mm/40077185_2-bb-royal-chilli-powder-red.jpg,"Red chilli powder is a staple spice in India households. Chilli powder is the dried and ground fruit of one or more than one varieties of chilli pepper. The spice adds a hot and pungent flavour to your meals. BB Royal’s Chilli Powder Red is spice packed with flavour! The powder can be used in literally every savoury meal preparation on a regular basis. The product is available in 100 gm, 200 gm and 500 gm packaging options. BB Royal is a premium brand of handpicked staples by Big Basket. The entire range of products is sourced from the best of farms and produce to ensure high quality standards at affordable prices.",8.90426E+12,https://www.bigbasket.com/media/uploads/p/l/40077185_2-bb-royal-chilli-powder-red.jpg
333," FOODGRAINS, OIL & MASALA ", MASALAS & SPICES , POWDERED SPICES , BB ROYAL Chilli - Powder Red,bb Royal,40077186,https://www.bigbasket.com/pd/40077186/bb-royal-chilli-powder-red-500-g/,"bb Royal Chilli - Powder Red, 500 g",150,Rs 100.50,33%,500 g,veg,https://www.bigbasket.com/media/uploads/p/mm/40077186_2-bb-royal-chilli-powder-red.jpg,"This chili powder is dried, pulverized fruit of one or more varieties of chili pepper, sometimes with the addition of other spices. It is used as a spice to add pungency or piquancy and flavour to dishes.",8.90426E+12,https://www.bigbasket.com/media/uploads/p/l/40077186_2-bb-royal-chilli-powder-red.jpg
334," FOODGRAINS, OIL & MASALA ", DRY FRUITS , OTHER DRY FRUITS , BB ROYAL Pista Roasted & Salted/Pista,bb Royal,10000521,https://www.bigbasket.com/pd/10000521/bb-royal-pista-irani-roasted-salted-200-g/,"bb Royal Pista Roasted & Salted/Pista, 200 g",500,Rs 339,32%,200 g,veg,https://www.bigbasket.com/media/uploads/p/mm/10000521_8-bb-royal-pista-irani-roasted-salted.jpg,"Pista Salted is a drupe, containing an elongated seed, which is the edible portion. It has a tough, whitish external shell. It is a nutrient dense, antioxidants and full of fibre. They are an outstanding supply of enzymes, vitamins and minerals. They are simple to digest and clean the blood and the digestive area. The nuts are enriched with lots of health-benefiting nutrients that are necessary for optimum health. Click here for unique and delicious recipes - https://www.bigbasket.com/flavors/collections/231/dry-fruits-berries-nuts/",100005219,https://www.bigbasket.com/media/uploads/p/l/10000521_8-bb-royal-pista-irani-roasted-salted.jpg
335," FOODGRAINS, OIL & MASALA ", DRY FRUITS , OTHER DRY FRUITS , BB ROYAL Pista Roasted & Salted/Pista,bb Royal,10000495,https://www.bigbasket.com/pd/10000495/bb-royal-pista-irani-roasted-salted-100-g/,"bb Royal Pista Roasted & Salted/Pista, 100 g",250,Rs 177,29%,100 g,veg,https://www.bigbasket.com/media/uploads/p/mm/10000495_14-bb-royal-pista-irani-roasted-salted.jpg,"Pista or Pistachios are defined by their rich and nutty taste, which is further enhanced after roasting them. And understanding your taste, BB Royal roasted and salted pista has been packaged exclusively for you. Its roasted and salted flavour makes it an ideal snack for guests and gifting purposes. Click here for unique and delicious recipes - https://www.bigbasket.com/flavors/collections/231/dry-fruits-berries-nuts/",1000049599,https://www.bigbasket.com/media/uploads/p/l/10000495_14-bb-royal-pista-irani-roasted-salted.jpg
336," FOODGRAINS, OIL & MASALA ", DRY FRUITS , CASHEWS , BB ROYAL Cashew/Kaju Whole/Mundhiri,bb Royal,10000552,https://www.bigbasket.com/pd/10000552/bb-royal-cashewkaju-whole-500-g/,"bb Royal Cashew/Kaju Whole/Mundhiri, 500 g",1000,Rs 650,35%,500 g,veg,https://www.bigbasket.com/media/uploads/p/mm/10000552_6-bb-royal-cashewkaju-whole.jpg,"The kidney-shaped cashew nut is encased in a hard shell with two layers The nutshell is smooth, oily and about one-eighth of an inch thick. These nuts are also good sources of protein. Click here for unique and delicious recipes - https://www.bigbasket.com/flavors/collections/231/dry-fruits-berries-nuts/",1000055299,https://www.bigbasket.com/media/uploads/p/l/10000552_6-bb-royal-cashewkaju-whole.jpg
337," FOODGRAINS, OIL & MASALA ", DRY FRUITS , CASHEWS , BB ROYAL Cashew /Kaju Whole/Mundhiri,bb Royal,10000498,https://www.bigbasket.com/pd/10000498/bb-royal-cashewkaju-whole-100-g/,"bb Royal Cashew /Kaju Whole/Mundhiri, 100 g",200,Rs 135,33%,100 g,veg,https://www.bigbasket.com/media/uploads/p/mm/10000498_6-bb-royal-cashewkaju-whole.jpg,Cashew contains a rich flavour making it the most delicious nut. It is off-white in colour and is soft with a mild taste. Click here for unique and delicious recipes - https://www.bigbasket.com/flavors/collections/231/dry-fruits-berries-nuts/,1000049899,https://www.bigbasket.com/media/uploads/p/l/10000498_6-bb-royal-cashewkaju-whole.jpg
338," FOODGRAINS, OIL & MASALA ", DRY FRUITS , CASHEWS , BB ROYAL Cashew/Kaju Whole/Mundhiri,bb Royal,10000524,https://www.bigbasket.com/pd/10000524/bb-royal-cashewkaju-whole-200-g/,"bb Royal Cashew/Kaju Whole/Mundhiri, 200 g",400,Rs 268,33%,200 g,veg,https://www.bigbasket.com/media/uploads/p/mm/10000524_6-bb-royal-cashewkaju-whole.jpg,"Cashew nuts are seeds of the fruit of the cashew tree. It is white, soft and meaty. It hardens and changes to a darker white once roasted, and has a rich flavour making it the most flavoursome nut. These are rich in monounsaturated fatty acid and minerals such as iron, potassium, phosphorous, copper, zinc and selenium. Click here for unique and delicious recipes - https://www.bigbasket.com/flavors/collections/231/dry-fruits-berries-nuts/",1000052499,https://www.bigbasket.com/media/uploads/p/l/10000524_6-bb-royal-cashewkaju-whole.jpg
339," FOODGRAINS, OIL & MASALA ", DALS & PULSES , URAD & OTHER DALS , BB ROYAL Whole Fried Gram/Pottukadalai,bb Royal,40026713,https://www.bigbasket.com/pd/40026713/bb-royal-whole-fried-gram-500-g-pouch/,"bb Royal Whole Fried Gram/Pottukadalai, 500 g Pouch",90,Rs 64,29%,500 g,veg,https://www.bigbasket.com/media/uploads/p/mm/40026713_5-bb-royal-whole-fried-gram.jpg,,40026713,https://www.bigbasket.com/media/uploads/p/l/40026713_5-bb-royal-whole-fried-gram.jpg
344," FOODGRAINS, OIL & MASALA ", ORGANIC STAPLES ," ORGANIC RICE, OTHER RICE ", BB ROYAL Organic - Sona Masoori Raw Rice / Pacharisi,bb Royal,40072488,https://www.bigbasket.com/pd/40072488/bb-royal-organic-sona-masoori-raw-rice-1-kg/,"bb Royal Organic - Sona Masoori Raw Rice / Pacharisi, 1 kg",95,Rs 79,17%,1 kg,veg,https://www.bigbasket.com/media/uploads/p/mm/40072488_10-bb-royal-organic-sona-masoori-raw-rice.jpg,About - bb Royal Organic Sona Masoori Raw Rice is white and has low starch. It is medium grained and slightly sweet-smelling. It is softer than other varieties of white rice and has got a distinctive taste of its own. • bb Royal Organic Sona Masoori Raw Rice is sourced from the fertile Krishna River belt. • It is grown on a 100 acre land where rice is being cultivated organically for around 20 years. • We closely monitor the cultivation practices of the farm and share the best practices through our highly qualified quality control and merchandising team. • We strictly source only 12 months old Paddy and this helps us promise you that for every 1 cup of rice grains you cook you will get 2.5 times the rice quantity. • bb Royal Organic rice is processed in a dedicated 100% Organic Process Unit with complete Organic Certification. • This rice is more nutritious and healthy for your whole family.,40072488,https://www.bigbasket.com/media/uploads/p/l/40072488_10-bb-royal-organic-sona-masoori-raw-rice.jpg
345," FOODGRAINS, OIL & MASALA ", ORGANIC STAPLES ," ORGANIC RICE, OTHER RICE ", BB ROYAL Organic - Sona Masoori Raw Rice / Pacharisi,bb Royal,40072489,https://www.bigbasket.com/pd/40072489/bb-royal-organic-sona-masoori-raw-rice-5-kg/,"bb Royal Organic - Sona Masoori Raw Rice / Pacharisi, 5 kg",470,Rs 339,28%,5 kg,veg,https://www.bigbasket.com/media/uploads/p/mm/40072489_10-bb-royal-organic-sona-masoori-raw-rice.jpg,"Organic Sonamasoori Rice is white and low starch. It is medium grained, slightly sweet-smelling and finest had plain, as part of a curry meal. It is also first-class when made into pongal.It is softer than the other variety white rice and has got a distinctive taste and taste to it. It is really healthy food. It tastes sweeter than usual rice and has been grown-up free from chemical fertilizers and pesticides.",40072489,https://www.bigbasket.com/media/uploads/p/l/40072489_10-bb-royal-organic-sona-masoori-raw-rice.jpg
346," FOODGRAINS, OIL & MASALA ", ORGANIC STAPLES ," ORGANIC RICE, OTHER RICE ", BB ROYAL Organic - Sona Masoori Raw Rice,bb Royal,1208913,https://www.bigbasket.com/pd/1208913/bb-royal-organic-sona-masoori-raw-rice-2x10-kg/,"bb Royal Organic - Sona Masoori Raw Rice, 2x10 kg Multipack",1850,Rs 1258,32%,2x10 kg,,https://www.bigbasket.com/media/uploads/p/mm/1208913_1-bb-royal-organic-sona-masoori-raw-rice.jpg,"Organic Sonamasuri Rice is famous for being a staple food in the Southern regions of India. It is aromatic, lightweight and considered to be of the best quality. It is perfect for preparing dishes like sweet pongal, fried rice, biryani, or can also be used for daily cooking.",1208913,https://www.bigbasket.com/media/uploads/p/l/1208913_1-bb-royal-organic-sona-masoori-raw-rice.jpg
347," FOODGRAINS, OIL & MASALA ", ORGANIC STAPLES ," ORGANIC RICE, OTHER RICE ", BB ROYAL Organic - Sona Masuri Raw Rice / Pacharisi,bb Royal,40091134,https://www.bigbasket.com/pd/40091134/bb-royal-organic-sona-masoori-raw-rice-2-kg/,"bb Royal Organic - Sona Masuri Raw Rice / Pacharisi, 2 kg",190,Rs 149,22%,2 kg,veg,https://www.bigbasket.com/media/uploads/p/mm/40091134_10-bb-royal-organic-sona-masoori-raw-rice.jpg,"Organic Sonamasoori Rice is white and low starch. It is medium grained, slightly sweet-smelling and finest had plain, as part of a curry meal. It is also first-class when made into pongal.It is softer than the other variety white rice and has got a distinctive taste and taste to it. It is really healthy food. It tastes sweeter than usual rice and has been grown-up free from chemical fertilizers and pesticides.",40091134,https://www.bigbasket.com/media/uploads/p/l/40091134_10-bb-royal-organic-sona-masoori-raw-rice.jpg
348," FOODGRAINS, OIL & MASALA ", ORGANIC STAPLES ," ORGANIC RICE, OTHER RICE ", BB ROYAL Organic - Sona Masoori Raw Rice,bb Royal,40127665,https://www.bigbasket.com/pd/40127665/bb-royal-organic-sona-masoori-raw-rice-10-kg/,"bb Royal Organic - Sona Masoori Raw Rice, 10 kg",925,Rs 629,32%,10 kg,veg,https://www.bigbasket.com/media/uploads/p/mm/40127665_10-bb-royal-organic-sona-masoori-raw-rice.jpg,"Organic Sonamasuri Rice is famous for being a staple food in the Southern regions of India. It is aromatic, lightweight and considered to be of the best quality. It is perfect for preparing dishes like sweet pongal, fried rice, biryani, or can also be used for daily cooking.",40127665,https://www.bigbasket.com/media/uploads/p/l/40127665_10-bb-royal-organic-sona-masoori-raw-rice.jpg
349," FOODGRAINS, OIL & MASALA ", ORGANIC STAPLES , ORGANIC DRY FRUITS , BB ROYAL Organic - Raisin/Kismis,bb Royal,40101872,https://www.bigbasket.com/pd/40101872/bb-royal-organic-raisinkismis-500-g/,"bb Royal Organic - Raisin/Kismis, 500 g",299,Rs 239,20%,500 g,veg,https://www.bigbasket.com/media/uploads/p/mm/40101872_8-bb-royal-organic-raisinkismis.jpg,"The organic kismis are preserved and dried version of grapes. It is fine for the health. It can give relief from constipation, anemia, acidosis, fever. It is free from synthetic chemicals and pesticides.",40101872,https://www.bigbasket.com/media/uploads/p/l/40101872_8-bb-royal-organic-raisinkismis.jpg
350," FOODGRAINS, OIL & MASALA ", ORGANIC STAPLES , ORGANIC DRY FRUITS , BB ROYAL Organic - Kismis / Kaintha Thratchai,bb Royal,40075470,https://www.bigbasket.com/pd/40075470/bb-royal-organic-raisinkismis-200-g/,"bb Royal Organic - Kismis / Kaintha Thratchai, 200 g",110,Rs 99,11,200 g,veg,https://www.bigbasket.com/media/uploads/p/mm/40075470_8-bb-royal-organic-raisinkismis.jpg,"Raisins or kismis are a wholesome addition to your diet. The organic kismis are a preserved and dried version of grapes. They are known to be extremely healthy for consumption on a daily basis. These dry fruits can give relief from constipation, anaemia, acidosis and fever. BB Royal’s Organic Raisins/Kismis is premium dry fruit, packed with the goodness of nutrition. You can use them in salads, bakery and confectionary items, jams, jellies, puddings and a lot more sweet as well as savoury delicacies. Or you can consume them as it is! They are available in 100 gm and 200 gm packaging options. BB Royal is a premium brand of organic staples by Big Basket. The entire range of products is sourced from the best of farms and produce to ensure high quality standards. - Qualified buyers with years of experience handpick all products under BB Royal after rigorous scrutiny. - All BB Royal products are cleaned and packed in hygienic facilities in high quality food grade packaging. - There is a no questions asked return policy on all BB Royal products in a bid to provide you nothing but the best!",40075470,https://www.bigbasket.com/media/uploads/p/l/40075470_8-bb-royal-organic-raisinkismis.jpg
351," FOODGRAINS, OIL & MASALA ", ORGANIC STAPLES , ORGANIC DRY FRUITS , BB ROYAL Organic - Kismis / Kaintha Thratchai,bb Royal,40072511,https://www.bigbasket.com/pd/40072511/bb-royal-organic-raisinkismis-100-g/,"bb Royal Organic - Kismis / Kaintha Thratchai, 100 g",56,Rs 52,7%,100 g,veg,https://www.bigbasket.com/media/uploads/p/mm/40072511_11-bb-royal-organic-raisinkismis.jpg,"Raisins or kismis are a wholesome addition to your diet. The organic kismis are a preserved and dried version of grapes. They are known to be extremely healthy for consumption on a daily basis. These dry fruits can give relief from constipation, anaemia, acidosis and fever. BB Royal’s Organic Raisins/Kismis is premium dry fruit, packed with the goodness of nutrition. You can use them in salads, bakery and confectionary items, jams, jellies, puddings and a lot more sweet as well as savoury delicacies. Or you can consume them as it is! They are available in 100 gm and 200 gm packaging options. BB Royal is a premium brand of organic staples by Big Basket. The entire range of products is sourced from the best of farms and produce to ensure high quality standards. - Qualified buyers with years of experience handpick all products under BB Royal after rigorous scrutiny. - All BB Royal products are cleaned and packed in hygienic facilities in high quality food grade packaging. - There is a no questions asked return policy on all BB Royal products in a bid to provide you nothing but the best!",40072511,https://www.bigbasket.com/media/uploads/p/l/40072511_11-bb-royal-organic-raisinkismis.jpg
352," FOODGRAINS, OIL & MASALA ", MASALAS & SPICES , WHOLE SPICES , BB ROYAL Cloves/Launga,bb Royal,40000224,https://www.bigbasket.com/pd/40000224/bb-royal-cloveslaunga-100-g/,"bb Royal Cloves/Launga, 100 g",200,Rs 143,29%,100 g,veg,https://www.bigbasket.com/media/uploads/p/mm/40000224_10-bb-royal-cloveslaunga.jpg,"Cloves are an extremely common kind of spices that are broadly used for cooking and other purposes. The dehydrated, unopened flower bud of the tropical myrtle tree family utilised to flavour a broad variety of sugary and savoury dishes.",40000224,https://www.bigbasket.com/media/uploads/p/l/40000224_10-bb-royal-cloveslaunga.jpg
353," FOODGRAINS, OIL & MASALA ", MASALAS & SPICES , WHOLE SPICES , BB ROYAL Cloves/Launga/Lavangam/Krambu,bb Royal,40000223,https://www.bigbasket.com/pd/40000223/bb-royal-cloveslaunga-50-g/,"bb Royal Cloves/Launga/Lavangam/Krambu, 50 g",80,Rs 75,6%,50 g,veg,https://www.bigbasket.com/media/uploads/p/mm/40000223_10-bb-royal-cloveslaunga.jpg,"Cloves have a sweet, somewhat penetrating flavour. These are anti-fungal, antibacterial, antiseptic and analgesic. They're packed with antioxidants and are good sources of minerals (especially manganese), omega-3 fatty acids, fibre and vitamins.",8.90417E+12,https://www.bigbasket.com/media/uploads/p/l/40000223_10-bb-royal-cloveslaunga.jpg
354," FOODGRAINS, OIL & MASALA ", MASALAS & SPICES , WHOLE SPICES , BB ROYAL Cloves/Launga/Lavangam/Krambu,bb Royal,30000279,https://www.bigbasket.com/pd/30000279/bb-royal-cloveslaunga-20-g/,"bb Royal Cloves/Launga/Lavangam/Krambu, 20 g",40,Rs 31,23%,20 g,veg,https://www.bigbasket.com/media/uploads/p/mm/30000279_9-bb-royal-cloveslaunga.jpg,"Cloves are the dried, flower bud of the evergreen tree, Eugenia aromatica. Cloves are an incredibly common type of spices that are broadly used for cooking and other purposes. It is also highly used in Cigarettes to add taste. It is used to create oil, as an antiseptic and even for other medicinal purposes. Cloves are also famous for their health benefits and have been usually used as a component in preparing remedies for several diseases.",3000027999,https://www.bigbasket.com/media/uploads/p/l/30000279_9-bb-royal-cloveslaunga.jpg
355," FOODGRAINS, OIL & MASALA ", DRY FRUITS , OTHER DRY FRUITS , BB ROYAL Plain Pista Kernel/Pista,bb Royal,10000496,https://www.bigbasket.com/pd/10000496/bb-royal-plain-pista-kernel-100-g-pouch/,"bb Royal Plain Pista Kernel/Pista, 100 g Pouch",300,Rs 246,18%,100 g,veg,https://www.bigbasket.com/media/uploads/p/mm/10000496_12-bb-royal-plain-pista-kernel.jpg,"Pistachios are tiny and delicious nuts enclosed in shells. These are an outstanding and rich tasting nut. It as they are sometimes called are well-liked because of their little size, green colour and simple to open shells. Click here for unique and delicious recipes - https://www.bigbasket.com/flavors/collections/231/dry-fruits-berries-nuts/",1000049699,https://www.bigbasket.com/media/uploads/p/l/10000496_12-bb-royal-plain-pista-kernel.jpg
356," FOODGRAINS, OIL & MASALA ", ORGANIC STAPLES , ORGANIC DALS & PULSES , BB ROYAL Organic - Urad Whole (Gota) / Ulatham Paruppu,bb Royal,40072496,https://www.bigbasket.com/pd/40072496/bb-royal-organic-urad-whole-gota-unpolished-1-kg/,"bb Royal Organic - Urad Whole (Gota) / Ulatham Paruppu, 1 kg",230,Rs 155,33%,1 kg,veg,https://www.bigbasket.com/media/uploads/p/mm/40072496_11-bb-royal-organic-urad-whole-gota-unpolished.jpg,"Urad Whole is used for various purposes besides retaining the skins and also has a strong flavor. It provides nutrients, such as protein, fat, and carbohydrates, and is a rich source of proteins like iron, folic acid, calcium, magnesium, potassium, and B vitamins.This helps boost the energy levels in the body and keeps you active. It is a protein-rich dal for vegetarians and for strong bones and a healthy body, have urad dal. It is good for digestion and also prevents constipation. It also has various beauty benefits. It is free from synthetic chemicals and pesticides.",40072496,https://www.bigbasket.com/media/uploads/p/l/40072496_11-bb-royal-organic-urad-whole-gota-unpolished.jpg
357," FOODGRAINS, OIL & MASALA ", ORGANIC STAPLES , ORGANIC DALS & PULSES , BB ROYAL Organic - Urad Whole (Gota) / Ulatham Paruppu,bb Royal,40072497,https://www.bigbasket.com/pd/40072497/bb-royal-organic-urad-whole-gota-unpolished-500-g/,"bb Royal Organic - Urad Whole (Gota) / Ulatham Paruppu, 500 g",116,Rs 86,26%,500 g,veg,https://www.bigbasket.com/media/uploads/p/mm/40072497_12-bb-royal-organic-urad-whole-gota-unpolished.jpg,"Urad Dal Whole is used for various purposes besides retaining the skins and also has a strong flavor. It provides nutrients, such as protein, fat, and carbohydrates, and is a rich source of proteins like iron, folic acid, calcium, magnesium, potassium, and B vitamins.This helps boost the energy levels in the body and keeps you active. It is a protein-rich dal for vegetarians and for strong bones and a healthy body, have urad dal. It is good for digestion and also prevents constipation. It also has various beauty benefits. It is free from synthetic chemicals and pesticides.",40072497,https://www.bigbasket.com/media/uploads/p/l/40072497_12-bb-royal-organic-urad-whole-gota-unpolished.jpg
358," FOODGRAINS, OIL & MASALA ", ORGANIC STAPLES , ORGANIC DALS & PULSES ," BB ROYAL Organic - Urad Whole (Gota), Unpolished",bb Royal,40109381,https://www.bigbasket.com/pd/40109381/bb-royal-organic-urad-whole-gota-unpolished-2-kg/,"bb Royal Organic - Urad Whole (Gota), Unpolished, 2 kg",450,Rs 299,34%,2 kg,veg,https://www.bigbasket.com/media/uploads/p/mm/40109381_8-bb-royal-organic-urad-whole-gota-unpolished.jpg,"Urad Dal Whole is used for various purposes besides retaining the skins and also has a strong flavor. It provides nutrients, such as protein, fat, and carbohydrates, and is a rich source of proteins like iron, folic acid, calcium, magnesium, potassium, and B vitamins. This helps boost the energy levels in the body and keeps you active. It is a protein-rich dal for vegetarians and for strong bones and a healthy body, have urad dal. It is good for digestion and also prevents constipation. It also has various beauty benefits. It is free from synthetic chemicals and pesticides.",40109381,https://www.bigbasket.com/media/uploads/p/l/40109381_8-bb-royal-organic-urad-whole-gota-unpolished.jpg
359," FOODGRAINS, OIL & MASALA ", MASALAS & SPICES , WHOLE SPICES , BB ROYAL Black Til,bb Royal,40075120,https://www.bigbasket.com/pd/40075120/bb-royal-black-til-500-g/,"bb Royal Black Til, 500 g",250,Rs 168,33%,500 g,,https://www.bigbasket.com/media/uploads/p/mm/40075120_5-bb-royal-black-til.jpg,"Black Till or Sesame seeds add a nutty flavour and a fragile, almost invisible, crunch to various Asian dishes. They are extremely valued for their oil which is very resistant to rancidity. It is an outstanding source of copper and a very excellent source of manganese, calcium, iron, vitamin B1, magnesium, dietary fibre, selenium, etc.",40075120,https://www.bigbasket.com/media/uploads/p/l/40075120_5-bb-royal-black-til.jpg
360," FOODGRAINS, OIL & MASALA ", MASALAS & SPICES , WHOLE SPICES , BB ROYAL Til - Black,bb Royal,40053913,https://www.bigbasket.com/pd/40053913/bb-royal-til-black-50-g/,"bb Royal Til - Black, 50 g",25,Rs 19,24%,50 g,veg,https://www.bigbasket.com/media/uploads/p/mm/40053913_2-bb-royal-til-black.jpg,"Black sesame seeds are not hulled, brown (golden) sesame seeds maintain their hulls too, and the white seeds are hulled which exposes their accurate seed colour. It contains about 60% more calcium than hulled sesame seeds. These are tangier and have a stronger smell than white or brown sesame seeds.",40053913,https://www.bigbasket.com/media/uploads/p/l/40053913_2-bb-royal-til-black.jpg
361," FOODGRAINS, OIL & MASALA ", MASALAS & SPICES , WHOLE SPICES , BB ROYAL Till Black/Ellu,bb Royal,20000447,https://www.bigbasket.com/pd/20000447/bb-royal-black-tilsesame-seeds-100-g/,"bb Royal Till Black/Ellu, 100 g",40,,,100 g,,https://www.bigbasket.com/media/uploads/p/mm/20000447_3-bb-royal-black-tilsesame-seeds.jpg,"Black Til or Sesame seeds add a nutty flavour and a fragile, almost invisible, crunch to various Asian dishes. They are extremely valued for their oil which is very resistant to rancidity. It is an outstanding source of copper and a very excellent source of manganese, calcium, iron, vitamin B1, magnesium, dietary fibre, selenium, etc.",20000447,https://www.bigbasket.com/media/uploads/p/l/20000447_3-bb-royal-black-tilsesame-seeds.jpg
362," FOODGRAINS, OIL & MASALA ", MASALAS & SPICES , WHOLE SPICES , BB ROYAL Black Til/Sesame Seeds,bb Royal,30000276,https://www.bigbasket.com/pd/30000276/bb-royal-black-tilsesame-seeds-100-g/,"bb Royal Black Til/Sesame Seeds, 100 g",50,Rs 35,30%,100 g,veg,https://www.bigbasket.com/media/uploads/p/mm/30000276_6-bb-royal-black-tilsesame-seeds.jpg,"Black sesame seeds are not hulled, golden brown sesame seeds maintain their hulls too, and the white seeds are hulled which exposes their accurate seed colour. It contains about 60% more calcium than hulled sesame seeds. These are tangier and have a stronger smell than white or brown sesame seeds.",3000027699,https://www.bigbasket.com/media/uploads/p/l/30000276_6-bb-royal-black-tilsesame-seeds.jpg
363," FOODGRAINS, OIL & MASALA ", MASALAS & SPICES , WHOLE SPICES , BB ROYAL Til - Black,bb Royal,40046735,https://www.bigbasket.com/pd/40046735/bb-royal-til-black-200-g/,"bb Royal Til - Black, 200 g",100,Rs 70,30%,200 g,,https://www.bigbasket.com/media/uploads/p/mm/40046735_3-bb-royal-til-black.jpg,"Black sesame seeds are not hulled, brown (golden) sesame seeds maintain their hulls too, and the white seeds are hulled which exposes their accurate seed color. It contains about 60% more calcium than hulled sesame seeds. These are tangier and have a stronger smell than white or brown sesame seeds.",40046735,https://www.bigbasket.com/media/uploads/p/l/40046735_3-bb-royal-til-black.jpg
364," FOODGRAINS, OIL & MASALA ", RICE & RICE PRODUCTS , BASMATI RICE , BB ROYAL Basmati Rice - Rozana Premium,bb Royal,1211909,https://www.bigbasket.com/pd/1211909/bb-royal-basmati-rice-rozana-premium-2x5-kg/,"bb Royal Basmati Rice - Rozana Premium, 2x5 Kg Multipack",1020,,,2x5 Kg,,https://www.bigbasket.com/media/uploads/p/mm/1211909_1-bb-royal-basmati-rice-rozana-premium.jpg,"bb Royal Rozana Premium Basmati rice leaves a lasting impression because of its flavour and fluffy texture. 1401 and 1121 varieties ensure great quality and taste. Sourced from the Basmati-rice-bowl states of Punjab, Haryana and Uttarakhand, this rice is processed in GMP plants using Swiss technology to ensure superior quality and high nutritional value. With its great aroma and size, this rice is best suitable for all varieties of dishes ranging from Dal Chawal, Jeera rice to Pulao and Biryani.",__ EAN__,https://www.bigbasket.com/media/uploads/p/l/1211909_1-bb-royal-basmati-rice-rozana-premium.jpg
365," FOODGRAINS, OIL & MASALA ", RICE & RICE PRODUCTS , BASMATI RICE , BB ROYAL Basmati Rice - Rozana Premium,bb Royal,40161711,https://www.bigbasket.com/pd/40161711/bb-royal-basmati-rice-rozana-premium-5-kg-pouch/,"bb Royal Basmati Rice - Rozana Premium, 5 kg Pouch",510,Rs 376,26%,5 kg,veg,https://www.bigbasket.com/media/uploads/p/mm/40161711_5-bb-royal-basmati-rice-rozana-premium.jpg,"bb Royal Rozana Premium Basmati rice leaves a lasting impression because of its flavour and fluffy texture. 1401 and 1121 varieties ensure great quality and taste. Sourced from the Basmati-rice-bowl states of Punjab, Haryana and Uttarakhand, this rice is processed in GMP plants using Swiss technology to ensure superior quality and high nutritional value. With its great aroma and size, this rice is best suitable for all varieties of dishes ranging from Dal Chawal, Jeera rice to Pulao and Biryani.",__ EAN__,https://www.bigbasket.com/media/uploads/p/l/40161711_5-bb-royal-basmati-rice-rozana-premium.jpg
371," FOODGRAINS, OIL & MASALA ", DALS & PULSES , URAD & OTHER DALS , BB POPULAR Urad Dal - Split,bb Popular,30010377,https://www.bigbasket.com/pd/30010377/bb-popular-urad-dal-split-1-kg-pouch/,"bb Popular Urad Dal - Split, 1 kg Pouch",180,Rs 140,22%,1 kg,veg,https://www.bigbasket.com/media/uploads/p/mm/30010377_9-bb-popular-urad-dal-split.jpg,"Urad dal is popularly soaked and ground to make batter for dosas, idlis , vadas, etc. It is used in chutneys, curries and sometimes too make desserts as well. Click here for unique and delicious recipes - https://www.bigbasket.com/flavors/collections/230/dals-pulses/",30010377,https://www.bigbasket.com/media/uploads/p/l/30010377_9-bb-popular-urad-dal-split.jpg
372," FOODGRAINS, OIL & MASALA ", DALS & PULSES , URAD & OTHER DALS , BB POPULAR Urad Dal - Split,bb Popular,30010379,https://www.bigbasket.com/pd/30010379/bb-popular-urad-dal-split-500-g-pouch/,"bb Popular Urad Dal - Split, 500 g Pouch",90,Rs 70.04,22%,500 g,veg,https://www.bigbasket.com/media/uploads/p/mm/30010379_10-bb-popular-urad-dal-split.jpg,,30010379,https://www.bigbasket.com/media/uploads/p/l/30010379_10-bb-popular-urad-dal-split.jpg
373," FOODGRAINS, OIL & MASALA ", RICE & RICE PRODUCTS ," POHA, SABUDANA & MURMURA ", BB ROYAL Aval/Poha Red/Aval,bb Royal,60000013,https://www.bigbasket.com/pd/60000013/bb-royal-avalpoha-red-200-g-pouch/,"bb Royal Aval/Poha Red/Aval, 200 g Pouch",25,Rs 18,28%,200 g,veg,https://www.bigbasket.com/media/uploads/p/mm/60000013_3-bb-royal-avalpoha-red.jpg,"Avail Red Brings Made Of Premium Quality Beaten Rice Considered Healthy Because It Doesn'T Have Any Cholesterol And Saturated Fat. With Low Sodium Content, Beaten Rice Is A Strong Choice Of Calorie. And Red Beaten Rice Is Better Than Its White Range. Click here for unique and delicious recipes - https://www.bigbasket.com/flavors/collections/233/rice-rice-products/",60000013,https://www.bigbasket.com/media/uploads/p/l/60000013_3-bb-royal-avalpoha-red.jpg
374," FOODGRAINS, OIL & MASALA ", RICE & RICE PRODUCTS ," POHA, SABUDANA & MURMURA ", BB ROYAL Aval/Poha Red/Aval,bb Royal,60000014,https://www.bigbasket.com/pd/60000014/bb-royal-avalpoha-red-500-g-pouch/,"bb Royal Aval/Poha Red/Aval, 500 g Pouch",60,Rs 41,32%,500 g,veg,https://www.bigbasket.com/media/uploads/p/mm/60000014_4-bb-royal-avalpoha-red.jpg,"Avail Red Brings Made Of Premium Quality Beaten Rice Considered Healthy Because It Doesn'T Have Any Cholesterol And Saturated Fat. With Low Sodium Content, Beaten Rice Is A Strong Choice Of Calorie. And Red Beaten Rice Is Better Than Its White Range. Click here for unique and delicious recipes - https://www.bigbasket.com/flavors/collections/233/rice-rice-products/",60000014,https://www.bigbasket.com/media/uploads/p/l/60000014_4-bb-royal-avalpoha-red.jpg
377," FOODGRAINS, OIL & MASALA ", MASALAS & SPICES , WHOLE SPICES , BB ROYAL Bay Leaf/Tej Patta,bb Royal,20000457,https://www.bigbasket.com/pd/20000457/bb-royal-bay-leaftej-patta-50-g/,"bb Royal Bay Leaf/Tej Patta, 50 g",25,Rs 20,20%,50 g,veg,https://www.bigbasket.com/media/uploads/p/mm/20000457_5-bb-royal-bay-leaftej-patta.jpg,"Bay leaf, commonly known as Tej Patta in India, is a sweet-smelling leaf from the evergreen bay laurel tree, native to the Mediterranean. It is the majority broadly used in cooking and preparing perfumes. The Indian bay leaf is essentially a three veined leaf which is elliptical, smooth, pointed and tough.  These leaves are spicy and contain a sharp, bitter taste. Their taste and fragrance are somewhat like the cinnamon bark but slightly milder. They are utilized in fresh, dried or powdered form. The oil took out from bay leaves; called bay leaf oil includes medicinal properties and is utilized to treat several ailments.",20000457,https://www.bigbasket.com/media/uploads/p/l/20000457_5-bb-royal-bay-leaftej-patta.jpg
378," FOODGRAINS, OIL & MASALA ", MASALAS & SPICES , WHOLE SPICES , BB ROYAL Bay Leaf/Tej patta/Punnai Ilai,bb Royal,30000273,https://www.bigbasket.com/pd/30000273/bb-royal-bay-leaftej-patta-20-g/,"bb Royal Bay Leaf/Tej patta/Punnai Ilai, 20 g",10,Rs 9,10%,20 g,veg,https://www.bigbasket.com/media/uploads/p/mm/30000273_7-bb-royal-bay-leaftej-patta.jpg,"Bay leaf leaves are strong and contain a sharp, bitter taste. Their flavour and aroma are somewhat similar to the cinnamon bark but slightly milder. Clean or dried bay leaves are utilised in cooking for their distinctive taste and fragrance. The flavour is strengthened with the length of cooking time.",3000027399,https://www.bigbasket.com/media/uploads/p/l/30000273_7-bb-royal-bay-leaftej-patta.jpg
379," FOODGRAINS, OIL & MASALA ", MASALAS & SPICES , WHOLE SPICES , BB ROYAL Cardamom/Elaichi Green/Pacha Yelakkai,bb Royal,40000210,https://www.bigbasket.com/pd/40000210/bb-royal-cardamomelaichi-green-50-g/,"bb Royal Cardamom/Elaichi Green/Pacha Yelakkai, 50 g",450,Rs 213,53%,50 g,veg,https://www.bigbasket.com/media/uploads/p/mm/40000210_9-bb-royal-cardamomelaichi-green.jpg,bb royal Cardamom is fully ripe cardamom filled with aromatic and flavourful grains. bb Royal cardamom has a perfect green shell filled with small brown grains; they are long and voluminous which is the sign of superior quality and promises great taste.,400000210,https://www.bigbasket.com/media/uploads/p/l/40000210_9-bb-royal-cardamomelaichi-green.jpg
380," FOODGRAINS, OIL & MASALA ", MASALAS & SPICES , WHOLE SPICES , BB ROYAL Cardamom/Elaichi Green/Pacha Yelakkai,bb Royal,30000285,https://www.bigbasket.com/pd/30000285/bb-royal-cardamomelaichi-green-20-g/,"bb Royal Cardamom/Elaichi Green/Pacha Yelakkai, 20 g",200,Rs 86,57%,20 g,veg,https://www.bigbasket.com/media/uploads/p/mm/30000285_8-bb-royal-cardamomelaichi-green.jpg,"Green Cardamom is a very popular spice featuring green shell and small brown seeds. It is added in dishes to provide a strong aroma and flavour but in Ayurveda, it is considered to be a very useful and effective medicine. The spice can be crushed and used in foods to enhance the flavour of the dishes.",3000028599,https://www.bigbasket.com/media/uploads/p/l/30000285_8-bb-royal-cardamomelaichi-green.jpg
381," FOODGRAINS, OIL & MASALA ", MASALAS & SPICES , WHOLE SPICES , BB ROYAL Cardamom/Elaichi Green/Pacha Yelakkai,bb Royal,20000463,https://www.bigbasket.com/pd/20000463/bb-royal-cardamomelaichi-green-100-g/,"bb Royal Cardamom/Elaichi Green/Pacha Yelakkai, 100 g",900,Rs 506.04,44%,100 g,veg,https://www.bigbasket.com/media/uploads/p/mm/20000463_8-bb-royal-cardamomelaichi-green.jpg,"BB Royal green cardamom or elaichi is a very widely used spice that comes with greens shells and brown, small seeds. They can be slit or crushed and added to various dishes to impart a strong aroma and flavour. In Ayurveda, green cardamom is considered to have many beneficial properties.",8.90417E+12,https://www.bigbasket.com/media/uploads/p/l/20000463_8-bb-royal-cardamomelaichi-green.jpg
463," FOODGRAINS, OIL & MASALA ", ORGANIC STAPLES , ORGANIC DRY FRUITS , BB ROYAL ORGANIC Walnut Kernels/Akhrot,BB Royal Organic,40199569,https://www.bigbasket.com/pd/40199569/bb-royal-organic-walnut-kernelsakhrot-500-g/,"BB Royal Organic Walnut Kernels/Akhrot, 500 g",1099,Rs 999,100,500 g,,https://www.bigbasket.com/media/uploads/p/mm/40199569_1-bb-royal-organic-walnut-kernelsakhrot.jpg,"BB Royal Walnut Kernels not only add crunch and taste to a dish, but they are loaded with nutritional benefits too. The uneven texture of the kernels along with the light brown colour, make them delicacies on their own.",__ EAN__,https://www.bigbasket.com/media/uploads/p/l/40199569_1-bb-royal-organic-walnut-kernelsakhrot.jpg
464," FOODGRAINS, OIL & MASALA ", ORGANIC STAPLES , ORGANIC DRY FRUITS , BB ROYAL Organic - Walnut Kernels/Akharot,bb Royal,1208907,https://www.bigbasket.com/pd/1208907/bb-royal-organic-walnut-kernelsakharot-2x200-g/,"bb Royal Organic - Walnut Kernels/Akharot, 2x200 g Multipack",898,Rs 798,11%,2x200 g,,https://www.bigbasket.com/media/uploads/p/mm/1208907_1-bb-royal-organic-walnut-kernelsakharot.jpg,"BB Royal Walnut Kernels not only add crunch and taste to a dish, but they are loaded with nutritional benefits too. The uneven texture of the kernels along with the light brown colour, make them delicacies on their own.",1208907,https://www.bigbasket.com/media/uploads/p/l/1208907_1-bb-royal-organic-walnut-kernelsakharot.jpg
465," FOODGRAINS, OIL & MASALA ", ORGANIC STAPLES , ORGANIC DRY FRUITS , BB ROYAL Organic Walnut Kernels/Akharot,bb Royal,40168548,https://www.bigbasket.com/pd/40168548/bb-royal-organic-walnut-kernelsakharot-200-g/,"bb Royal Organic Walnut Kernels/Akharot, 200 g",449,Rs 399,11%,200 g,veg,https://www.bigbasket.com/media/uploads/p/mm/40168548_7-bb-royal-organic-walnut-kernelsakharot.jpg,"BB Royal Walnut Kernels not only add crunch and taste to a dish, but they are loaded with nutritional benefits too. The uneven texture of the kernels along with the light brown colour, make them delicacies on their own. Benefits:  Walnuts are rich in dietary fibres and vitamins and contain minerals like iron, copper, potassium, and calcium. They boost your body's metabolism and relieve mild constipation too.  Walnuts are great for those suffering from liver ailments and are believed to improve brain health as well.",40168548,https://www.bigbasket.com/media/uploads/p/l/40168548_7-bb-royal-organic-walnut-kernelsakharot.jpg
466," FOODGRAINS, OIL & MASALA ", ORGANIC STAPLES , ORGANIC DRY FRUITS , BB ROYAL Organic Walnut Kernels/Akharot,bb Royal,40114175,https://www.bigbasket.com/pd/40114175/bb-royal-organic-walnut-kernelsakharot-100-g/,"bb Royal Organic Walnut Kernels/Akharot, 100 g",225,Rs 210,15,100 g,veg,https://www.bigbasket.com/media/uploads/p/mm/40114175_7-bb-royal-organic-walnut-kernelsakharot.jpg,"BB Royal Walnut Kernels not only add crunch and taste to a dish, but they are loaded with nutritional benefits too. The uneven texture of the kernels along with the light brown colour, make them delicacies on their own. Benefits:  Walnuts are rich in dietary fibres and vitamins and contain minerals like iron, copper, potassium, and calcium. They boost your body's metabolism and relieve mild constipation too.  Walnuts are great for those suffering from liver ailments and are believed to improve brain health as well.",40114175,https://www.bigbasket.com/media/uploads/p/l/40114175_7-bb-royal-organic-walnut-kernelsakharot.jpg
467," FOODGRAINS, OIL & MASALA "," ATTA, FLOURS & SOOJI ", ATTA WHOLE WHEAT , BB ROYAL 100% Mp Sharbati Atta - Fortified,bb Royal,40151625,https://www.bigbasket.com/pd/40151625/bb-royal-100-mp-sharbati-atta-fortified-1-kg/,"bb Royal 100% Mp Sharbati Atta - Fortified, 1 kg",60,Rs 53,12%,1 kg,veg,https://www.bigbasket.com/media/uploads/p/mm/40151625_7-bb-royal-100-mp-sharbati-atta-fortified.jpg,"The magical recipe for soft, fluffy & delicious roti is hidden in BB Royal Fortified Sharbati Atta. It is made from the Superior grade of Sharbati wheat grains sourced directly from the farmers of the Sehore district of Madhya Pradesh. These golden big ambers of grains are passed through multi-quality tests to ensure only clean grains go for further processing. Sharbati is the most premium quality of wheat available in India, also known as the golden grain, because of its colour. It is slightly sweeter than other wheat, hence called Sharbati. Best grown in drought conditions and harvested with rainwater, the rich potash content in black and alluvial fertile and the low humidity condition increases the protein value in wheat by 2%. This leads to less requirement of pesticides in crops and therefore, it becomes the premium quality of wheat. It is a complete package of nourishment for your entire family. It fulfills your daily required intake of essential vitamins and minerals, without you taking note of it. Micronutrients infused Fortified whole wheat flour contain Vitamin B12, Folic Acid and Iron that prevents malnourishment. Folic Acid is known for preventing deformities in children and promoting the growth and development of a healthy body. Fortification increases the nutrient value of flour and helps to cover up the micronutrient’s i.e. vitamin and mineral requirements for the larger section of the population. BB Royal Fortified Atta range has been created for public health with research & vision to reduce nutrition-related deficiency in India. To ensure you get 100% pure and nutritious atta we do not mix an ounce of Maida with our product. Whether your rotis are round or not, we promise your rotis will be highly nutritious and super soft. Serve your family the wholesome goodness with BB Royal Chakki Atta. We endeavour to give you the best quality flour and the best price to our farmers. With the elimination of Middlemen, BB Team has been ensuring for the last 3 years that our farmers/ fpos get a fair remunerative price for their produce than what farmers get in Mandis.",8.90426E+12,https://www.bigbasket.com/media/uploads/p/l/40151625_7-bb-royal-100-mp-sharbati-atta-fortified.jpg
468," FOODGRAINS, OIL & MASALA "," ATTA, FLOURS & SOOJI ", ATTA WHOLE WHEAT , BB ROYAL 100% Mp Sharbati Atta - Fortified,bb Royal,40151626,https://www.bigbasket.com/pd/40151626/bb-royal-100-mp-sharbati-atta-fortified-5-kg/,"bb Royal 100% Mp Sharbati Atta - Fortified, 5 kg",300,Rs 226,25%,5 kg,veg,https://www.bigbasket.com/media/uploads/p/mm/40151626_7-bb-royal-100-mp-sharbati-atta-fortified.jpg,"The magical recipe for soft, fluffy & delicious roti is hidden in BB Royal Fortified Sharbati Atta. It is made from the Superior grade of Sharbati wheat grains sourced directly from the farmers of the Sehore district of Madhya Pradesh. These golden big ambers of grains are passed through multi-quality tests to ensure only clean grains go for further processing. Sharbati is the most premium quality of wheat available in India, also known as the golden grain, because of its colour. It is slightly sweeter than other wheat, hence called Sharbati. Best grown in drought conditions and harvested with rainwater, the rich potash content in black and alluvial fertile and the low humidity condition increases the protein value in wheat by 2%. This leads to less requirement of pesticides in crops and therefore, it becomes the premium quality of wheat. It is a complete package of nourishment for your entire family. It fulfills your daily required intake of essential vitamins and minerals, without you taking note of it. Micronutrients infused Fortified whole wheat flour contain Vitamin B12, Folic Acid and Iron that prevents malnourishment. Folic Acid is known for preventing deformities in children and promoting the growth and development of a healthy body. Fortification increases the nutrient value of flour and helps to cover up the micronutrient’s i.e. vitamin and mineral requirements for the larger section of the population. BB Royal Fortified Atta range has been created for public health with research & vision to reduce nutrition-related deficiency in India. To ensure you get 100% pure and nutritious atta we do not mix an ounce of Maida with our product. Whether your rotis are round or not, we promise your rotis will be highly nutritious and super soft. Serve your family the wholesome goodness with BB Royal Chakki Atta. We endeavour to give you the best quality flour and the best price to our farmers. With the elimination of Middlemen, BB Team has been ensuring for the last 3 years that our farmers/ fpos get a fair remunerative price for their produce than what farmers get in Mandis.",8.90426E+12,https://www.bigbasket.com/media/uploads/p/l/40151626_7-bb-royal-100-mp-sharbati-atta-fortified.jpg
469," FOODGRAINS, OIL & MASALA "," ATTA, FLOURS & SOOJI ", ATTA WHOLE WHEAT , BB ROYAL 100% MP Sharbati Atta,bb Royal,1205603,https://www.bigbasket.com/pd/1205603/bb-royal-100-mp-sharbati-atta-2x5-kg/,"bb Royal 100% MP Sharbati Atta, 2x5 kg Multipack",600,Rs 422,30%,2x5 kg,,https://www.bigbasket.com/media/uploads/p/mm/1205603_4-bb-royal-100-mp-sharbati-atta.jpg,"The magical recipe for soft, fluffy & delicious roti is hidden in BB Royal Fortified Sharbati Atta. It is made from the Superior grade of Sharbati wheat grains sourced directly from the farmers of the Sehore district of Madhya Pradesh. These golden big ambers of grains are passed through multi-quality tests to ensure only clean grains go for further processing. Sharbati is the most premium quality of wheat available in India, also known as the golden grain, because of its colour. It is slightly sweeter than other wheat, hence called Sharbati. Best grown in drought conditions and harvested with rainwater, the rich potash content in black and alluvial fertile and the low humidity condition increases the protein value in wheat by 2%. This leads to less requirement of pesticides in crops and therefore, it becomes the premium quality of wheat. It is a complete package of nourishment for your entire family. It fulfills your daily required intake of essential vitamins and minerals, without you taking note of it. Micronutrients infused Fortified whole wheat flour contain Vitamin B12, Folic Acid and Iron that prevents malnourishment. Folic Acid is known for preventing deformities in children and promoting the growth and development of a healthy body. Fortification increases the nutrient value of flour and helps to cover up the micronutrient’s i.e. vitamin and mineral requirements for the larger section of the population. BB Royal Fortified Atta range has been created for public health with research & vision to reduce nutrition-related deficiency in India. To ensure you get 100% pure and nutritious atta we do not mix an ounce of Maida with our product. Whether your rotis are round or not, we promise your rotis will be highly nutritious and super soft. Serve your family the wholesome goodness with BB Royal Chakki Atta. We endeavour to give you the best quality flour and the best price to our farmers. With the elimination of Middlemen, BB Team has been ensuring for the last 3 years that our farmers/ fpos get a fair remunerative price for their produce than what farmers get in Mandis.",1205603,https://www.bigbasket.com/media/uploads/p/l/1205603_4-bb-royal-100-mp-sharbati-atta.jpg
470," FOODGRAINS, OIL & MASALA "," ATTA, FLOURS & SOOJI ", ATTA WHOLE WHEAT , BB ROYAL Mp Sharbati Atta - Fortified,bb Royal,40189428,https://www.bigbasket.com/pd/40189428/bb-royal-mp-sharbati-atta-fortified-500-g-pouch/,"bb Royal Mp Sharbati Atta - Fortified, 500 g Pouch",30,,,500 g,veg,https://www.bigbasket.com/media/uploads/p/mm/40189428_2-bb-royal-mp-sharbati-atta-fortified.jpg,"The magical recipe for soft, fluffy & delicious roti is hidden in BB Royal Fortified Sharbati Atta. It is made from the Superior grade of Sharbati wheat grains sourced directly from the farmers of the Sehore district of Madhya Pradesh. These golden big ambers of grains are passed through multi-quality tests to ensure only clean grains go for further processing. Sharbati is the most premium quality of wheat available in India, also known as the golden grain, because of its colour. It is slightly sweeter than other wheat, hence called Sharbati. Best grown in drought conditions and harvested with rainwater, the rich potash content in black and alluvial fertile and the low humidity condition increases the protein value in wheat by 2%. This leads to less requirement of pesticides in crops and therefore, it becomes the premium quality of wheat. It is a complete package of nourishment for your entire family. It fulfills your daily required intake of essential vitamins and minerals, without you taking note of it. Micronutrients infused Fortified whole wheat flour contain Vitamin B12, Folic Acid and Iron that prevents malnourishment. Folic Acid is known for preventing deformities in children and promoting the growth and development of a healthy body. Fortification increases the nutrient value of flour and helps to cover up the micronutrient’s i.e. vitamin and mineral requirements for the larger section of the population. BB Royal Fortified Atta range has been created for public health with research & vision to reduce nutrition-related deficiency in India. To ensure you get 100% pure and nutritious atta we do not mix an ounce of Maida with our product. Whether your rotis are round or not, we promise your rotis will be highly nutritious and super soft. Serve your family the wholesome goodness with BB Royal Chakki Atta. We endeavour to give you the best quality flour and the best price to our farmers. With the elimination of Middlemen, BB Team has been ensuring for the last 3 years that our farmers/ fpos get a fair remunerative price for their produce than what farmers get in Mandis.",8.90426E+12,https://www.bigbasket.com/media/uploads/p/l/40189428_2-bb-royal-mp-sharbati-atta-fortified.jpg
471," FOODGRAINS, OIL & MASALA "," ATTA, FLOURS & SOOJI ", ATTA WHOLE WHEAT , BB ROYAL 100% MP Sharbati Atta,bb Royal,1205602,https://www.bigbasket.com/pd/1205602/bb-royal-100-mp-sharbati-atta-2x1-kg/,"bb Royal 100% MP Sharbati Atta, 2x1 kg Multipack",120,Rs 102,15%,2x1 kg,,https://www.bigbasket.com/media/uploads/p/mm/1205602_4-bb-royal-100-mp-sharbati-atta.jpg,"The magical recipe for soft, fluffy & delicious roti is hidden in BB Royal Fortified Sharbati Atta. It is made from the Superior grade of Sharbati wheat grains sourced directly from the farmers of the Sehore district of Madhya Pradesh. These golden big ambers of grains are passed through multi-quality tests to ensure only clean grains go for further processing. Sharbati is the most premium quality of wheat available in India, also known as the golden grain, because of its colour. It is slightly sweeter than other wheat, hence called Sharbati. Best grown in drought conditions and harvested with rainwater, the rich potash content in black and alluvial fertile and the low humidity condition increases the protein value in wheat by 2%. This leads to less requirement of pesticides in crops and therefore, it becomes the premium quality of wheat. It is a complete package of nourishment for your entire family. It fulfills your daily required intake of essential vitamins and minerals, without you taking note of it. Micronutrients infused Fortified whole wheat flour contain Vitamin B12, Folic Acid and Iron that prevents malnourishment. Folic Acid is known for preventing deformities in children and promoting the growth and development of a healthy body. Fortification increases the nutrient value of flour and helps to cover up the micronutrient’s i.e. vitamin and mineral requirements for the larger section of the population. BB Royal Fortified Atta range has been created for public health with research & vision to reduce nutrition-related deficiency in India. To ensure you get 100% pure and nutritious atta we do not mix an ounce of Maida with our product. Whether your rotis are round or not, we promise your rotis will be highly nutritious and super soft. Serve your family the wholesome goodness with BB Royal Chakki Atta. We endeavour to give you the best quality flour and the best price to our farmers. With the elimination of Middlemen, BB Team has been ensuring for the last 3 years that our farmers/ fpos get a fair remunerative price for their produce than what farmers get in Mandis.",1205602,https://www.bigbasket.com/media/uploads/p/l/1205602_4-bb-royal-100-mp-sharbati-atta.jpg
513," FOODGRAINS, OIL & MASALA ", MASALAS & SPICES , COOKING PASTES , BB ROYAL Garlic Paste,bb Royal,40184642,https://www.bigbasket.com/pd/40184642/bb-royal-garlic-paste-100-g/,"bb Royal Garlic Paste, 100 g",30,Rs 18,40%,100 g,veg,https://www.bigbasket.com/media/uploads/p/mm/40184642_2-bb-royal-garlic-paste.jpg,"Add flavour to your food with BB Royal Garlic Paste. Its strong aroma will surely tantalize your taste buds. Made with premium ingredient, all the BB Royal products are quality checked by experts to give you the best culinary experience.",8.90426E+12,https://www.bigbasket.com/media/uploads/p/l/40184642_2-bb-royal-garlic-paste.jpg
531," FOODGRAINS, OIL & MASALA ", MASALAS & SPICES , POWDERED SPICES , BB ROYAL Meat/Mutton Masala,bb Royal,40188037,https://www.bigbasket.com/pd/40188037/bb-royal-meatmutton-masala-50-g/,"bb Royal Meat/Mutton Masala, 50 g",35,Rs 20,43%,50 g,veg,https://www.bigbasket.com/media/uploads/p/mm/40188037_1-bb-royal-meatmutton-masala.jpg,"Our range of fresh and aromatic whole spices are carefully handpicked by our experts. They are cleaned, powdered and packed at our hygienic facilities. Our mutton masala comes with a unique taste of ginger, dried mango, salt, chillies and other spices to make your mutton more delicious and aromatic. Enjoy nature's finest selection of powdered spices. ",8.90426E+12,https://www.bigbasket.com/media/uploads/p/l/40188037_1-bb-royal-meatmutton-masala.jpg
532," FOODGRAINS, OIL & MASALA ", MASALAS & SPICES , POWDERED SPICES , BB ROYAL Chicken Masala,bb Royal,40183513,https://www.bigbasket.com/pd/40183513/bb-royal-chicken-masala-50-g/,"bb Royal Chicken Masala, 50 g",35,Rs 20,43%,50 g,veg,https://www.bigbasket.com/media/uploads/p/mm/40183513_1-bb-royal-chicken-masala.jpg,"Our range of fresh and aromatic whole spices are carefully handpicked by our experts. They are cleaned, powdered and packed at our hygienic facility. Our chicken has the right blend of spices that make your chicken recipes more aromatic and flavoursome. Enjoy nature's finest selection of powdered spices.",8.90426E+12,https://www.bigbasket.com/media/uploads/p/l/40183513_1-bb-royal-chicken-masala.jpg
533," FOODGRAINS, OIL & MASALA ", RICE & RICE PRODUCTS , BASMATI RICE , BB ROYAL Basmati Rice White Sella,bb Royal,40056529,https://www.bigbasket.com/pd/40056529/bb-royal-basmati-rice-white-sella-1-kg/,"bb Royal Basmati Rice White Sella, 1 kg (Parboiled)",109,Rs 89,18%,1 kg,,https://www.bigbasket.com/media/uploads/p/mm/40056529_3-bb-royal-basmati-rice-white-sella.jpg,"Sella Basmati rice taste delicious and good for health. It can be used any type of celebration like marriage, birthday party, occasions etc. Basmati Rice is the variety that is full of aroma. The rice is grown in North India in special weather conditions and is different from other rice varieties. The rice grain is elongated twice of its length after cooking and spreads its sweet aroma. It is different from other varieties owing to its special growing conditions, water and soil. Click here for unique and delicious recipes - https://www.bigbasket.com/flavors/collections/233/rice-rice-products/",40056529,https://www.bigbasket.com/media/uploads/p/l/40056529_3-bb-royal-basmati-rice-white-sella.jpg
541," FOODGRAINS, OIL & MASALA ", MASALAS & SPICES , COOKING PASTES , BB ROYAL Ginger Paste,bb Royal,40184641,https://www.bigbasket.com/pd/40184641/bb-royal-ginger-paste-100-g/,"bb Royal Ginger Paste, 100 g",30,Rs 16,47%,100 g,veg,https://www.bigbasket.com/media/uploads/p/mm/40184641_3-bb-royal-ginger-paste.jpg,"Add flavour to your food with BB Royal Ginger Paste. Its strong aroma will surely tantalize your taste buds. Made with premium ingredient, all the BB Royal products are quality checked by experts to give you the best culinary experience.",8.90426E+12,https://www.bigbasket.com/media/uploads/p/l/40184641_3-bb-royal-ginger-paste.jpg
542," FOODGRAINS, OIL & MASALA ", MASALAS & SPICES , COOKING PASTES , BB ROYAL Ginger Garlic Paste,bb Royal,40184643,https://www.bigbasket.com/pd/40184643/bb-royal-ginger-garlic-paste-100-g/,"bb Royal Ginger Garlic Paste, 100 g",30,Rs 15,50%,100 g,veg,https://www.bigbasket.com/media/uploads/p/mm/40184643_3-bb-royal-ginger-garlic-paste.jpg,"Add flavour to your food with BB Royal Ginger Garlic Paste. Its strong aroma will surely tantalize your taste buds. Made with premium ingredients, all the BB Royal products are quality checked by experts to give you the best culinary experience.",8.90426E+12,https://www.bigbasket.com/media/uploads/p/l/40184643_3-bb-royal-ginger-garlic-paste.jpg
547," FOODGRAINS, OIL & MASALA ", MASALAS & SPICES , WHOLE SPICES , BB ROYAL Saffron/Kesar,bb Royal,40196671,https://www.bigbasket.com/pd/40196671/bb-royal-saffronkesar-1-g/,"bb Royal Saffron/Kesar, 1 g",350,Rs 170,51%,1 g,veg,https://www.bigbasket.com/media/uploads/p/mm/40196671_1-bb-royal-saffronkesar.jpg,"Add a tinge of BB Royal Saffron to your favourite food to enhance the aroma, colour and taste which will make your senses and taste buds just feel amazing. Add it to tea, curry's, desserts and feel the difference. Saffron is a powerhouse of nutrition and taste. ",8.90426E+12,https://www.bigbasket.com/media/uploads/p/l/40196671_1-bb-royal-saffronkesar.jpg
548," FOODGRAINS, OIL & MASALA "," SALT, SUGAR & JAGGERY ", SALTS , BB ROYAL Natural Rocksalt Powder,bb Royal,40203890,https://www.bigbasket.com/pd/40203890/bb-royal-natural-rocksalt-powder-1-kg/,"bb Royal Natural Rocksalt Powder, 1 kg",99,,,1 kg,veg,https://www.bigbasket.com/media/uploads/p/mm/40203890_1-bb-royal-natural-rocksalt-powder.jpg,"Rock salt / saindhava lavana or rock salt is considered best among all salts. It improves digestion, boosts metabolism and stabilizes blood pressure. Can be used with different types of salads, food and drinks like skimmed milk, chach and raita. BB Royal is our premium range of staples, spices, flour, rice, millets, pulses and more. We bring to you the finest quality sourced from the best farm with competitive prices.   ",40203890,https://www.bigbasket.com/media/uploads/p/l/40203890_1-bb-royal-natural-rocksalt-powder.jpg
549," FOODGRAINS, OIL & MASALA ", ORGANIC STAPLES , ORGANIC MASALAS & SPICES , BB ROYAL Organic - Ajwain,bb Royal,40203926,https://www.bigbasket.com/pd/40203926/bb-royal-organic-ajwain-500-g/,"bb Royal Organic - Ajwain, 500 g",195,,,500 g,veg,https://www.bigbasket.com/media/uploads/p/mm/40203926_1-bb-royal-organic-ajwain.jpg,"Ajwain is one of the main herbs for Indian kitchen to make the Indian cuisine delicious. Ajwain seeds are small in size but flavor hot, penchant and pungent. The high concentration of necessary oils in ajwain seeds, primarily thymol, provides them a smell and flavor resembling thyme, with a stronger bite. It acts as superior appetizer, laxative and stomachic. It is used as successful remedy in managing ailments like vomiting, pile, mouth diseases, cure of ascites, abdominal pain, abdominal tumor etc. It is free from synthetic chemicals and pesticides. BB Royal is a premium brand of organic staples by Big Basket. The entire range of products is sourced from the best of farms and products to ensure high-quality standards. All BB Royal products are cleaned and packed in hygienic facilities in high-quality food-grade packaging. There is a no questions asked return policy on all BB Royal products in a bid to provide you nothing but the best!",40203926,https://www.bigbasket.com/media/uploads/p/l/40203926_1-bb-royal-organic-ajwain.jpg
550," FOODGRAINS, OIL & MASALA ", ORGANIC STAPLES , ORGANIC DRY FRUITS , BB ROYAL Organic - Almonds,bb Royal,40203905,https://www.bigbasket.com/pd/40203905/bb-royal-organic-almonds-2-kg/,"bb Royal Organic - Almonds, 2 kg",2499,,,2 kg,veg,https://www.bigbasket.com/media/uploads/p/mm/40203905_1-bb-royal-organic-almonds.jpg,"BB Royal Organic Almonds are of Indian Origin almonds and it’s sourced from the certified organic farms. Naturally, Indian origin almonds vary in size, grade, texture, colour and taste when compared to imported almonds. Almonds are Vitamin E rich antioxidant, great for building health and immunity. BB Royal is a premium brand of organic staples by Big Basket. The entire range of products is sourced from the best of farms and products to ensure high-quality standards. All BB Royal products are cleaned and packed in hygienic facilities in high-quality food-grade packaging. There is a no questions asked return policy on all BB Royal products in a bid to provide you nothing but the best!",40203905,https://www.bigbasket.com/media/uploads/p/l/40203905_1-bb-royal-organic-almonds.jpg
551," FOODGRAINS, OIL & MASALA ", ORGANIC STAPLES , ORGANIC MASALAS & SPICES , BB ROYAL Organic - Amchur / Amchoor powder,bb Royal,40203912,https://www.bigbasket.com/pd/40203912/bb-royal-organic-amchur-amchoor-powder-200-g/,"bb Royal Organic - Amchur / Amchoor powder, 200 g",95,,,200 g,veg,https://www.bigbasket.com/media/uploads/p/mm/40203912_1-bb-royal-organic-amchur-amchoor-powder.jpg,"BB Royal Organic has been in the taste-making business for generations now. It brings together traditional and authentic Indian spices and packages them in powdered form or as spice mixes to ensure that your kitchen always has a delicious scent of home-cooked food wafting out of it. The Amchoor Powder by BB Royal Organic is one of its high-quality products. Amchoor powder can be put to many uses. It can be used in the filling of various traditional Indian snacks and savouries. It can also be added to curries to give a tangy flavour. Also, it is used liberally in Indian street food. BB Royal is a premium brand of organic staples by Big Basket. The entire range of products is sourced from the best of farms and products to ensure high-quality standards. All BB Royal products are cleaned and packed in hygienic facilities in high-quality food-grade packaging. There is a no questions asked return policy on all BB Royal products in a bid to provide you nothing but the best!",40203912,https://www.bigbasket.com/media/uploads/p/l/40203912_1-bb-royal-organic-amchur-amchoor-powder.jpg
552," FOODGRAINS, OIL & MASALA ", ORGANIC STAPLES , ORGANIC MASALAS & SPICES , BB ROYAL Amla Powder,bb Royal,40203913,https://www.bigbasket.com/pd/40203913/bb-royal-amla-powder-200-g/,"bb Royal Amla Powder, 200 g",95,,,200 g,veg,https://www.bigbasket.com/media/uploads/p/mm/40203913_1-bb-royal-amla-powder.jpg,"Amla(Indian Gooseberry) is considered to one of the strongest rejuvenation & anti-oxidant herbs. It is a rich herbal source of Vitamin V & Iron. It helps in increasing red blood cells & rebuilding as well as maintaining new tissues. It supports healthy eyesight, helps in relieving inflammation of the stomach and colon, cleanses the intestine. BB Royal is a premium brand of organic staples by Big Basket. The entire range of products is sourced from the best of farms and products to ensure high-quality standards. All BB Royal products are cleaned and packed in hygienic facilities in high-quality food-grade packaging. There is a no questions asked return policy on all BB Royal products in a bid to provide you nothing but the best!",40203913,https://www.bigbasket.com/media/uploads/p/l/40203913_1-bb-royal-amla-powder.jpg
553," FOODGRAINS, OIL & MASALA ", ORGANIC STAPLES , ORGANIC FLOURS , BB ROYAL Organic - Bajra Atta,bb Royal,40203904,https://www.bigbasket.com/pd/40203904/bb-royal-organic-bajra-atta-1-kg/,"bb Royal Organic - Bajra Atta, 1 kg",89,,,1 kg,veg,https://www.bigbasket.com/media/uploads/p/mm/40203904_1-bb-royal-organic-bajra-atta.jpg,Bajra flour or millet flour is made from a small round grain resembling mustard seed. It has a slightly nutty flavour. The millet is small-seeded species of cereal crops. BB Royal is a premium brand of organic staples by Big Basket. The entire range of products is sourced from the best of farms and products to ensure high-quality standards. All BB Royal products are cleaned and packed in hygienic facilities in high-quality food-grade packaging. There is a no questions asked return policy on all BB Royal products in a bid to provide you nothing but the best!,40203904,https://www.bigbasket.com/media/uploads/p/l/40203904_1-bb-royal-organic-bajra-atta.jpg
554," FOODGRAINS, OIL & MASALA ", ORGANIC STAPLES ," ORGANIC RICE, OTHER RICE ", BB ROYAL Organic - Bajra Wild / Pearl Millet,bb Royal,40203906,https://www.bigbasket.com/pd/40203906/bb-royal-organic-bajra-wild-pearl-millet-2-kg/,"bb Royal Organic - Bajra Wild / Pearl Millet, 2 kg",149,,,2 kg,veg,https://www.bigbasket.com/media/uploads/p/mm/40203906_1-bb-royal-organic-bajra-wild-pearl-millet.jpg,"Pearl millet is the most widely grown type of millet and India is the largest producer of pearl millet. Pearl millet is a rich source of phosphorus, which plays an important part in the structure of body cells. Consumption of pearl millets helps in minimizing the risk of type 2 diabetes. Being a good source of magnesium, millets act as a cofactor in a number of enzymatic reactions. BB Royal is a premium brand of organic staples by Big Basket. The entire range of products is sourced from the best of farms and products to ensure high-quality standards. All BB Royal products are cleaned and packed in hygienic facilities in high-quality food-grade packaging. There is a no questions asked return policy on all BB Royal products in a bid to provide you nothing but the best!",40203906,https://www.bigbasket.com/media/uploads/p/l/40203906_1-bb-royal-organic-bajra-wild-pearl-millet.jpg
555," FOODGRAINS, OIL & MASALA ", ORGANIC STAPLES , ORGANIC MASALAS & SPICES , BB ROYAL Organic - Cinnamon,bb Royal,40203916,https://www.bigbasket.com/pd/40203916/bb-royal-organic-cinnamon-200-g/,"bb Royal Organic - Cinnamon, 200 g",239,,,200 g,veg,https://www.bigbasket.com/media/uploads/p/mm/40203916_1-bb-royal-organic-cinnamon.jpg,"The cinnamons have a sweet and penetrating flavor. Usually, cinnamon is used as a table flavor and mixed with chilies, turmeric, cloves and other spices in the preparation of curry powder these are purely cultivated and come filled with freshness, fitness and a delicious aroma. It is free of synthetic chemicals and pesticides. BB Royal is a premium brand of organic staples by Big Basket. The entire range of products is sourced from the best of farms and products to ensure high-quality standards. All BB Royal products are cleaned and packed in hygienic facilities in high-quality food-grade packaging. There is a no questions asked return policy on all BB Royal products in a bid to provide you nothing but the best!",40203916,https://www.bigbasket.com/media/uploads/p/l/40203916_1-bb-royal-organic-cinnamon.jpg
556," FOODGRAINS, OIL & MASALA ", ORGANIC STAPLES , ORGANIC MASALAS & SPICES , BB ROYAL Organic - Cloves,bb Royal,40203901,https://www.bigbasket.com/pd/40203901/bb-royal-organic-cloves-100-g/,"bb Royal Organic - Cloves, 100 g",195,,,100 g,veg,https://www.bigbasket.com/media/uploads/p/mm/40203901_1-bb-royal-organic-cloves.jpg,"Cloves are the aromatic flower buds of a tree in the family Myrtaceae, Syzygium aromaticum. They are native to the Maluku Islands in Indonesia and are commonly used as a spice. Used to give aroma and flavour to dishes and also used to prepare ayurvedic medicines. BB Royal is a premium brand of organic staples by Big Basket. The entire range of products is sourced from the best of farms and products to ensure high-quality standards. All BB Royal products are cleaned and packed in hygienic facilities in high-quality food-grade packaging. There is a no questions asked return policy on all BB Royal products in a bid to provide you nothing but the best!",40203901,https://www.bigbasket.com/media/uploads/p/l/40203901_1-bb-royal-organic-cloves.jpg
557," FOODGRAINS, OIL & MASALA ", ORGANIC STAPLES , ORGANIC DRY FRUITS , BB ROYAL Organic - Flax Seeds,bb Royal,40203907,https://www.bigbasket.com/pd/40203907/bb-royal-organic-flax-seeds-2-kg/,"bb Royal Organic - Flax Seeds, 2 kg",330,,,2 kg,veg,https://www.bigbasket.com/media/uploads/p/mm/40203907_1-bb-royal-organic-flax-seeds.jpg,"Flaxseeds have a mild savour and are well-known for providing strong omega-3 fatty acids and fiber. They have a hard but soft and glossy outer shell. The colour of this seed ranges from deep amber to reddish-brown and has a simple flavour. This is cultivated without the use of pesticides, artificial fertilizers or chemicals. It is good for losing weight, reduce the risk of cancer, improves digestion, and balances the hormone.",40203907,https://www.bigbasket.com/media/uploads/p/l/40203907_1-bb-royal-organic-flax-seeds.jpg
558," FOODGRAINS, OIL & MASALA ", ORGANIC STAPLES , ORGANIC DALS & PULSES , BB ROYAL Organic - Horse Gram/Kulthi,bb Royal,40203892,https://www.bigbasket.com/pd/40203892/bb-royal-organic-horse-gramkulthi-1-kg/,"bb Royal Organic - Horse Gram/Kulthi, 1 kg",159,,,1 kg,veg,https://www.bigbasket.com/media/uploads/p/mm/40203892_1-bb-royal-organic-horse-gramkulthi.jpg,"Organic horse gram is a variety of beans generally used in many south Indian dishes. It is a reddish oval-shaped, brown coloured, flattened and glossy skinned lentil. The edible seeds are very nutritious and are used for multiple cooking purposes. BB Royal is our premium range of staples, spices, flour, rice, millets, pulses and more. We bring to you the finest quality sourced from the best farm with competitive prices.",40203892,https://www.bigbasket.com/media/uploads/p/l/40203892_1-bb-royal-organic-horse-gramkulthi.jpg
559," FOODGRAINS, OIL & MASALA ", ORGANIC STAPLES , ORGANIC MASALAS & SPICES , BB ROYAL Organic - Jeera,bb Royal,40203893,https://www.bigbasket.com/pd/40203893/bb-royal-organic-jeera-1-kg/,"bb Royal Organic - Jeera, 1 kg",350,,,1 kg,veg,https://www.bigbasket.com/media/uploads/p/mm/40203893_1-bb-royal-organic-jeera.jpg,"Jeera is a common ingredient in Indian kitchens. Apart from adding flavor to a dish, it has got health benefits too. It is a spice that provides a strong, unique, soothing aroma and adds flavor to various cuisines. Jeera seeds are rich in Vitamin C and have anti-fungal properties thus aids in curing a cold including other respiratory problems. It also helps in maintaining the kidney health and metabolism process. It maintains the health of the digestive tract and excretory system. This is cultivated without the use of pesticides, artificial fertilizers or chemicals.",40203893,https://www.bigbasket.com/media/uploads/p/l/40203893_1-bb-royal-organic-jeera.jpg
560," FOODGRAINS, OIL & MASALA ", ORGANIC STAPLES , ORGANIC FLOURS , BB ROYAL Organic - Jowar Flour,bb Royal,40203920,https://www.bigbasket.com/pd/40203920/bb-royal-organic-jowar-flour-2-kg/,"bb Royal Organic - Jowar Flour, 2 kg",179,,,2 kg,veg,https://www.bigbasket.com/media/uploads/p/mm/40203920_1-bb-royal-organic-jowar-flour.jpg,"Jowar flour is healthy atta that is gluten-free and contains a high protein content. It is also high in anti-oxidants and Vitamins E & B complex. Rotis made by jowar flour are soft, which in India is popularly known as jowar ki roti. This makes it suitable for a variety of dishes because like tofu, jowar absorbs flavours well. It is high in magnesium and calcium while being free from synthetic chemicals and pesticides. BB Royal is a premium brand of organic staples by Big Basket. The entire range of products is sourced from the best of farms and products to ensure high-quality standards. All BB Royal products are cleaned and packed in hygienic facilities in high-quality food-grade packaging. There is a no questions asked return policy on all BB Royal products in a bid to provide you nothing but the best!",40203920,https://www.bigbasket.com/media/uploads/p/l/40203920_1-bb-royal-organic-jowar-flour.jpg
561," FOODGRAINS, OIL & MASALA ", ORGANIC STAPLES , ORGANIC MASALAS & SPICES , BB ROYAL Organic - Kasoori Methi,bb Royal,40203917,https://www.bigbasket.com/pd/40203917/bb-royal-organic-kasoori-methi-200-g/,"bb Royal Organic - Kasoori Methi, 200 g",109,,,200 g,veg,https://www.bigbasket.com/media/uploads/p/mm/40203917_1-bb-royal-organic-kasoori-methi.jpg,"Kasuri Methi arranged from fenugreek herbs which are dehydrated in hot air in controlled conditions is a great flavour enhancer. It adds taste and feels to vegetables, pulses and lentils. It can be added to vegetables and dal to develop taste and flavour. It is a great blend of pure spices. BB Royal is a premium brand of organic staples by Big Basket. The entire range of products is sourced from the best of farms and products to ensure high-quality standards. All BB Royal products are cleaned and packed in hygienic facilities in high-quality food-grade packaging. There is a no questions asked return policy on all BB Royal products in a bid to provide you nothing but the best!",40203917,https://www.bigbasket.com/media/uploads/p/l/40203917_1-bb-royal-organic-kasoori-methi.jpg
562," FOODGRAINS, OIL & MASALA ", ORGANIC STAPLES , ORGANIC DALS & PULSES ," BB ROYAL Organic - Lobia, White",bb Royal,40203895,https://www.bigbasket.com/pd/40203895/bb-royal-organic-lobia-white-1-kg/,"bb Royal Organic - Lobia, White, 1 kg",169,,,1 kg,veg,https://www.bigbasket.com/media/uploads/p/mm/40203895_1-bb-royal-organic-lobia-white.jpg,"Lobia White is an extremely delicious, nutritious and protein-packed bean. These are high in fiber, soluble fiber, complex protein, iron, carbohydrates, and folate. They are well known for their consistency and their ability to absorb tastes. Rich in fiber, white lobia also contains necessary nutrients such as minerals and vitamins. BB Royal is a premium brand of organic staples by Big Basket. The entire range of products is sourced from the best of farms and products to ensure high-quality standards. All BB Royal products are cleaned and packed in hygienic facilities in high-quality food-grade packaging. There is a no questions asked return policy on all BB Royal products in a bid to provide you nothing but the best!",40203895,https://www.bigbasket.com/media/uploads/p/l/40203895_1-bb-royal-organic-lobia-white.jpg
563," FOODGRAINS, OIL & MASALA ", ORGANIC STAPLES , ORGANIC DALS & PULSES , BB ROYAL Organic - Moong Dal,bb Royal,40203924,https://www.bigbasket.com/pd/40203924/bb-royal-organic-moong-dal-5-kg/,"bb Royal Organic - Moong Dal, 5 kg",999,,,5 kg,veg,https://www.bigbasket.com/media/uploads/p/mm/40203924_1-bb-royal-organic-moong-dal.jpg,"Moong dal comes from Mung beans. The split moong dal is utilized in Indian curries. It is high in fiber and protein, other than low on fat. This is cultivated without the use of pesticides, artificial fertilizers or chemicals. BB Royal is a premium brand of organic staples by Big Basket. The entire range of products is sourced from the best of farms and products to ensure high-quality standards. All BB Royal products are cleaned and packed in hygienic facilities in high-quality food-grade packaging. There is a no questions asked return policy on all BB Royal products in a bid to provide you nothing but the best!",40203924,https://www.bigbasket.com/media/uploads/p/l/40203924_1-bb-royal-organic-moong-dal.jpg
564," FOODGRAINS, OIL & MASALA ", ORGANIC STAPLES , ORGANIC MASALAS & SPICES , BB ROYAL Organic - Mustard,bb Royal,40203897,https://www.bigbasket.com/pd/40203897/bb-royal-organic-mustard-1-kg/,"bb Royal Organic - Mustard, 1 kg",200,,,1 kg,veg,https://www.bigbasket.com/media/uploads/p/mm/40203897_1-bb-royal-organic-mustard.jpg,"Organic Mustard adds a different flavour to the food and it is a necessary part of Indian cooking. Moreover, the seeds have always been well-known for their medical properties. It is free of synthetic chemicals and pesticides. It contains magnesium, calcium, iron, zinc and protein. These amazing mustard seeds will prevent the risk of cancer, improves cardiovascular health, and cures ache. BB Royal is a premium brand of organic staples by Big Basket. The entire range of products is sourced from the best of farms and products to ensure high-quality standards. All BB Royal products are cleaned and packed in hygienic facilities in high-quality food-grade packaging. There is a no questions asked return policy on all BB Royal products in a bid to provide you nothing but the best!",40203897,https://www.bigbasket.com/media/uploads/p/l/40203897_1-bb-royal-organic-mustard.jpg
565," FOODGRAINS, OIL & MASALA ", ORGANIC STAPLES , ORGANIC MASALAS & SPICES , BB ROYAL Organic - Mustard Big,bb Royal,40203929,https://www.bigbasket.com/pd/40203929/bb-royal-organic-mustard-big-500-g/,"bb Royal Organic - Mustard Big, 500 g",119,,,500 g,veg,https://www.bigbasket.com/media/uploads/p/mm/40203929_1-bb-royal-organic-mustard-big.jpg,"Organic Mustard adds a different flavour to the food and it is a necessary part of the Indian cooking. Moreover, the seeds have always been well-known for their medical properties. It is free from synthetic chemicals and pesticides. It contains magnesium, calcium, iron, zinc and protein. This amazing mustard seeds will prevent the risk of cancer, improves cardiovascular health, and cures aches. Sesame seeds can help in getting healthy hair and shining skin. This ingredient can also help in preventing diabetes when coupled with tools like proper diet and exercise. These seeds can be roasted and sprinkled over a variety of dishes and salads.",40203929,https://www.bigbasket.com/media/uploads/p/l/40203929_1-bb-royal-organic-mustard-big.jpg
566," FOODGRAINS, OIL & MASALA ", ORGANIC STAPLES , ORGANIC MASALAS & SPICES , BB ROYAL Organic - Nutmeg/Jayaphal,bb Royal,40203931,https://www.bigbasket.com/pd/40203931/bb-royal-organic-nutmegjayaphal-50-g/,"bb Royal Organic - Nutmeg/Jayaphal, 50 g",95,,,50 g,veg,https://www.bigbasket.com/media/uploads/p/mm/40203931_1-bb-royal-organic-nutmegjayaphal.jpg,"Nutmeg has a hot, spicy fragrance and taste and can be used in sweet and savory cooking. The tough brown seed from the nutmeg tree has a hot, spicy sweet taste. Nutmeg has been used as a remedy for various ailments or to improve health in general. BB Royal is a premium brand of organic staples by Big Basket. The entire range of products is sourced from the best of farms and products to ensure high-quality standards. All BB Royal products are cleaned and packed in hygienic facilities in high-quality food-grade packaging. There is a no questions asked return policy on all BB Royal products in a bid to provide you nothing but the best!",40203931,https://www.bigbasket.com/media/uploads/p/l/40203931_1-bb-royal-organic-nutmegjayaphal.jpg
567," FOODGRAINS, OIL & MASALA ", ORGANIC STAPLES , ORGANIC MASALAS & SPICES , BB ROYAL Organic - Onion Powder  Dehydrated,bb Royal,40203902,https://www.bigbasket.com/pd/40203902/bb-royal-organic-onion-powder-dehydrated-100-g/,"bb Royal Organic - Onion Powder  Dehydrated, 100 g",55,,,100 g,veg,https://www.bigbasket.com/media/uploads/p/mm/40203902_1-bb-royal-organic-onion-powder-dehydrated.jpg,This dehydrated organic certified onion powder is pink coloured dry dust added in vegetable curries to include the natural flavour of onion into it. BB Royal is a premium brand of organic staples by Big Basket. The entire range of products is sourced from the best of farms and products to ensure high-quality standards. All BB Royal products are cleaned and packed in hygienic facilities in high-quality food-grade packaging. There is a no questions asked return policy on all BB Royal products in a bid to provide you nothing but the best!,40203902,https://www.bigbasket.com/media/uploads/p/l/40203902_1-bb-royal-organic-onion-powder-dehydrated.jpg
568," FOODGRAINS, OIL & MASALA ", ORGANIC STAPLES , ORGANIC MASALAS & SPICES , BB ROYAL Organic - Methi,bb Royal,40203896,https://www.bigbasket.com/pd/40203896/bb-royal-organic-methi-1-kg/,"bb Royal Organic - Methi, 1 kg",195,,,1 kg,veg,https://www.bigbasket.com/media/uploads/p/mm/40203896_1-bb-royal-organic-methi.jpg,"Fenugreek is primarily used as a culinary spice. It contains protein, vitamins, niacin and a compound very similar to estrogen, hence it is good to overcome very common symptoms of menopause. This is cultivated without the use of pesticides, artificial fertilizers or chemicals. BB Royal is a premium brand of organic staples by Big Basket. The entire range of products is sourced from the best of farms and products to ensure high-quality standards. All BB Royal products are cleaned and packed in hygienic facilities in high-quality food-grade packaging. There is a no questions asked return policy on all BB Royal products in a bid to provide you nothing but the best!",40203896,https://www.bigbasket.com/media/uploads/p/l/40203896_1-bb-royal-organic-methi.jpg
569," FOODGRAINS, OIL & MASALA ", ORGANIC STAPLES , ORGANIC FLOURS , BB ROYAL Organic - Rice Rawa,bb Royal,40203898,https://www.bigbasket.com/pd/40203898/bb-royal-organic-rice-rawa-1-kg/,"bb Royal Organic - Rice Rawa, 1 kg",89,,,1 kg,veg,https://www.bigbasket.com/media/uploads/p/mm/40203898_1-bb-royal-organic-rice-rawa.jpg,"Rice rava or Semolina is a wholesome addition to your diet. The organic staple is rich in B vitamins such as thiamine and folate that primarily help in converting food to energy. It is a great source of iron and magnesium. These minerals aid the production of healthy red blood cells, are good for the heart and help control blood sugar levels. BB Royal’s Organic Rice Rava is a premium staple, packed with nutrients. You can use rice rava to make a variety of dishes (especially South Indian favourites) such as Upma, Pidi Kozhakattai, Payasam, Kanji etc.BB Royal is a premium brand of organic staples by Big Basket. The entire range of products is sourced from the best of farms and products to ensure high-quality standards. All BB Royal products are cleaned and packed in hygienic facilities in high-quality food-grade packaging. There is a no questions asked return policy on all BB Royal products in a bid to provide you nothing but the best!",40203898,https://www.bigbasket.com/media/uploads/p/l/40203898_1-bb-royal-organic-rice-rawa.jpg
570," FOODGRAINS, OIL & MASALA ", ORGANIC STAPLES , ORGANIC MASALAS & SPICES , BB ROYAL Organic - Cardamom Green,bb Royal,40203900,https://www.bigbasket.com/pd/40203900/bb-royal-organic-cardamom-green-100-g/,"bb Royal Organic - Cardamom Green, 100 g",599,,,100 g,veg,https://www.bigbasket.com/media/uploads/p/mm/40203900_1-bb-royal-organic-cardamom-green.jpg,"Cardamom is a spice made from plants in the genera Elettaria and Amomum in the family Zingiberaceae. It gives a great aroma and adds flavours to dishes. It is widely used in the preparation of multiple cuisines in India. They are recognized by their small seed pods, triangular in cross-section and spindle-shaped, with a thin, papery outer shell and small black seeds. It is free from synthetic chemicals and pesticides.  BB Royal is a premium brand of organic staples by Big Basket. The entire range of products is sourced from the best of farms and products to ensure high-quality standards. All BB Royal products are cleaned and packed in hygienic facilities in high-quality food-grade packaging. There is a no questions asked return policy on all BB Royal products in a bid to provide you nothing but the best!",40203900,https://www.bigbasket.com/media/uploads/p/l/40203900_1-bb-royal-organic-cardamom-green.jpg
571," FOODGRAINS, OIL & MASALA ", ORGANIC STAPLES , ORGANIC MASALAS & SPICES , BB ROYAL Organic - Chia seeds,bb Royal,40203891,https://www.bigbasket.com/pd/40203891/bb-royal-organic-chia-seeds-1-kg/,"bb Royal Organic - Chia seeds, 1 kg",475,,,1 kg,veg,https://www.bigbasket.com/media/uploads/p/mm/40203891_1-bb-royal-organic-chia-seeds.jpg,"Raw chia seeds are naturally gluten-free and are whole vegetarian food. It is naturally rich in omega-3 and omega-6 essential fatty acids, dietary fiber, protein and other essential minerals. Just a spoonful of raw chia seeds a day is an easy and delicious way to support your digestive health and satiate your appetite. Homemade buffalo manure has been used as compost during the cultivation of these seeds. No pesticides or insecticides were used making it near organic. ",40203891,https://www.bigbasket.com/media/uploads/p/l/40203891_1-bb-royal-organic-chia-seeds.jpg
572," FOODGRAINS, OIL & MASALA ", ORGANIC STAPLES , ORGANIC MASALAS & SPICES , BB ROYAL Organic - Cinnamon powder,bb Royal,40203915,https://www.bigbasket.com/pd/40203915/bb-royal-organic-cinnamon-powder-200-g/,"bb Royal Organic - Cinnamon powder, 200 g",149,,,200 g,veg,https://www.bigbasket.com/media/uploads/p/mm/40203915_1-bb-royal-organic-cinnamon-powder.jpg,"Cinnamon Powder is a delicious ingredient for both sweet and savoury dishes. Cinnamon powder is added in all kinds of Indian recipes as it provides a distinctive smell and a flavour to the dishes. It is loaded with antioxidants and other goodness. It fights against fungal and bacterial infections. Also, it protects the body from cancer, maintains the blood sugar levels, and cuts the risk of heart disease. BB Royal is a premium brand of organic staples by Big Basket. The entire range of products is sourced from the best of farms and products to ensure high-quality standards. All BB Royal products are cleaned and packed in hygienic facilities in high-quality food-grade packaging. There is a no questions asked return policy on all BB Royal products in a bid to provide you nothing but the best!",40203915,https://www.bigbasket.com/media/uploads/p/l/40203915_1-bb-royal-organic-cinnamon-powder.jpg
573," FOODGRAINS, OIL & MASALA ", ORGANIC STAPLES , ORGANIC DRY FRUITS , BB ROYAL Organic - Pumpkin seeds,bb Royal,40203927,https://www.bigbasket.com/pd/40203927/bb-royal-organic-pumpkin-seeds-500-g/,"bb Royal Organic - Pumpkin seeds, 500 g",475,,,500 g,veg,https://www.bigbasket.com/media/uploads/p/mm/40203927_1-bb-royal-organic-pumpkin-seeds.jpg,"These pumpkin seeds are abundant in protein, essential minerals and antioxidants. They are spiced and seasoned to make for a healthy yet tasty mid-meal snack. They are a rich source of minerals like manganese, phosphorus, magnesium, copper, zinc and iron and contain Vitamin E, which help prevent cardiac arrests and strokes and build immunity. They are rich in Omega-3 fatty acids, protein and antioxidants which makes them great for heart and liver health. Great and practical to carry on-the-go. BB Royal is a premium brand of organic staples by Big Basket. The entire range of products is sourced from the best of farms and products to ensure high-quality standards. All BB Royal products are cleaned and packed in hygienic facilities in high-quality food-grade packaging. There is a no questions asked return policy on all BB Royal products in a bid to provide you nothing but the best!",40203927,https://www.bigbasket.com/media/uploads/p/l/40203927_1-bb-royal-organic-pumpkin-seeds.jpg
574," FOODGRAINS, OIL & MASALA ", ORGANIC STAPLES , ORGANIC FLOURS , BB ROYAL Organic - Ragi Flour,bb Royal,40203921,https://www.bigbasket.com/pd/40203921/bb-royal-organic-ragi-flour-2-kg/,"bb Royal Organic - Ragi Flour, 2 kg",159,,,2 kg,veg,https://www.bigbasket.com/media/uploads/p/mm/40203921_1-bb-royal-organic-ragi-flour.jpg,"Organic Ragi flour is fresh, untreated and healthy, making it a great ingredient for calorie conscious people as it is low on calories and high in nutrient content. It is a high-quality source of calcium and iron and is free from synthetic chemicals and pesticides. BB Royal is a premium brand of organic staples by Big Basket. The entire range of products is sourced from the best of farms and products to ensure high-quality standards. All BB Royal products are cleaned and packed in hygienic facilities in high-quality food-grade packaging. There is a no questions asked return policy on all BB Royal products in a bid to provide you nothing but the best!",40203921,https://www.bigbasket.com/media/uploads/p/l/40203921_1-bb-royal-organic-ragi-flour.jpg
575," FOODGRAINS, OIL & MASALA ", ORGANIC STAPLES ," ORGANIC RICE, OTHER RICE ", BB ROYAL Organic - Ragi Whole/Finger Millet,bb Royal,40203909,https://www.bigbasket.com/pd/40203909/bb-royal-organic-ragi-wholefinger-millet-2-kg/,"bb Royal Organic - Ragi Whole/Finger Millet, 2 kg",150,,,2 kg,veg,https://www.bigbasket.com/media/uploads/p/mm/40203909_1-bb-royal-organic-ragi-wholefinger-millet.jpg,"Millet or Ragi as commonly well-known is frequently used in the South kitchens. It is a rich source of minerals like iron, calcium and thiamine. It is one of the most excellent Health food for controlling diabetes and reducing weight and cooling the body. BB Royal is a premium brand of organic staples by Big Basket. The entire range of products is sourced from the best of farms and products to ensure high-quality standards. All BB Royal products are cleaned and packed in hygienic facilities in high-quality food-grade packaging. There is a no questions asked return policy on all BB Royal products in a bid to provide you nothing but the best!",40203909,https://www.bigbasket.com/media/uploads/p/l/40203909_1-bb-royal-organic-ragi-wholefinger-millet.jpg
576," FOODGRAINS, OIL & MASALA ", ORGANIC STAPLES ," ORGANIC RICE, OTHER RICE ", BB ROYAL Organic - Red Raw Rice,bb Royal,40203910,https://www.bigbasket.com/pd/40203910/bb-royal-organic-red-raw-rice-2-kg/,"bb Royal Organic - Red Raw Rice, 2 kg",180,,,2 kg,veg,https://www.bigbasket.com/media/uploads/p/mm/40203910_1-bb-royal-organic-red-raw-rice.jpg,"These medium-sized grains of red rice have antioxidants, fiber, protein and minerals. With its distinctive colour and complex nutty flavour, Red Rice is the perfect foundation for a healthy and colorful meal. It is free of synthetic chemicals and pesticides. BB Royal is a premium brand of organic staples by Big Basket. The entire range of products is sourced from the best of farms and products to ensure high-quality standards. All BB Royal products are cleaned and packed in hygienic facilities in high-quality food-grade packaging. There is a no questions asked return policy on all BB Royal products in a bid to provide you nothing but the best!",40203910,https://www.bigbasket.com/media/uploads/p/l/40203910_1-bb-royal-organic-red-raw-rice.jpg
577," FOODGRAINS, OIL & MASALA ", ORGANIC STAPLES , ORGANIC FLOURS , BB ROYAL Organic - Rice Flour,bb Royal,40203911,https://www.bigbasket.com/pd/40203911/bb-royal-organic-rice-flour-2-kg/,"bb Royal Organic - Rice Flour, 2 kg",190,,,2 kg,veg,https://www.bigbasket.com/media/uploads/p/mm/40203911_1-bb-royal-organic-rice-flour.jpg,"Rice flour is obtained from thinly ground rice. It is minced from raw white rice and is used in making various tasty dishes. Rice flour acts as a healthy thickening agent in few refrigerated recipes, it gives the dishes smooth consistency. Rice flour is gluten free and a fine substitute for wheat flour. It is used to make sweets and rice noodles and also has an extensive use in baby food products. It is free from synthetic chemicals and pesticides. BB Royal is a premium brand of organic staples by Big Basket. The entire range of products is sourced from the best of farms and products to ensure high-quality standards. All BB Royal products are cleaned and packed in hygienic facilities in high-quality food-grade packaging. There is a no questions asked return policy on all BB Royal products in a bid to provide you nothing but the best!",40203911,https://www.bigbasket.com/media/uploads/p/l/40203911_1-bb-royal-organic-rice-flour.jpg
578," FOODGRAINS, OIL & MASALA ", ORGANIC STAPLES , ORGANIC DRY FRUITS , BB ROYAL Organic - Sunflower seeds,bb Royal,40203930,https://www.bigbasket.com/pd/40203930/bb-royal-organic-sunflower-seeds-500-g/,"bb Royal Organic - Sunflower seeds, 500 g",299,,,500 g,veg,https://www.bigbasket.com/media/uploads/p/mm/40203930_1-bb-royal-organic-sunflower-seeds.jpg,"Sunflower seeds are high in energy and contain many essential nutrients They are an excellent source of vitamin E, magnesium and selenium. They are rich in mono-unsaturated fats and proteins and also contain phytosterols which help in lowering cholesterol in the body. BB Royal is a premium brand of organic staples by Big Basket. The entire range of products is sourced from the best of farms and products to ensure high-quality standards. All BB Royal products are cleaned and packed in hygienic facilities in high-quality food-grade packaging. There is a no questions asked return policy on all BB Royal products in a bid to provide you nothing but the best!",40203930,https://www.bigbasket.com/media/uploads/p/l/40203930_1-bb-royal-organic-sunflower-seeds.jpg
579," FOODGRAINS, OIL & MASALA ", ORGANIC STAPLES , ORGANIC MASALAS & SPICES , BB ROYAL Organic - Turmeric Powder,bb Royal,40203899,https://www.bigbasket.com/pd/40203899/bb-royal-organic-turmeric-powder-1-kg/,"bb Royal Organic - Turmeric Powder, 1 kg",260,,,1 kg,veg,https://www.bigbasket.com/media/uploads/p/mm/40203899_1-bb-royal-organic-turmeric-powder.jpg,"It is recommended to include turmeric powder in each and every preparation of yours, as it contains antiseptic properties. Utilize it for marination or add it to the meat and vegetables while cooking. This will prevent your food from germs keeping it healthy to consume for a longer time. BB Royal Organic Turmeric powder is prepared from organically grown turmeric. BB Royal is a premium brand of organic staples by Big Basket. The entire range of products is sourced from the best of farms and products to ensure high-quality standards. All BB Royal products are cleaned and packed in hygienic facilities in high-quality food-grade packaging. There is a no questions asked return policy on all BB Royal products in a bid to provide you nothing but the best!",40203899,https://www.bigbasket.com/media/uploads/p/l/40203899_1-bb-royal-organic-turmeric-powder.jpg
580," FOODGRAINS, OIL & MASALA ", ORGANIC STAPLES , ORGANIC DALS & PULSES , BB ROYAL Organic - Urad Dal Black (Split),bb Royal,40203922,https://www.bigbasket.com/pd/40203922/bb-royal-organic-urad-dal-black-split-2-kg/,"bb Royal Organic - Urad Dal Black (Split), 2 kg",379,,,2 kg,veg,https://www.bigbasket.com/media/uploads/p/mm/40203922_1-bb-royal-organic-urad-dal-black-split.jpg,"Urad Dal Whole is used for various purposes besides retaining the skins and also has a strong flavor. It provides nutrients, such as protein, fat, and carbohydrates, and is a rich source of proteins like iron, folic acid, calcium, magnesium, potassium, and B vitamins. This helps boost the energy levels in the body and keeps you active. It is a protein-rich dal for vegetarians and for strong bones and a healthy body, have urad dal. It is good for digestion and also prevents constipation. It also has various beauty benefits. It is free from synthetic chemicals and pesticides. BB Royal is a premium brand of organic staples by Big Basket. The entire range of products is sourced from the best of farms and products to ensure high-quality standards. All BB Royal products are cleaned and packed in hygienic facilities in high-quality food-grade packaging. There is a no questions asked return policy on all BB Royal products in a bid to provide you nothing but the best!",40203922,https://www.bigbasket.com/media/uploads/p/l/40203922_1-bb-royal-organic-urad-dal-black-split.jpg
581," FOODGRAINS, OIL & MASALA ", ORGANIC STAPLES , ORGANIC DALS & PULSES , BB ROYAL Organic - Urad Dal White (Split),bb Royal,40203923,https://www.bigbasket.com/pd/40203923/bb-royal-organic-urad-dal-white-split-2-kg/,"bb Royal Organic - Urad Dal White (Split), 2 kg",379,,,2 kg,veg,https://www.bigbasket.com/media/uploads/p/mm/40203923_1-bb-royal-organic-urad-dal-white-split.jpg,"Urad Dal Whole is used for various purposes besides retaining the skins and also has a strong flavor. It provides nutrients, such as protein, fat, and carbohydrates, and is a rich source of proteins like iron, folic acid, calcium, magnesium, potassium, and B vitamins. This helps boost the energy levels in the body and keeps you active. It is a protein-rich dal for vegetarians and for strong bones and a healthy body, have urad dal. It is good for digestion and also prevents constipation. It also has various beauty benefits. It is free from synthetic chemicals and pesticides. BB Royal is a premium brand of organic staples by Big Basket. The entire range of products is sourced from the best of farms and products to ensure high-quality standards. All BB Royal products are cleaned and packed in hygienic facilities in high-quality food-grade packaging. There is a no questions asked return policy on all BB Royal products in a bid to provide you nothing but the best!",40203923,https://www.bigbasket.com/media/uploads/p/l/40203923_1-bb-royal-organic-urad-dal-white-split.jpg
582," FOODGRAINS, OIL & MASALA ", ORGANIC STAPLES , ORGANIC DALS & PULSES , BB ROYAL Organic - Urad Whole (Gota),bb Royal,40203925,https://www.bigbasket.com/pd/40203925/bb-royal-organic-urad-whole-gota-5-kg/,"bb Royal Organic - Urad Whole (Gota), 5 kg",999,,,5 kg,veg,https://www.bigbasket.com/media/uploads/p/mm/40203925_1-bb-royal-organic-urad-whole-gota.jpg,"Urad Dal Whole is used for various purposes besides retaining the skins and also has a strong flavor. It provides nutrients, such as protein, fat, and carbohydrates, and is a rich source of proteins like iron, folic acid, calcium, magnesium, potassium, and B vitamins. This helps boost the energy levels in the body and keeps you active. It is a protein-rich dal for vegetarians and for strong bones and a healthy body, have urad dal. It is good for digestion and also prevents constipation. It also has various beauty benefits. It is free from synthetic chemicals and pesticides. BB Royal is a premium brand of organic staples by Big Basket. The entire range of products is sourced from the best of farms and products to ensure high-quality standards. All BB Royal products are cleaned and packed in hygienic facilities in high-quality food-grade packaging. There is a no questions asked return policy on all BB Royal products in a bid to provide you nothing but the best!",40203925,https://www.bigbasket.com/media/uploads/p/l/40203925_1-bb-royal-organic-urad-whole-gota.jpg
583," FOODGRAINS, OIL & MASALA ", ORGANIC STAPLES , ORGANIC MASALAS & SPICES , BB ROYAL Organic - White Till,bb Royal,40203928,https://www.bigbasket.com/pd/40203928/bb-royal-organic-white-till-500-g/,"bb Royal Organic - White Till, 500 g",189,,,500 g,veg,https://www.bigbasket.com/media/uploads/p/mm/40203928_1-bb-royal-organic-white-till.jpg,"Sesame or white til is an important ingredient in South Asian cooking. With BB Royal Organic, you can get yourself organic sesame for the fresh taste of nature. Sesame seeds can help in getting healthy hair and shining skin. This ingredient can also help in preventing diabetes when coupled with tools like proper diet and exercise. These seeds can be roasted and sprinkled over a variety of dishes and salads. BB Royal Organic is behind various products that are completely natural and organic. BB Royal is a premium brand of organic staples by Big Basket. The entire range of products is sourced from the best of farms and products to ensure high-quality standards. There is a no questions asked return policy on all BB Royal products in a bid to provide you nothing but the best!",40203928,https://www.bigbasket.com/media/uploads/p/l/40203928_1-bb-royal-organic-white-till.jpg
584," FOODGRAINS, OIL & MASALA ", MASALAS & SPICES , POWDERED SPICES , BB ROYAL Pani Puri Masala,bb Royal,40188041,https://www.bigbasket.com/pd/40188041/bb-royal-pani-puri-masala-50-g/,"bb Royal Pani Puri Masala, 50 g",30,Rs 20,33%,50 g,veg,https://www.bigbasket.com/media/uploads/p/mm/40188041_1-bb-royal-pani-puri-masala.jpg,"Our range of fresh and aromatic whole spices are carefully handpicked by our experts. They are cleaned, powdered and packed at our hygienic facilities. Our pain puri masala adds a mouthful of spice sour taste to your delectable snack. Enjoy nature's finest selection of powdered spices. ",8.90426E+12,https://www.bigbasket.com/media/uploads/p/l/40188041_1-bb-royal-pani-puri-masala.jpg
585," FOODGRAINS, OIL & MASALA ", MASALAS & SPICES , POWDERED SPICES , BB ROYAL Kitchen King Masala,bb Royal,40183512,https://www.bigbasket.com/pd/40183512/bb-royal-kitchen-king-masala-50-g/,"bb Royal Kitchen King Masala, 50 g",35,Rs 20,43%,50 g,veg,https://www.bigbasket.com/media/uploads/p/mm/40183512_1-bb-royal-kitchen-king-masala.jpg,"Our range of fresh and aromatic whole spices are carefully handpicked by our experts. They are cleaned, powdered and packed at our hygienic facility. Our kitchen King Masala with its turmeric and coriander base adds a rich golden hue texture to your gravies making much more delicious and appetizing. Enjoy nature's finest selection of powdered spices.",8.90426E+12,https://www.bigbasket.com/media/uploads/p/l/40183512_1-bb-royal-kitchen-king-masala.jpg
586," FOODGRAINS, OIL & MASALA ", MASALAS & SPICES , POWDERED SPICES , BB ROYAL Pav Bhaji Masala,bb Royal,40183514,https://www.bigbasket.com/pd/40183514/bb-royal-pav-bhaji-masala-50-g/,"bb Royal Pav Bhaji Masala, 50 g",35,Rs 20,43%,50 g,veg,https://www.bigbasket.com/media/uploads/p/mm/40183514_1-bb-royal-pav-bhaji-masala.jpg,"Our range of fresh and aromatic whole spices are carefully handpicked by our experts. They are cleaned, powdered and packed at our hygienic facility. With the right mix of selected spices, our pav bhaji masala adds the unique Mumbai flavour to your pav bhaji at your home. Enjoy nature's finest selection of powdered spices.",8.90426E+12,https://www.bigbasket.com/media/uploads/p/l/40183514_1-bb-royal-pav-bhaji-masala.jpg
588," FOODGRAINS, OIL & MASALA ", RICE & RICE PRODUCTS , RAW RICE , BB ROYAL Black Rice/Kavuni Arisi/Chak Hao,bb Royal,40198289,https://www.bigbasket.com/pd/40198289/bb-royal-black-ricekavuni-arisichak-hao-500-g/,"bb Royal Black Rice/Kavuni Arisi/Chak Hao, 500 g",150,Rs 120,20%,500 g,veg,https://www.bigbasket.com/media/uploads/p/mm/40198289_1-bb-royal-black-ricekavuni-arisichak-hao.jpg,"The Black Rice or Kavuni Arisi was grown in northeastern and southern parts of India for centuries. It was called Chak Hao in the north and Kavuni in the south, the nutritional value of Kavuni Rice is amazing. It is considered a miracle rice variety for its nutritional benefits.Kevin Rice is very rich in fibre. Kavuni rice also has 18 amino acids present in it. The presence of zinc increases immunity, and iron helps carry oxygen in the body. Kavuni Rice also has good amounts of copper, carotene, and other important vitamins.",__ EAN__,https://www.bigbasket.com/media/uploads/p/l/40198289_1-bb-royal-black-ricekavuni-arisichak-hao.jpg
595," FOODGRAINS, OIL & MASALA ", MASALAS & SPICES , POWDERED SPICES , BB ROYAL Biriyani masala,bb Royal,40188039,https://www.bigbasket.com/pd/40188039/bb-royal-biriyani-masala-50-g/,"bb Royal Biriyani masala, 50 g",70,Rs 45,36%,50 g,veg,https://www.bigbasket.com/media/uploads/p/mm/40188039_1-bb-royal-biriyani-masala.jpg,"Our range of fresh and aromatic whole spices are carefully handpicked by our experts. They are cleaned, powdered and packed at our hygienic facilities. Relish the taste of lip-smacking biriyani as our biriyani masala comes with a fine blend of aromatic spices including powdered bay leaf. Enjoy nature's finest selection of powdered spices. ",8.90426E+12,https://www.bigbasket.com/media/uploads/p/l/40188039_1-bb-royal-biriyani-masala.jpg
596," FOODGRAINS, OIL & MASALA ", DALS & PULSES , URAD & OTHER DALS , BB ROYAL Lobia White/Karamani Payir/Thatta Payir,bb Royal,20000440,https://www.bigbasket.com/pd/20000440/bb-royal-lobia-white-200-g-pouch/,"bb Royal Lobia White/Karamani Payir/Thatta Payir, 200 g Pouch",35,Rs 25,29%,200 g,veg,https://www.bigbasket.com/media/uploads/p/mm/20000440_8-bb-royal-lobia-white.jpg,,20000440,https://www.bigbasket.com/media/uploads/p/l/20000440_8-bb-royal-lobia-white.jpg
597," FOODGRAINS, OIL & MASALA ", DALS & PULSES , URAD & OTHER DALS , BB ROYAL Lobia - White,bb Royal,70001284,https://www.bigbasket.com/pd/70001284/bb-royal-lobia-white-1-kg-pouch/,"bb Royal Lobia - White, 1 kg Pouch",160,Rs 114,29%,1 kg,veg,https://www.bigbasket.com/media/uploads/p/mm/70001284_6-bb-royal-lobia-white.jpg,"Lobia White is an extremely delicious, nutritious and protein packed dish. These are high in fiber, soluble fiber, complex protein, iron, carbohydrates, and folate. They are well known for their consistency and their ability to absorb tastes. Rich in fiber, white lobia also contain necessary nutrients such as minerals and vitamins. Click here for unique and delicious recipes - https://www.bigbasket.com/flavors/collections/230/dals-pulses/",70001284,https://www.bigbasket.com/media/uploads/p/l/70001284_6-bb-royal-lobia-white.jpg
598," FOODGRAINS, OIL & MASALA ", DALS & PULSES , URAD & OTHER DALS , BB ROYAL Lobia White/Karamani Payir/Thatta Payir,bb Royal,10000470,https://www.bigbasket.com/pd/10000470/bb-royal-lobia-white-500-g-pouch/,"bb Royal Lobia White/Karamani Payir/Thatta Payir, 500 g Pouch",80,Rs 60,25%,500 g,veg,https://www.bigbasket.com/media/uploads/p/mm/10000470_12-bb-royal-lobia-white.jpg,"Lobia White is an extremely delicious, nutritious and protein packed dish. These are high in fiber, soluble fiber, complex protein, iron, carbohydrates, and folate. They are well known for their consistency and their ability to absorb tastes. Rich in fiber, white lobia also contain necessary nutrients such as minerals and vitamins. Click here for unique and delicious recipes - https://www.bigbasket.com/flavors/collections/230/dals-pulses/",1000047099,https://www.bigbasket.com/media/uploads/p/l/10000470_12-bb-royal-lobia-white.jpg
599," FOODGRAINS, OIL & MASALA ", DALS & PULSES , CEREALS & MILLETS , BB ROYAL Popcorn - Seeds,bb Royal,40053938,https://www.bigbasket.com/pd/40053938/bb-royal-popcorn-seeds-500-g/,"bb Royal Popcorn - Seeds, 500 g",75,Rs 74,1%,500 g,veg,https://www.bigbasket.com/media/uploads/p/mm/40053938_6-bb-royal-popcorn-seeds.jpg,"Popcorn is one of the healthiest foods everyone can eat. Popcorn has fiber and is the only snack. It has large amount of calories, minerals, protein and vitamin and all-around food. Popcorn is a large snack option if you have high blood pressure or are trying to lose weight Click here for unique and delicious recipes - https://www.bigbasket.com/flavors/collections/231/dry-fruits-berries-nuts/",40053938,https://www.bigbasket.com/media/uploads/p/l/40053938_6-bb-royal-popcorn-seeds.jpg
600," FOODGRAINS, OIL & MASALA ", DALS & PULSES , CEREALS & MILLETS , BB ROYAL Popcorn Seeds/Makkaccola Vitaika?,bb Royal,20000566,https://www.bigbasket.com/pd/20000566/bb-royal-popcorn-seeds-200-g-pouch/,"bb Royal Popcorn Seeds/Makkaccola Vitaika?, 200 g Pouch",35,Rs 31,11%,200 g,veg,https://www.bigbasket.com/media/uploads/p/mm/20000566_9-bb-royal-popcorn-seeds.jpg,"Popcorn is a healthy and popular snack. Although there are a number of flavors available, the original popcorn kernels are the best for your health. The best thing about this snack is that it is absolutely oil-free and are easy to make Click here for unique and delicious recipes - https://www.bigbasket.com/flavors/collections/231/dry-fruits-berries-nuts/",20000566,https://www.bigbasket.com/media/uploads/p/l/20000566_9-bb-royal-popcorn-seeds.jpg
601," FOODGRAINS, OIL & MASALA ", ORGANIC STAPLES , ORGANIC MASALAS & SPICES , BB ROYAL Organic - Cumin/Jeera,bb Royal,40112912,https://www.bigbasket.com/pd/40112912/bb-royal-organic-cuminjeera-500-g/,"bb Royal Organic - Cumin/Jeera, 500 g",179,Rs 155,13%,500 g,veg,https://www.bigbasket.com/media/uploads/p/mm/40112912_10-bb-royal-organic-cuminjeera.jpg,"Jeera is a common ingredient in Indian kitchens. Apart from adding flavor to a dish, it has got health benefits too. It is a spice which provides a strong, unique and soothing aroma. It is used to provide flavor to various cuisines.Jeera seeds are rich in the Vitamin C and have anti fungal properties thus aids in curing the cold including other respiratory problems. It also helps in maintaining the kidney health and metabolism process. It maintains the health of the digestive tract and excretory system.This is cultivated without the use of pesticides ,artificial fertilizers or chemicals",40112912,https://www.bigbasket.com/media/uploads/p/l/40112912_10-bb-royal-organic-cuminjeera.jpg
602," FOODGRAINS, OIL & MASALA ", ORGANIC STAPLES , ORGANIC MASALAS & SPICES , BB ROYAL Organic - Jeera / Jeeragam,bb Royal,40072474,https://www.bigbasket.com/pd/40072474/bb-royal-organic-cuminjeera-100-g/,"bb Royal Organic - Jeera / Jeeragam, 100 g",51,Rs 37,27%,100 g,veg,https://www.bigbasket.com/media/uploads/p/mm/40072474_14-bb-royal-organic-cuminjeera.jpg,"Jeera is a common ingredient in Indian kitchens. Apart from adding flavor to a dish, it has got health benefits too. It is a spice which provides a strong, unique and soothing aroma. It is used to provide flavor to various cuisines.Jeera seeds are rich in the Vitamin C and have anti fungal properties thus aids in curing the cold including other respiratory problems. It also helps in maintaining the kidney health and metabolism process. It maintains the health of the digestive tract and excretory system.This is cultivated without the use of pesticides ,artificial fertilizers or chemicals",40072474,https://www.bigbasket.com/media/uploads/p/l/40072474_14-bb-royal-organic-cuminjeera.jpg
603," FOODGRAINS, OIL & MASALA ", ORGANIC STAPLES , ORGANIC MASALAS & SPICES , BB ROYAL Organic - Cumin/Jeera,bb Royal,40093611,https://www.bigbasket.com/pd/40093611/bb-royal-organic-cuminjeera-200-g/,"bb Royal Organic - Cumin/Jeera, 200 g",99,Rs 69,30%,200 g,veg,https://www.bigbasket.com/media/uploads/p/mm/40093611_11-bb-royal-organic-cuminjeera.jpg,"Jeera is a common ingredient in Indian kitchens. Apart from adding flavor to a dish, it has got health benefits too. It is a spice which provides a strong, unique and soothing aroma. It is used to provide flavor to various cuisines.Jeera seeds are rich in the Vitamin C and have anti fungal properties thus aids in curing the cold including other respiratory problems. It also helps in maintaining the kidney health and metabolism process. It maintains the health of the digestive tract and excretory system.This is cultivated without the use of pesticides ,artificial fertilizers or chemicals",40093611,https://www.bigbasket.com/media/uploads/p/l/40093611_11-bb-royal-organic-cuminjeera.jpg
604," FOODGRAINS, OIL & MASALA ", DRY FRUITS , ALMONDS , BB ROYAL Almond/Badam - Sonora,bb Royal,40019563,https://www.bigbasket.com/pd/40019563/bb-royal-almondbadam-sonora-100-g-pouch/,"bb Royal Almond/Badam - Sonora, 100 g Pouch",150,Rs 149,1,100 g,veg,https://www.bigbasket.com/media/uploads/p/mm/40019563_4-bb-royal-almondbadam-sonora.jpg,"American Almonds are delicious alone as a nutritious snack, and they are a prime ingredient in home kitchens and in food manufacturing. It enhances virtually every food they grace with their distinctive taste and satisfying crunch. It is one of the most versatile nuts. It is very nutrient rich & contains flavonoid phytonutrients which along with the vitamin E present in their flesh provides excellent antioxidant power. Click here for unique and delicious recipes - https://www.bigbasket.com/flavors/collections/231/dry-fruits-berries-nuts/",40019563,https://www.bigbasket.com/media/uploads/p/l/40019563_4-bb-royal-almondbadam-sonora.jpg
605," FOODGRAINS, OIL & MASALA ", DRY FRUITS , ALMONDS , BB ROYAL Almond/Badam - Sonora,bb Royal,40019564,https://www.bigbasket.com/pd/40019564/bb-royal-almondbadam-sonora-200-g-pouch/,"bb Royal Almond/Badam - Sonora, 200 g Pouch",300,Rs 285,15,200 g,veg,https://www.bigbasket.com/media/uploads/p/mm/40019564_5-bb-royal-almondbadam-sonora.jpg,"The BB Royal Almond/ badam sonora is packed with many health benefits. As the name suggests, it is a kernel shaped high-quality nut that is kept in a shell. Sourced and packaged from premium growers, these nuts are not only easy to eat but have a gorgeous brown colour and nutty flavour. Click here for unique and delicious recipes - https://www.bigbasket.com/flavors/collections/231/dry-fruits-berries-nuts/",40019564,https://www.bigbasket.com/media/uploads/p/l/40019564_5-bb-royal-almondbadam-sonora.jpg
606," FOODGRAINS, OIL & MASALA ", ORGANIC STAPLES ," ORGANIC RICE, OTHER RICE ", BB ROYAL Organic - Idli Rice / Idli Arisi,bb Royal,40091137,https://www.bigbasket.com/pd/40091137/bb-royal-organic-idlyidli-rice-2-kg/,"bb Royal Organic - Idli Rice / Idli Arisi, 2 kg",175,Rs 135,23%,2 kg,veg,https://www.bigbasket.com/media/uploads/p/mm/40091137_8-bb-royal-organic-idlyidli-rice.jpg,"Idli Rice is a good supply of proteins and carbohydrates. It is nutritious as it is a rich supply of fibers and is simple to healthy and digests. They are light and it can make in jiffy with minimum ingredients. It makes smooth, flaky rice flour idli taste delicious with any sambar, chutney or even podi. It is free from synthetic chemicals and pesticides.",40091137,https://www.bigbasket.com/media/uploads/p/l/40091137_8-bb-royal-organic-idlyidli-rice.jpg
607," FOODGRAINS, OIL & MASALA ", ORGANIC STAPLES ," ORGANIC RICE, OTHER RICE ", BB ROYAL Organic - Idly/Idli Rice,bb Royal,40114164,https://www.bigbasket.com/pd/40114164/bb-royal-organic-idlyidli-rice-5-kg/,"bb Royal Organic - Idly/Idli Rice, 5 kg",419,Rs 320,24%,5 kg,veg,https://www.bigbasket.com/media/uploads/p/mm/40114164_7-bb-royal-organic-idlyidli-rice.jpg,"Idli Rice is a good supply of proteins and carbohydrates. It is nutritious as it is a rich supply of fibers and is simple to healthy and digests. They are light and it can make in jiffy with minimum ingredients. It makes smooth, flaky rice flour idli taste delicious with any sambar, chutney or even podi. It is free from synthetic chemicals and pesticides.",40114164,https://www.bigbasket.com/media/uploads/p/l/40114164_7-bb-royal-organic-idlyidli-rice.jpg
608," FOODGRAINS, OIL & MASALA ", ORGANIC STAPLES ," ORGANIC RICE, OTHER RICE ", BB ROYAL Organic - Idly/Idli Rice,bb Royal,40127669,https://www.bigbasket.com/pd/40127669/bb-royal-organic-idlyidli-rice-10-kg/,"bb Royal Organic - Idly/Idli Rice, 10 kg",775,Rs 599,23%,10 kg,veg,https://www.bigbasket.com/media/uploads/p/mm/40127669_11-bb-royal-organic-idlyidli-rice.jpg,"Idli Rice contains a good amount of proteins and carbohydrates. It is nutritious as it provides a good amount of fibers and is easy to digest. They are light and can be cooked in jiffy with minimum ingredients. You can use this to prepare soft, smooth and delicious idlies that pair well with any sambar, chutney or even podi. It is free from synthetic chemicals and pesticides.",40127669,https://www.bigbasket.com/media/uploads/p/l/40127669_11-bb-royal-organic-idlyidli-rice.jpg
609," FOODGRAINS, OIL & MASALA ", ORGANIC STAPLES ," ORGANIC RICE, OTHER RICE ", BB ROYAL Organic - Idly Rice / Idli Arisi,bb Royal,40072518,https://www.bigbasket.com/pd/40072518/bb-royal-organic-idlyidli-rice-1-kg/,"bb Royal Organic - Idly Rice / Idli Arisi, 1 kg",88,Rs 69,22%,1 kg,veg,https://www.bigbasket.com/media/uploads/p/mm/40072518_11-bb-royal-organic-idlyidli-rice.jpg,"Idli Rice is a good supply of proteins and carbohydrates. It is nutritious as it is a rich supply of fibers and is simple to healthy and digests. They are light and it can make in jiffy with minimum ingredients. It makes smooth, flaky rice flour idli taste delicious with any sambar, chutney or even podi. It is free from synthetic chemicals and pesticides.",40072518,https://www.bigbasket.com/media/uploads/p/l/40072518_11-bb-royal-organic-idlyidli-rice.jpg
614," FOODGRAINS, OIL & MASALA ", ORGANIC STAPLES , ORGANIC DALS & PULSES , BB ROYAL Organic - Chana Dal / Kalla Paruppu,bb Royal,40072468,https://www.bigbasket.com/pd/40072468/bb-royal-organic-chana-dalchanna-unpolished-1-kg/,"bb Royal Organic - Chana Dal / Kalla Paruppu, 1 kg",141,Rs 117,17%,1 kg,veg,https://www.bigbasket.com/media/uploads/p/mm/40072468_11-bb-royal-organic-chana-dalchanna-unpolished.jpg,"Organic Channa Dal plays the vital part while accompanying rice or rotis. It is one of the best dals to improve taste and purity after preparing it. The finest thing about Channa Dal is multiple dishes can be completed out of it. This Dal consists of number of health advantages; Bengal gram dal has a nutty flavour, and is a rich supply of protein. It also has a low glycemic index.This is cultivated and processed without the use of pesticides ,artificial fertilizers or chemicals",40072468,https://www.bigbasket.com/media/uploads/p/l/40072468_11-bb-royal-organic-chana-dalchanna-unpolished.jpg
615," FOODGRAINS, OIL & MASALA ", ORGANIC STAPLES , ORGANIC DALS & PULSES , BB ROYAL Organic - Chana Dal / Kalla Paruppu,bb Royal,40072469,https://www.bigbasket.com/pd/40072469/bb-royal-organic-chana-dalchanna-unpolished-500-g/,"bb Royal Organic - Chana Dal / Kalla Paruppu, 500 g",72,Rs 61,15%,500 g,veg,https://www.bigbasket.com/media/uploads/p/mm/40072469_11-bb-royal-organic-chana-dalchanna-unpolished.jpg,"Organic Channa Dal plays the vital part while accompanying rice or rotis. It is one of the best dals to improve taste and purity after preparing it. The finest thing about Channa Dal is multiple dishes can be completed out of it. This Dal consists of number of health advantages; Bengal gram dal has a nutty flavour, and is a rich supply of protein. It also has a low glycemic index.This is cultivated and processed without the use of pesticides ,artificial fertilizers or chemicals",40072469,https://www.bigbasket.com/media/uploads/p/l/40072469_11-bb-royal-organic-chana-dalchanna-unpolished.jpg
616," FOODGRAINS, OIL & MASALA ", ORGANIC STAPLES , ORGANIC DALS & PULSES , BB ROYAL Organic - Chana Dal/Channa Unpolished,bb Royal,40125918,https://www.bigbasket.com/pd/40125918/bb-royal-organic-chana-dalchanna-unpolished-2-kg/,"bb Royal Organic - Chana Dal/Channa Unpolished, 2 kg",279,Rs 225,19%,2 kg,veg,https://www.bigbasket.com/media/uploads/p/mm/40125918_9-bb-royal-organic-chana-dalchanna-unpolished.jpg,"Organic Channa Dal plays the vital part while accompanying rice or rotis. It is one of the best dals to improve taste and purity after preparation. The best thing about Channa Dal is that multiple dishes can be made out of it. This Dal contains a of number of health advantages and has a nutty flavour, accompanied by a rich supply of protein and a low glycemic index. It is cultivated and processed without the use of pesticides, artificial fertilizers or chemicals.",40125918,https://www.bigbasket.com/media/uploads/p/l/40125918_9-bb-royal-organic-chana-dalchanna-unpolished.jpg
622," FOODGRAINS, OIL & MASALA ", ORGANIC STAPLES , ORGANIC DALS & PULSES ," BB ROYAL Organic - Moong Dal, Unpolished",bb Royal,40109378,https://www.bigbasket.com/pd/40109378/bb-royal-organic-moong-dal-unpolished-2-kg/,"bb Royal Organic - Moong Dal, Unpolished, 2 kg",449,Rs 289,36%,2 kg,veg,https://www.bigbasket.com/media/uploads/p/mm/40109378_6-bb-royal-organic-moong-dal-unpolished.jpg,"Moong dal will get from Mung beans. The split moong dal is utilized in Indian curries. It is high in fiber and protein, other than low on fat. This is cultivated without the use of pesticides, artificial fertilizers or chemicals.",40109378,https://www.bigbasket.com/media/uploads/p/l/40109378_6-bb-royal-organic-moong-dal-unpolished.jpg
623," FOODGRAINS, OIL & MASALA ", ORGANIC STAPLES , ORGANIC DALS & PULSES , BB ROYAL Organic - Moong Dal / Payatham Paruppu,bb Royal,40072478,https://www.bigbasket.com/pd/40072478/bb-royal-organic-moong-dal-unpolished-1-kg/,"bb Royal Organic - Moong Dal / Payatham Paruppu, 1 kg",225,Rs 135,40%,1 kg,veg,https://www.bigbasket.com/media/uploads/p/mm/40072478_10-bb-royal-organic-moong-dal-unpolished.jpg,"Moong dal will get from Mung beans. The split moong dal is utilized in Indian curries. It is high in fiber and protein, other than low on fat.This is cultivated without the use of pesticides ,artificial fertilizers or chemicals",40072478,https://www.bigbasket.com/media/uploads/p/l/40072478_10-bb-royal-organic-moong-dal-unpolished.jpg
624," FOODGRAINS, OIL & MASALA ", ORGANIC STAPLES , ORGANIC DALS & PULSES , BB ROYAL Organic - Moong Dal / Payatham Paruppu,bb Royal,40072479,https://www.bigbasket.com/pd/40072479/bb-royal-organic-moong-dal-unpolished-500-g/,"bb Royal Organic - Moong Dal / Payatham Paruppu, 500 g",115,Rs 79,31%,500 g,veg,https://www.bigbasket.com/media/uploads/p/mm/40072479_10-bb-royal-organic-moong-dal-unpolished.jpg,"Moong dal will get from Mung beans. The split moong dal is utilized in Indian curries. It is high in fiber and protein, other than low on fat.This is cultivated without the use of pesticides ,artificial fertilizers or chemicals",40072479,https://www.bigbasket.com/media/uploads/p/l/40072479_10-bb-royal-organic-moong-dal-unpolished.jpg
625," FOODGRAINS, OIL & MASALA ", MASALAS & SPICES , WHOLE SPICES , BB ROYAL Khus Khus/Kasa Kasa,bb Royal,40000218,https://www.bigbasket.com/pd/40000218/bb-royal-khus-khusposta-dana-200-g/,"bb Royal Khus Khus/Kasa Kasa, 200 g",400,Rs 380,20,200 g,veg,https://www.bigbasket.com/media/uploads/p/mm/40000218_5-bb-royal-khus-khusposta-dana.jpg,Khus Khus are also referred to as poppy seeds and they are obtained from the opium poppy. These seeds are also used for obtaining khus oil. The BB Royal Khus Khus is derived from high-quality pods to and packed hygienically to meet the best quality standards.,8.90417E+12,https://www.bigbasket.com/media/uploads/p/l/40000218_5-bb-royal-khus-khusposta-dana.jpg
626," FOODGRAINS, OIL & MASALA ", MASALAS & SPICES , WHOLE SPICES , BB ROYAL Khus Khus/Kasa Kasa,bb Royal,20000445,https://www.bigbasket.com/pd/20000445/bb-royal-khus-khusposta-danapoppy-seeds-50-g/,"bb Royal Khus Khus/Kasa Kasa, 50 g",100,Rs 98,2,50 g,,https://www.bigbasket.com/media/uploads/p/mm/20000445_3-bb-royal-khus-khusposta-danapoppy-seeds.jpg,"Khus Khus grass contains a mild, musky smell that includes a cooling effect on the body and mind. It contains a slightly nutty fragrance and flavour. It is an essential herb in Ayurveda to treat various health conditions. It is a tonic flavour for various ailments.",20000445,https://www.bigbasket.com/media/uploads/p/l/20000445_3-bb-royal-khus-khusposta-danapoppy-seeds.jpg
631," FOODGRAINS, OIL & MASALA "," ATTA, FLOURS & SOOJI "," SOOJI, MAIDA & BESAN ", BB ROYAL Roasted Sooji/Rava/Ravai,bb Royal,40018193,https://www.bigbasket.com/pd/40018193/bb-royal-roasted-soojirava-500-g-pouch/,"bb Royal Roasted Sooji/Rava/Ravai, 500 g Pouch",40,Rs 26,35%,500 g,veg,https://www.bigbasket.com/media/uploads/p/mm/40018193_4-bb-royal-roasted-soojirava.jpg,,40018193,https://www.bigbasket.com/media/uploads/p/l/40018193_4-bb-royal-roasted-soojirava.jpg
632," FOODGRAINS, OIL & MASALA "," ATTA, FLOURS & SOOJI "," SOOJI, MAIDA & BESAN ", BB ROYAL Roasted Sooji/Rava,bb Royal,40064889,https://www.bigbasket.com/pd/40064889/bb-royal-roasted-soojirava-1-kg/,"bb Royal Roasted Sooji/Rava, 1 kg",80,Rs 50,38%,1 kg,veg,https://www.bigbasket.com/media/uploads/p/mm/40064889_2-bb-royal-roasted-soojirava.jpg,,40064889,https://www.bigbasket.com/media/uploads/p/l/40064889_2-bb-royal-roasted-soojirava.jpg
634," FOODGRAINS, OIL & MASALA ", MASALAS & SPICES , WHOLE SPICES , BB POPULAR Cumin/Jeera - Whole,bb Popular,40067272,https://www.bigbasket.com/pd/40067272/bb-popular-cuminjeera-whole-100-g/,"bb Popular Cumin/Jeera - Whole, 100 g",40,Rs 28,30%,100 g,veg,https://www.bigbasket.com/media/uploads/p/mm/40067272_6-bb-popular-cuminjeera-whole.jpg,"Jeera is an ordinary ingredient which gives flavour to various cuisines. Apart from adding taste to a dish, it contains got health benefits too. It is a flavour which gives a strong, unique and soothing fragrance. These are wealthy in Vitamin C and contain antifungal properties.",40067272,https://www.bigbasket.com/media/uploads/p/l/40067272_6-bb-popular-cuminjeera-whole.jpg
635," FOODGRAINS, OIL & MASALA ", MASALAS & SPICES , WHOLE SPICES , BB POPULAR Cumin/Jeera - Whole,bb Popular,40067273,https://www.bigbasket.com/pd/40067273/bb-popular-cuminjeera-whole-200-g/,"bb Popular Cumin/Jeera - Whole, 200 g",80,Rs 55,31%,200 g,veg,https://www.bigbasket.com/media/uploads/p/mm/40067273_7-bb-popular-cuminjeera-whole.jpg,"Jeera is an ordinary ingredient which gives flavour to various cuisines. Apart from adding taste to a dish, it contains got health benefits too. It is a flavour which gives a strong, unique and soothing fragrance. These are wealthy in Vitamin C and contain antifungal properties.",40067273,https://www.bigbasket.com/media/uploads/p/l/40067273_7-bb-popular-cuminjeera-whole.jpg
636," FOODGRAINS, OIL & MASALA ", MASALAS & SPICES , WHOLE SPICES , BB POPULAR Cumin/Jeera - Whole,bb Popular,40067274,https://www.bigbasket.com/pd/40067274/bb-popular-cuminjeera-whole-500-g/,"bb Popular Cumin/Jeera - Whole, 500 g",200,Rs 112.27,44%,500 g,veg,https://www.bigbasket.com/media/uploads/p/mm/40067274_7-bb-popular-cuminjeera-whole.jpg,"Jeera is an ordinary ingredient which gives flavour to various cuisines. Apart from adding taste to a dish, it contains got health benefits too. It is a flavour which gives a strong, unique and soothing fragrance. These are wealthy in Vitamin C and contain antifungal properties.",40067274,https://www.bigbasket.com/media/uploads/p/l/40067274_7-bb-popular-cuminjeera-whole.jpg
644," FOODGRAINS, OIL & MASALA ", ORGANIC STAPLES , ORGANIC MASALAS & SPICES , BB ROYAL Organic - Methi,bb Royal,40135850,https://www.bigbasket.com/pd/40135850/bb-royal-organic-methi-500-g/,"bb Royal Organic - Methi, 500 g",99,Rs 72,27%,500 g,veg,https://www.bigbasket.com/media/uploads/p/mm/40135850_5-bb-royal-organic-methi.jpg,"Fenugreek is primarily used as a culinary spice, it contains protein, vitamins, niacin and a compound very similar to estrogen. It is good to overcome very common symptoms of menopause. This is cultivated without the use of pesticides, artificial fertilizers or chemicals. Fenugreek provides lactation, controls diabetes, treats kidney problems, prevents colon cancer, and soothes irritation.",40135850,https://www.bigbasket.com/media/uploads/p/l/40135850_5-bb-royal-organic-methi.jpg
645," FOODGRAINS, OIL & MASALA ", ORGANIC STAPLES , ORGANIC MASALAS & SPICES , BB ROYAL Organic - Methi / Vendhayam,bb Royal,40072476,https://www.bigbasket.com/pd/40072476/bb-royal-organic-methi-100-g/,"bb Royal Organic - Methi / Vendhayam, 100 g",21,Rs 16,24%,100 g,veg,https://www.bigbasket.com/media/uploads/p/mm/40072476_9-bb-royal-organic-methi.jpg,"Fenugreek is primarily used as a culinary spice, it contains protein, vitamins, niacin and a compound very similar to estrogen, hence it is good to overcome very common symptoms of menopause.This is cultivated without the use of pesticides ,artificial fertilizers or chemicals",40072476,https://www.bigbasket.com/media/uploads/p/l/40072476_9-bb-royal-organic-methi.jpg
646," FOODGRAINS, OIL & MASALA ", ORGANIC STAPLES , ORGANIC MASALAS & SPICES , BB ROYAL Organic - Methi / Vendhayam,bb Royal,40072477,https://www.bigbasket.com/pd/40072477/bb-royal-organic-methi-200-g/,"bb Royal Organic - Methi / Vendhayam, 200 g",44,Rs 32,27%,200 g,veg,https://www.bigbasket.com/media/uploads/p/mm/40072477_9-bb-royal-organic-methi.jpg,"Fenugreek is primarily used as a culinary spice, it contains protein, vitamins, niacin and a compound very similar to estrogen, hence it is good to overcome very common symptoms of menopause.This is cultivated without the use of pesticides ,artificial fertilizers or chemicals",40072477,https://www.bigbasket.com/media/uploads/p/l/40072477_9-bb-royal-organic-methi.jpg
647," FOODGRAINS, OIL & MASALA ", ORGANIC STAPLES , ORGANIC MASALAS & SPICES , BB ROYAL Organic - Methi,bb Royal,1208917,https://www.bigbasket.com/pd/1208917/bb-royal-organic-methi-2x500-g/,"bb Royal Organic - Methi, 2x500 g Multipack",198,Rs 144,27%,2x500 g,,https://www.bigbasket.com/media/uploads/p/mm/1208917_1-bb-royal-organic-methi.jpg,"Fenugreek is primarily used as a culinary spice, it contains protein, vitamins, niacin and a compound very similar to estrogen. It is good to overcome very common symptoms of menopause. This is cultivated without the use of pesticides, artificial fertilizers or chemicals. Fenugreek provides lactation, controls diabetes, treats kidney problems, prevents colon cancer, and soothes irritation.",1208917,https://www.bigbasket.com/media/uploads/p/l/1208917_1-bb-royal-organic-methi.jpg
648," FOODGRAINS, OIL & MASALA "," ATTA, FLOURS & SOOJI "," SOOJI, MAIDA & BESAN ", BB ROYAL Idli - Sooji,bb Royal,20000401,https://www.bigbasket.com/pd/20000401/bb-royal-idli-sooji-2-kg-pouch/,"bb Royal Idli - Sooji, 2 kg Pouch",140,Rs 85,39%,2 kg,veg,https://www.bigbasket.com/media/uploads/p/mm/20000401_5-bb-royal-idli-sooji.jpg,,20000401,https://www.bigbasket.com/media/uploads/p/l/20000401_5-bb-royal-idli-sooji.jpg
649," FOODGRAINS, OIL & MASALA "," ATTA, FLOURS & SOOJI "," SOOJI, MAIDA & BESAN ", BB ROYAL Idli Sooji/Rava,bb Royal,20000524,https://www.bigbasket.com/pd/20000524/bb-royal-idli-soojirava-500-g-pouch/,"bb Royal Idli Sooji/Rava, 500 g Pouch",35,Rs 23,34%,500 g,veg,https://www.bigbasket.com/media/uploads/p/mm/20000524_3-bb-royal-idli-soojirava.jpg,Rava idly is a fashionable breakfast recipe and is inspired either through breakfast or evening snack time. It flavors enhancers like Cashew nuts are included in the Rava idly. It merges well with authentic traditional coconut chutney. It is completed by grinding organic rice into a coarse powder. It is normally known as cream of rice and has very nutritious food. It is very fine form of sweet-smelling rava. Click here for unique and delicious recipes - https://www.bigbasket.com/flavors/collections/232/flours-sooji/,20000524,https://www.bigbasket.com/media/uploads/p/l/20000524_3-bb-royal-idli-soojirava.jpg
650," FOODGRAINS, OIL & MASALA "," ATTA, FLOURS & SOOJI "," SOOJI, MAIDA & BESAN ", BB ROYAL Idli Sooji/Rava,bb Royal,20000525,https://www.bigbasket.com/pd/20000525/bb-royal-idli-soojirava-1-kg-pouch/,"bb Royal Idli Sooji/Rava, 1 kg Pouch",70,Rs 45,36%,1 kg,,https://www.bigbasket.com/media/uploads/p/mm/20000525_3-bb-royal-idli-soojirava.jpg,Rava idly is a fashionable breakfast recipe and is devoted either during breakfast or sunset snack time. It tastes enhancers like Cashew nuts are integrated in the Rava idly. It combines well with true traditional coconut chutney. It is prepared by grinding organic rice into a coarse powder. It is commonly famous as cream of rice and has extremely nutritious food. Click here for unique and delicious recipes - https://www.bigbasket.com/flavors/collections/232/flours-sooji/,20000525,https://www.bigbasket.com/media/uploads/p/l/20000525_3-bb-royal-idli-soojirava.jpg
657," FOODGRAINS, OIL & MASALA ", MASALAS & SPICES , WHOLE SPICES , BB ROYAL Chilli Kashmiri/Sigappu Milagai,bb Royal,30000290,https://www.bigbasket.com/pd/30000290/bb-royal-kashmiri-chilli-stemless-100-g/,"bb Royal Chilli Kashmiri/Sigappu Milagai, 100 g",60,Rs 59,2%,100 g,veg,https://www.bigbasket.com/media/uploads/p/mm/30000290_4-bb-royal-kashmiri-chilli-stemless.jpg,Kashmiri Chillies are smaller and rounder and less pungent but give a very vivacious red colour to a dish. It is selectively bred for colour and flavour. They offer a glowing red colour to dishes with no imparting too much heat and making the dish more attractive and palatable. It is an unusual mix of medium hot quality red pepper.,3000029099,https://www.bigbasket.com/media/uploads/p/l/30000290_4-bb-royal-kashmiri-chilli-stemless.jpg
658," FOODGRAINS, OIL & MASALA ", MASALAS & SPICES , WHOLE SPICES , BB ROYAL Fennel/Saunf - Green,bb Royal,40056584,https://www.bigbasket.com/pd/40056584/bb-royal-fennelsaunf-green-50-g/,"bb Royal Fennel/Saunf - Green, 50 g",30,Rs 18,40%,50 g,veg,https://www.bigbasket.com/media/uploads/p/mm/40056584_3-bb-royal-fennelsaunf-green.jpg,Green Sounf provides a different fragrance and adds a sugary and enjoyable flavour to dishes. These seeds are also known for their medicinal properties. These are well-liked flavouring agent utilised in many Asian cuisines.,40056584,https://www.bigbasket.com/media/uploads/p/l/40056584_3-bb-royal-fennelsaunf-green.jpg
659," FOODGRAINS, OIL & MASALA ", ORGANIC STAPLES ," ORGANIC RICE, OTHER RICE ", BB ROYAL Organic Little Millet - Samai Rice,bb Royal,40109376,https://www.bigbasket.com/pd/40109376/bb-royal-organic-little-millet-samai-rice-1-kg/,"bb Royal Organic Little Millet - Samai Rice, 1 kg",149,Rs 109,27%,1 kg,veg,https://www.bigbasket.com/media/uploads/p/mm/40109376_10-bb-royal-organic-little-millet-samai-rice.jpg,"Little Millets seeds are smaller than other millets, like foxtail millet, little millet also high in Iron content, high in fibre like Kodo and has high antioxidant activity. It helps in diabetes and diseases related stomach.",40109376,https://www.bigbasket.com/media/uploads/p/l/40109376_10-bb-royal-organic-little-millet-samai-rice.jpg
660," FOODGRAINS, OIL & MASALA ", ORGANIC STAPLES ," ORGANIC RICE, OTHER RICE ", BB ROYAL Organic Little Millet/Samai Rice,bb Royal,40077489,https://www.bigbasket.com/pd/40077489/bb-royal-organic-little-milletsamai-rice-500-g/,"bb Royal Organic Little Millet/Samai Rice, 500 g",79,Rs 60,24%,500 g,veg,https://www.bigbasket.com/media/uploads/p/mm/40077489_8-bb-royal-organic-little-milletsamai-rice.jpg,"Little millet seeds or Samai rice is a commonly used grain in Southern India, and is a wholesome addition to your diet. The organic staple is known to be nutritionally better than rice and wheat. It is one of the ideal foods for diabetics due to its low glycemic index, high amounts of dietary fibre and low sugar content. BB Royal’s Organic Little Millet/ Samai Rice is premium staple, packed with nutrients. You can use little millet to make sticky puddings and porridges, and in a host of other sweet and savoury dishes. BB Royal is a premium brand of organic staples by Big Basket. The entire range of products is sourced from the best of farms and produce to ensure high quality standards. - Qualified buyers with years of experience handpick all products under BB Royal after rigorous scrutiny. - All BB Royal products are cleaned and packed in hygienic facilities in high quality food grade packaging. - There is a no questions asked return policy on all BB Royal products in a bid to provide you nothing but the best!",40077489,https://www.bigbasket.com/media/uploads/p/l/40077489_8-bb-royal-organic-little-milletsamai-rice.jpg
662," FOODGRAINS, OIL & MASALA ", ORGANIC STAPLES , ORGANIC MASALAS & SPICES , BB ROYAL Organic - Ajwain,bb Royal,40114160,https://www.bigbasket.com/pd/40114160/bb-royal-organic-ajwain-50-g/,"bb Royal Organic - Ajwain, 50 g",27,Rs 23,15%,50 g,veg,https://www.bigbasket.com/media/uploads/p/mm/40114160_8-bb-royal-organic-ajwain.jpg,"Ajwain is one of the main herbs for Indian kitchen to make the Indian cuisine delicious. Ajwain seeds are small in size but flavor hot, penchant and pungent. The high concentration of necessary oils in ajwain seeds, primarily thymol, provides them a smell and flavor resembling thyme, with a stronger bite. It acts as superior appetizer, laxative and stomachic. It is used as successful remedy in managing ailments like vomiting, pile, mouth diseases, cure of ascites, abdominal pain, abdominal tumor etc. It is free from synthetic chemicals and pesticides.",40114160,https://www.bigbasket.com/media/uploads/p/l/40114160_8-bb-royal-organic-ajwain.jpg
663," FOODGRAINS, OIL & MASALA ", ORGANIC STAPLES , ORGANIC MASALAS & SPICES , BB ROYAL Organic - Ajwain,bb Royal,40109370,https://www.bigbasket.com/pd/40109370/bb-royal-organic-ajwain-200-g/,"bb Royal Organic - Ajwain, 200 g",99,Rs 87,12%,200 g,veg,https://www.bigbasket.com/media/uploads/p/mm/40109370_5-bb-royal-organic-ajwain.jpg,"Ajwain is one of the main herbs for Indian kitchen to make the Indian cuisine delicious. Ajwain seeds are small in size but flavor hot, penchant and pungent. The high concentration of necessary oils in ajwain seeds, primarily thymol, provides them a smell and flavor resembling thyme, with a stronger bite. It acts as superior appetizer, laxative and stomachic. It is used as successful remedy in managing ailments like vomiting, pile, mouth diseases, cure of ascites, abdominal pain, abdominal tumor etc. It is free from synthetic chemicals and pesticides.",40109370,https://www.bigbasket.com/media/uploads/p/l/40109370_5-bb-royal-organic-ajwain.jpg
664," FOODGRAINS, OIL & MASALA ", ORGANIC STAPLES , ORGANIC MASALAS & SPICES , BB ROYAL Organic - Ajwain / Omam,bb Royal,40072515,https://www.bigbasket.com/pd/40072515/bb-royal-organic-ajwain-100-g/,"bb Royal Organic - Ajwain / Omam, 100 g",50,Rs 44,12%,100 g,veg,https://www.bigbasket.com/media/uploads/p/mm/40072515_12-bb-royal-organic-ajwain.jpg,"Ajwain is one of the main herbs for Indian kitchen to make the Indian cuisine delicious. Ajwain seeds are small in size but flavor hot, penchant and pungent. The high concentration of necessary oils in ajwain seeds, primarily thymol, provides them a smell and flavor resembling thyme, with a stronger bite. It acts as superior appetizer, laxative and stomachic. It is used as successful remedy in managing ailments like vomiting, pile, mouth diseases, cure of ascites, abdominal pain, abdominal tumor etc. It is free from synthetic chemicals and pesticides.",40072515,https://www.bigbasket.com/media/uploads/p/l/40072515_12-bb-royal-organic-ajwain.jpg
667," FOODGRAINS, OIL & MASALA ", MASALAS & SPICES , WHOLE SPICES , BB ROYAL Coriander/Dhania Seeds/Kothamalli Vidhai,bb Royal,30000282,https://www.bigbasket.com/pd/30000282/bb-royal-coriander-dhania-seeds-200-g/,"bb Royal Coriander/Dhania Seeds/Kothamalli Vidhai, 200 g",60,Rs 55,8%,200 g,,https://www.bigbasket.com/media/uploads/p/mm/30000282_4-bb-royal-coriander-dhania-seeds.jpg,"Dhania lends a distinctive aromatic flavour to the foods. Organic Coriander Seeds are rich in dietary fiber. They are an excellent source of minerals like iron, copper, calcium, potassium, manganese, zinc and magnesium.",3000028299,https://www.bigbasket.com/media/uploads/p/l/30000282_4-bb-royal-coriander-dhania-seeds.jpg
668," FOODGRAINS, OIL & MASALA ", MASALAS & SPICES , WHOLE SPICES , BB ROYAL Coriander / Dhania Seeds,bb Royal,20000470,https://www.bigbasket.com/pd/20000470/bb-royal-coriander-dhania-seeds-500-g/,"bb Royal Coriander / Dhania Seeds, 500 g",150,Rs 130,13%,500 g,,https://www.bigbasket.com/media/uploads/p/mm/20000470_4-bb-royal-coriander-dhania-seeds.jpg,"BB Royal is our in house premium brand of the finest staples sourced right from the best farms and produce centers in order to get you good quality at competitive prices. Every product is carefully selected by experienced and technically competent merchandisers, cleaned and packed at our hygienic facilities in food grade plastic and sold to you at the most competitive prices in the market.",20000470,https://www.bigbasket.com/media/uploads/p/l/20000470_4-bb-royal-coriander-dhania-seeds.jpg
669," FOODGRAINS, OIL & MASALA ", MASALAS & SPICES , WHOLE SPICES , BB ROYAL Turmeric/Haldi Sticks/Manjal,bb Royal,20000473,https://www.bigbasket.com/pd/20000473/bb-royal-turmerichaldi-sticks-200-g/,"bb Royal Turmeric/Haldi Sticks/Manjal, 200 g",80,Rs 61,24%,200 g,veg,https://www.bigbasket.com/media/uploads/p/mm/20000473_4-bb-royal-turmerichaldi-sticks.jpg,Turmeric Sticks smells clean and very hygienic. It contains many medicinal values and also utilized as a cosmetic. It contains an antibacterial effect which treats many skin problems and decreases unwanted hair growth. It is also utilized in many food preparations and plays an essential role in cultural rituals. Turmeric Sticks which not only a popular flavour but also high in medicinal value.,2.00005E+11,https://www.bigbasket.com/media/uploads/p/l/20000473_4-bb-royal-turmerichaldi-sticks.jpg
670," FOODGRAINS, OIL & MASALA ", MASALAS & SPICES , WHOLE SPICES , BB ROYAL Turmeric/Haldi - Sticks,bb Royal,40075617,https://www.bigbasket.com/pd/40075617/bb-royal-turmerichaldi-sticks-100-g/,"bb Royal Turmeric/Haldi - Sticks, 100 g",40,Rs 32,20%,100 g,veg,https://www.bigbasket.com/media/uploads/p/mm/40075617_2-bb-royal-turmerichaldi-sticks.jpg,Turmeric stick contains many medicinal values and also utilised as a cosmetic. It contains an antibacterial effect which treats many skin problems and decreases unwanted hair growth. It is also utilised in many food preparations and plays an essential role in cultural rituals. Turmeric stick is not only a popular flavour but also high in medicinal value.,40075617,https://www.bigbasket.com/media/uploads/p/l/40075617_2-bb-royal-turmerichaldi-sticks.jpg
673," FOODGRAINS, OIL & MASALA ", ORGANIC STAPLES , ORGANIC FLOURS , BB ROYAL Organic - Sooji/Rawa / Ravai,bb Royal,40072490,https://www.bigbasket.com/pd/40072490/bb-royal-organic-soojirawa-1-kg/,"bb Royal Organic - Sooji/Rawa / Ravai, 1 kg",88,Rs 72,18%,1 kg,veg,https://www.bigbasket.com/media/uploads/p/mm/40072490_13-bb-royal-organic-soojirawa.jpg,Ordinary Sooji is very tasty to prepare and enjoy it. It comes to use as the key ingredient in different Indian dishes. It is utilized widely in the kitchen for preparing a number of dishes. It is rich in fiber and very wholesome. It makes a very healthful and is very strong and good for people who are on diet. It is hygienically processed and is guaranteed for rich flavor and taste. It is free from synthetic chemicals and pesticides.,40072490,https://www.bigbasket.com/media/uploads/p/l/40072490_13-bb-royal-organic-soojirawa.jpg
674," FOODGRAINS, OIL & MASALA ", ORGANIC STAPLES , ORGANIC FLOURS , BB ROYAL Organic - Sooji/Rawa / Ravai,bb Royal,40072491,https://www.bigbasket.com/pd/40072491/bb-royal-organic-soojirawa-500-g/,"bb Royal Organic - Sooji/Rawa / Ravai, 500 g",45,Rs 39,13%,500 g,veg,https://www.bigbasket.com/media/uploads/p/mm/40072491_13-bb-royal-organic-soojirawa.jpg,Ordinary Sooji is very tasty to prepare and enjoy it. It comes to use as the key ingredient in different Indian dishes. It is utilized widely in the kitchen for preparing a number of dishes. It is rich in fiber and very wholesome. It makes a very healthful and is very strong and good for people who are on diet. It is hygienically processed and is guaranteed for rich flavor and taste. It is free from synthetic chemicals and pesticides.,40072491,https://www.bigbasket.com/media/uploads/p/l/40072491_13-bb-royal-organic-soojirawa.jpg
676," FOODGRAINS, OIL & MASALA ", ORGANIC STAPLES , ORGANIC FLOURS , BB ROYAL Organic - Maida,bb Royal,40109377,https://www.bigbasket.com/pd/40109377/bb-royal-organic-maida-1-kg/,"bb Royal Organic - Maida, 1 kg",85,Rs 55,35%,1 kg,veg,https://www.bigbasket.com/media/uploads/p/mm/40109377_3-bb-royal-organic-maida.jpg,"Maida is a wonderful mix of soft and rigid wheat. It is considered as bleached flour that contains less protein compare to unbleached. Bleached flour includes less protein than unbleached, and is finest for pie crusts, rapid breads, cookies, pancakes and waffles. It is chemical free.",40109377,https://www.bigbasket.com/media/uploads/p/l/40109377_3-bb-royal-organic-maida.jpg
677," FOODGRAINS, OIL & MASALA ", ORGANIC STAPLES , ORGANIC FLOURS , BB ROYAL Organic - Maida / Maida Maavu,bb Royal,40072475,https://www.bigbasket.com/pd/40072475/bb-royal-organic-maida-500-g/,"bb Royal Organic - Maida / Maida Maavu, 500 g",43,Rs 32,26%,500 g,veg,https://www.bigbasket.com/media/uploads/p/mm/40072475_8-bb-royal-organic-maida.jpg,"Maida is a wonderful mix of soft and rigid wheat. It is considered as bleached flour that contains less protein compare to unbleached. Bleached flour includes less protein than unbleached, and is finest for pie crusts, rapid breads, cookies, pancakes and waffles.It is chemical free.",40072475,https://www.bigbasket.com/media/uploads/p/l/40072475_8-bb-royal-organic-maida.jpg
684," FOODGRAINS, OIL & MASALA ", MASALAS & SPICES , WHOLE SPICES , BB ROYAL Till White/Ellu,bb Royal,30000303,https://www.bigbasket.com/pd/30000303/bb-royal-til-white-100-g/,"bb Royal Till White/Ellu, 100 g",50,Rs 39,22%,100 g,veg,https://www.bigbasket.com/media/uploads/p/mm/30000303_5-bb-royal-til-white.jpg,"White (Till) adds flavour in dressing salads and gives nutritional flavour. This seed is utilized in bakery items for decorating different beverages and also in cooking dishes as a garnish. The seeds are mainly rich in mono-unsaturated fatty acid oleic acid, which includes up to 50% fatty acids in them. Just 100 gm of White til seeds offer about 18 g of protein (32% of daily-recommended values).",3000030399,https://www.bigbasket.com/media/uploads/p/l/30000303_5-bb-royal-til-white.jpg
685," FOODGRAINS, OIL & MASALA ", MASALAS & SPICES , WHOLE SPICES , BB ROYAL Til - White,bb Royal,30009180,https://www.bigbasket.com/pd/30009180/bb-royal-til-white-500-g/,"bb Royal Til - White, 500 g",250,Rs 180,28%,500 g,veg,https://www.bigbasket.com/media/uploads/p/mm/30009180_3-bb-royal-til-white.jpg,"White Til is little, flat oval seeds with a nuts taste and a flimsy, almost undetectable crunch. These are greatly valued for their high content of sesame oil that is extremely resistant to rancidity. The seeds are especially rich in mono-unsaturated fatty acid oleic acid, which cover up to 50% fatty acids in them.",3000918099,https://www.bigbasket.com/media/uploads/p/l/30009180_3-bb-royal-til-white.jpg
686," FOODGRAINS, OIL & MASALA ", MASALAS & SPICES , WHOLE SPICES , BB ROYAL Til - White,bb Royal,30000318,https://www.bigbasket.com/pd/30000318/bb-royal-til-white-50-g/,"bb Royal Til - White, 50 g",25,Rs 20,20%,50 g,veg,https://www.bigbasket.com/media/uploads/p/mm/30000318_4-bb-royal-til-white.jpg,"White Til is little, flat oval seeds with a nuts taste and a flimsy, almost undetectable crunch. These are greatly valued for their high content of sesame oil that is extremely resistant to rancidity. The seeds are especially rich in mono-unsaturated fatty acid oleic acid, which covers up to 50% fatty acids in them.",30000318,https://www.bigbasket.com/media/uploads/p/l/30000318_4-bb-royal-til-white.jpg
687," FOODGRAINS, OIL & MASALA ", MASALAS & SPICES , WHOLE SPICES , BB ROYAL Til - White,bb Royal,40035511,https://www.bigbasket.com/pd/40035511/bb-royal-til-white-1-kg/,"bb Royal Til - White, 1 kg",500,Rs 346,31%,1 kg,veg,https://www.bigbasket.com/media/uploads/p/mm/40035511_3-bb-royal-til-white.jpg,"These small seeds come in shades of brown, red and black, but the most ordinary colour is a pale greyish-ivory. Sesame seeds contain a nutty, sweet fragrance with a milk-like, buttery flavour.",40035511,https://www.bigbasket.com/media/uploads/p/l/40035511_3-bb-royal-til-white.jpg
688," FOODGRAINS, OIL & MASALA ", RICE & RICE PRODUCTS , BASMATI RICE , BB ROYAL Basmati Rice - Premium,bb Royal,40110352,https://www.bigbasket.com/pd/40110352/bb-royal-basmati-rice-premium-1-kg/,"bb Royal Basmati Rice - Premium, 1 kg",120,Rs 60,50%,1 kg,veg,https://www.bigbasket.com/media/uploads/p/mm/40110352_7-bb-royal-basmati-rice-premium.jpg,"Sourced from the rice-bowl-states of Punjab, Haryana and Uttarakhand, it is processed in GMP plants using Swiss technology to ensure superior quality and nutrition value. The bb Royal Premium basmati rice leaves a lasting impression because of its aroma, flavour and fluffy texture.",9.7802E+11,https://www.bigbasket.com/media/uploads/p/l/40110352_7-bb-royal-basmati-rice-premium.jpg
689," FOODGRAINS, OIL & MASALA ", RICE & RICE PRODUCTS , BASMATI RICE , BB ROYAL Basmati Rice - Premium,bb Royal,40110353,https://www.bigbasket.com/pd/40110353/bb-royal-basmati-rice-premium-5-kg/,"bb Royal Basmati Rice - Premium, 5 kg",600,Rs 408,32%,5 kg,veg,https://www.bigbasket.com/media/uploads/p/mm/40110353_6-bb-royal-basmati-rice-premium.jpg,"Sourced from the rice-bowl-states of Punjab, Haryana and Uttarakhand, it is processed in GMP plants using Swiss technology to ensure superior quality and nutrition value. The bb Royal Premium basmati rice leaves a lasting impression because of its aroma, flavour and fluffy texture.",9.7802E+12,https://www.bigbasket.com/media/uploads/p/l/40110353_6-bb-royal-basmati-rice-premium.jpg
690," FOODGRAINS, OIL & MASALA ", RICE & RICE PRODUCTS , BASMATI RICE , BB ROYAL Basmati Rice - Premium,bb Royal,1203478,https://www.bigbasket.com/pd/1203478/bb-royal-basmati-rice-premium-2x1-kg/,"bb Royal Basmati Rice - Premium, 2x1 kg Multipack",240,Rs 116,52%,2x1 kg,,https://www.bigbasket.com/media/uploads/p/mm/1203478_1-bb-royal-basmati-rice-premium.jpg,"BB Royal Premium Basmati rice leaves a lasting impression because of its aroma, flavour and fluffy texture. Popularly known as Pusa from the Basmati-rice-bowl states of Punjab, Haryana and Uttarakhand, this rice is processed in GMP plants using Swiss technology to ensure superior quality and high nutritional value. BB Royal Premium Basmati Rice has been perfectly aged making it non-sticky and fluffy when cooked. Click here for unique and delicious recipes - https://www.bigbasket.com/flavors/collections/233/rice-rice-products/",1203478,https://www.bigbasket.com/media/uploads/p/l/1203478_1-bb-royal-basmati-rice-premium.jpg
691," FOODGRAINS, OIL & MASALA ", ORGANIC STAPLES , ORGANIC DALS & PULSES ," BB ROYAL Organic - Urad Black, Whole",bb Royal,40135859,https://www.bigbasket.com/pd/40135859/bb-royal-organic-urad-black-whole-1-kg/,"bb Royal Organic - Urad Black, Whole, 1 kg",190,Rs 149,22%,1 kg,veg,https://www.bigbasket.com/media/uploads/p/mm/40135859_7-bb-royal-organic-urad-black-whole.jpg,"Organic Urad Dal black has a typical appearance and the skin gives the dal a sturdy and earthy flavour. It is nutritious and is recommended for diabetic patients. It is also widely used in South Indian dishes due to its individual flavour. It contains iron, calcium, vitamins, magnesium and potassium. If you are a vegetarian, then, take black dal in your diet to gain the protein, which is required for the body.",40135859,https://www.bigbasket.com/media/uploads/p/l/40135859_7-bb-royal-organic-urad-black-whole.jpg
692," FOODGRAINS, OIL & MASALA ", ORGANIC STAPLES , ORGANIC DALS & PULSES ," BB ROYAL Organic - Urad Black, Whole / Ulutham Paruppu",bb Royal,40076173,https://www.bigbasket.com/pd/40076173/bb-royal-organic-urad-black-whole-500-g/,"bb Royal Organic - Urad Black, Whole / Ulutham Paruppu, 500 g",91,Rs 79,13%,500 g,veg,https://www.bigbasket.com/media/uploads/p/mm/40076173_8-bb-royal-organic-urad-black-whole.jpg,"Organic Urad Dal Black With black skin covering creamy white pods, this dal has a typical appearance. The skin gives the dal a sturdy, earthy flavor. It is nutritious and is recommended for diabetic patients. It is also widely used in South Indian dishes due to its individual flavor.",40076173,https://www.bigbasket.com/media/uploads/p/l/40076173_8-bb-royal-organic-urad-black-whole.jpg
693," FOODGRAINS, OIL & MASALA ", ORGANIC STAPLES ," ORGANIC RICE, OTHER RICE ", BB ROYAL Organic Kodo Millet/Varagu Rice,bb Royal,40077487,https://www.bigbasket.com/pd/40077487/bb-royal-organic-kodo-milletvaragu-rice-500-g/,"bb Royal Organic Kodo Millet/Varagu Rice, 500 g",79,Rs 57,28%,500 g,veg,https://www.bigbasket.com/media/uploads/p/mm/40077487_15-bb-royal-organic-kodo-milletvaragu-rice.jpg,"Organic Kodo millets contain high amounts of polyphenols, an antioxidant compound, they also have high on fibre, low on fat. Kodo millet inhibited glycation and cross-linking of collagen. Kodo millets are good for diabetes.",40077487,https://www.bigbasket.com/media/uploads/p/l/40077487_15-bb-royal-organic-kodo-milletvaragu-rice.jpg
694," FOODGRAINS, OIL & MASALA ", ORGANIC STAPLES ," ORGANIC RICE, OTHER RICE ", BB ROYAL Organic Kodo Millet - Varagu Rice,bb Royal,40109375,https://www.bigbasket.com/pd/40109375/bb-royal-organic-kodo-millet-varagu-rice-1-kg/,"bb Royal Organic Kodo Millet - Varagu Rice, 1 kg",149,Rs 109,27%,1 kg,veg,https://www.bigbasket.com/media/uploads/p/mm/40109375_17-bb-royal-organic-kodo-millet-varagu-rice.jpg,"Organic Kodo millets contain high amounts of polyphenols, an antioxidant compound, they also have high on fibre, low on fat. Kodo millet inhibited glycation and cross-linking of collagen. Kodo millets are good for diabetes.",40109375,https://www.bigbasket.com/media/uploads/p/l/40109375_17-bb-royal-organic-kodo-millet-varagu-rice.jpg
695," FOODGRAINS, OIL & MASALA "," ATTA, FLOURS & SOOJI "," SOOJI, MAIDA & BESAN ", BB POPULAR Besan Flour,bb Popular,40069162,https://www.bigbasket.com/pd/40069162/bb-popular-besan-flour-500-g/,"bb Popular Besan Flour, 500 g",60,Rs 39,35%,500 g,veg,https://www.bigbasket.com/media/uploads/p/mm/40069162_1-bb-popular-besan-flour.jpg,,40069162,https://www.bigbasket.com/media/uploads/p/l/40069162_1-bb-popular-besan-flour.jpg
696," FOODGRAINS, OIL & MASALA "," ATTA, FLOURS & SOOJI "," SOOJI, MAIDA & BESAN ", BB POPULAR Besan Flour,bb Popular,40069163,https://www.bigbasket.com/pd/40069163/bb-popular-besan-flour-1-kg/,"bb Popular Besan Flour, 1 kg",120,Rs 75,38%,1 kg,veg,https://www.bigbasket.com/media/uploads/p/mm/40069163_4-bb-popular-besan-flour.jpg,,40069163,https://www.bigbasket.com/media/uploads/p/l/40069163_4-bb-popular-besan-flour.jpg
697," FOODGRAINS, OIL & MASALA ", ORGANIC STAPLES , ORGANIC FLOURS , BB ROYAL Organic - Rice Flour / Arsi Maavu,bb Royal,40072486,https://www.bigbasket.com/pd/40072486/bb-royal-organic-rice-flour-1-kg/,"bb Royal Organic - Rice Flour / Arsi Maavu, 1 kg",99,Rs 63,36%,1 kg,veg,https://www.bigbasket.com/media/uploads/p/mm/40072486_7-bb-royal-organic-rice-flour.jpg,"rice flour is obtained from thinly ground rice. It is minced from raw white rice and is used in making various tasty dishes. Rice flour acts as a healthy thickening agent in few refrigerated recipes, it gives the dishes smooth consistency. Rice flour is gluten free and a fine substitute for wheat flour. It is used to make sweets and rice noodles and also has an extensive use in baby food products. It is free from synthetic chemicals and pesticides.",10000030,https://www.bigbasket.com/media/uploads/p/l/40072486_7-bb-royal-organic-rice-flour.jpg
698," FOODGRAINS, OIL & MASALA ", ORGANIC STAPLES , ORGANIC FLOURS , BB ROYAL Organic - Rice Flour,bb Royal,1208910,https://www.bigbasket.com/pd/1208910/bb-royal-organic-rice-flour-2x1-kg/,"bb Royal Organic - Rice Flour, 2x1 kg Multipack",198,Rs 126,36%,2x1 kg,,https://www.bigbasket.com/media/uploads/p/mm/1208910_1-bb-royal-organic-rice-flour.jpg,"Rice flour is obtained from thinly ground rice. It is minced from raw white rice and is used in making various tasty dishes. Rice flour acts as a healthy thickening agent in few refrigerated recipes, it gives the dishes smooth consistency. Rice flour is gluten free and a fine substitute for wheat flour. It is used to make sweets and rice noodles and also has extensive use in baby food products. It is free of synthetic chemicals and pesticides.",1208910,https://www.bigbasket.com/media/uploads/p/l/1208910_1-bb-royal-organic-rice-flour.jpg
699," FOODGRAINS, OIL & MASALA ", ORGANIC STAPLES , ORGANIC FLOURS , BB ROYAL Organic - Rice Flour / Arsi Maavu,bb Royal,40072487,https://www.bigbasket.com/pd/40072487/bb-royal-organic-rice-flour-500-g/,"bb Royal Organic - Rice Flour / Arsi Maavu, 500 g",50,Rs 33,34%,500 g,veg,https://www.bigbasket.com/media/uploads/p/mm/40072487_11-bb-royal-organic-rice-flour.jpg,"rice flour is obtained from thinly ground rice. It is minced from raw white rice and is used in making various tasty dishes. Rice flour acts as a healthy thickening agent in few refrigerated recipes, it gives the dishes smooth consistency. Rice flour is gluten free and a fine substitute for wheat flour. It is used to make sweets and rice noodles and also has an extensive use in baby food products. It is free from synthetic chemicals and pesticides.",40072487,https://www.bigbasket.com/media/uploads/p/l/40072487_11-bb-royal-organic-rice-flour.jpg
700," FOODGRAINS, OIL & MASALA ", MASALAS & SPICES , POWDERED SPICES , BB ROYAL Turmeric/Haldi - Powder,bb Royal,40077192,https://www.bigbasket.com/pd/40077192/bb-royal-turmerichaldi-powder-500-g/,"bb Royal Turmeric/Haldi - Powder, 500 g",150,Rs 100,33%,500 g,veg,https://www.bigbasket.com/media/uploads/p/mm/40077192_2-bb-royal-turmerichaldi-powder.jpg,"Turmeric has a peppery, warm and bitter flavour and a mild fragrance slightly reminiscent of orange and ginger, and while it is the best to know as one of the ingredients used to make curry. Add this spice to anything, besides sweets, for a new flavour and a ton of health benefits.  You can use turmeric to add some zest to cooked vegetables, eggs, and meat dishes. You can also add it to boiling water you are using to make pasta, rice, soups, and more. Turmeric comes from the root of the Curcuma Longa plant and has a tough brown skin and a deep orange flesh.  Turmeric has long been used as a powerful anti-inflammatory in both the Chinese and Indian systems of medicine. Turmeric was traditionally called Indian saffron because of its deep yellow-orange colour and has been used throughout history as a condiment, healing remedy and textile dye.",8.90426E+12,https://www.bigbasket.com/media/uploads/p/l/40077192_2-bb-royal-turmerichaldi-powder.jpg
701," FOODGRAINS, OIL & MASALA ", MASALAS & SPICES , POWDERED SPICES , BB ROYAL Turmeric/Haldi - Powder,bb Royal,40077190,https://www.bigbasket.com/pd/40077190/bb-royal-turmerichaldi-powder-100-g/,"bb Royal Turmeric/Haldi - Powder, 100 g",30,Rs 20,33%,100 g,veg,https://www.bigbasket.com/media/uploads/p/mm/40077190_2-bb-royal-turmerichaldi-powder.jpg,"Turmeric has a peppery, warm and bitter flavour and a mild fragrance slightly reminiscent of orange and ginger, and while it is the best to know as one of the ingredients used to make curry. Add this spice to anything, besides sweets, for a new flavour and a ton of health benefits.  You can use turmeric to add some zest to cooked vegetables, eggs, and meat dishes. You can also add it to boiling water you are using to make pasta, rice, soups, and more. Turmeric comes from the root of the Curcuma Longa plant and has a tough brown skin and a deep orange flesh.  Turmeric has long been used as a powerful anti-inflammatory in both the Chinese and Indian systems of medicine. Turmeric was traditionally called Indian saffron because of its deep yellow-orange colour and has been used throughout history as a condiment, healing remedy and textile dye.",8.90426E+12,https://www.bigbasket.com/media/uploads/p/l/40077190_2-bb-royal-turmerichaldi-powder.jpg
702," FOODGRAINS, OIL & MASALA ", MASALAS & SPICES , POWDERED SPICES , BB ROYAL Turmeric/Haldi - Powder,bb Royal,40077191,https://www.bigbasket.com/pd/40077191/bb-royal-turmerichaldi-powder-200-g/,"bb Royal Turmeric/Haldi - Powder, 200 g",60,Rs 40,33%,200 g,veg,https://www.bigbasket.com/media/uploads/p/mm/40077191_2-bb-royal-turmerichaldi-powder.jpg,"Turmeric has a peppery, warm and bitter flavour and a mild fragrance slightly reminiscent of orange and ginger, and while it is the best to know as one of the ingredients used to make curry. Add this spice to anything, besides sweets, for a new flavour and a ton of health benefits.  You can use turmeric to add some zest to cooked vegetables, eggs, and meat dishes. You can also add it to boiling water you are using to make pasta, rice, soups, and more. Turmeric comes from the root of the Curcuma Longa plant and has a tough brown skin and a deep orange flesh.  Turmeric has long been used as a powerful anti-inflammatory in both the Chinese and Indian systems of medicine. Turmeric was traditionally called Indian saffron because of its deep yellow-orange colour and has been used throughout history as a condiment, healing remedy and textile dye.",8.90426E+12,https://www.bigbasket.com/media/uploads/p/l/40077191_2-bb-royal-turmerichaldi-powder.jpg
703," FOODGRAINS, OIL & MASALA ", ORGANIC STAPLES ," ORGANIC RICE, OTHER RICE ", BB ROYAL Organic - Foxtail Millet / Italian (Thinai Rice),bb Royal,40077488,https://www.bigbasket.com/pd/40077488/bb-royal-organic-foxtail-millet-italian-thinai-rice-500-g/,"bb Royal Organic - Foxtail Millet / Italian (Thinai Rice), 500 g",66,Rs 55,17%,500 g,veg,https://www.bigbasket.com/media/uploads/p/mm/40077488_10-bb-royal-organic-foxtail-millet-italian-thinai-rice.jpg,"Foxtail or Italian millet (setaria italica) is one of those forgotten grains that were a part of ancient Tamil culture. Foxtail millet, called Thinai in Tamil, is offered to Lord Muruga, the patron deity of Tamil Nadu.Foxtail millets are high in Iron content and these millets are totally pest-free. Foxtail not only not need any fumigants, but act as anti pest agents to store delicate pulses such as green gram. They also control blood sugar and cholesterol levels & increase HDL cholesterol.",40077488,https://www.bigbasket.com/media/uploads/p/l/40077488_10-bb-royal-organic-foxtail-millet-italian-thinai-rice.jpg
704," FOODGRAINS, OIL & MASALA ", ORGANIC STAPLES ," ORGANIC RICE, OTHER RICE ", BB ROYAL Organic - Foxtail Millet / Italian (Thinai Rice),bb Royal,40135843,https://www.bigbasket.com/pd/40135843/bb-royal-organic-foxtail-millet-italian-thinai-rice-2-kg/,"bb Royal Organic - Foxtail Millet / Italian (Thinai Rice), 2 kg",259,Rs 195,25%,2 kg,veg,https://www.bigbasket.com/media/uploads/p/mm/40135843_4-bb-royal-organic-foxtail-millet-italian-thinai-rice.jpg,"Foxtail or Italian millet (setaria italica) is one of those forgotten grains that were a part of ancient Tamil culture. Foxtail millet, called Thinai in Tamil, is offered to Lord Muruga, the patron deity of Tamil Nadu.Foxtail millets are high in Iron content and these millets are totally pest-free. Foxtail not only not need any fumigants, but act as anti pest agents to store delicate pulses such as green gram. They also control blood sugar and cholesterol levels & increase HDL cholesterol.",40135843,https://www.bigbasket.com/media/uploads/p/l/40135843_4-bb-royal-organic-foxtail-millet-italian-thinai-rice.jpg
705," FOODGRAINS, OIL & MASALA ", ORGANIC STAPLES ," ORGANIC RICE, OTHER RICE ", BB ROYAL Organic - Foxtail Millet / Italian (Thinai Rice),bb Royal,40109374,https://www.bigbasket.com/pd/40109374/bb-royal-organic-foxtail-millet-italian-thinai-rice-1-kg/,"bb Royal Organic - Foxtail Millet / Italian (Thinai Rice), 1 kg",130,Rs 99,24%,1 kg,veg,https://www.bigbasket.com/media/uploads/p/mm/40109374_11-bb-royal-organic-foxtail-millet-italian-thinai-rice.jpg,"Foxtail or Italian millet (setaria italica) is one of those forgotten grains that were a part of ancient Tamil culture. Foxtail millet, called Thinai in Tamil, is offered to Lord Muruga, the patron deity of Tamil Nadu.Foxtail millets are high in Iron content and these millets are totally pest-free. Foxtail not only not need any fumigants, but act as anti pest agents to store delicate pulses such as green gram. They also control blood sugar and cholesterol levels & increase HDL cholesterol.",40109374,https://www.bigbasket.com/media/uploads/p/l/40109374_11-bb-royal-organic-foxtail-millet-italian-thinai-rice.jpg
711," FOODGRAINS, OIL & MASALA ", MASALAS & SPICES , WHOLE SPICES , BB ROYAL Dry Ginger/Adrak,bb Royal,30000284,https://www.bigbasket.com/pd/30000284/bb-royal-dry-gingeradrak-50-g/,"bb Royal Dry Ginger/Adrak, 50 g",40,Rs 33,18%,50 g,veg,https://www.bigbasket.com/media/uploads/p/mm/30000284_5-bb-royal-dry-gingeradrak.jpg,Dried ginger is nothing but clean ginger which undergoes a drying process before being used. Dried ginger includes a pale yellow inside and a skin varying in colour from brown to off-white. Whole fresh roots give the freshest taste. It is utilised in culinary recipes; it improves their flavour and aroma.,3000028499,https://www.bigbasket.com/media/uploads/p/l/30000284_5-bb-royal-dry-gingeradrak.jpg
712," FOODGRAINS, OIL & MASALA ", MASALAS & SPICES , WHOLE SPICES , BB ROYAL Dry Ginger/Adrak,bb Royal,40026599,https://www.bigbasket.com/pd/40026599/bb-royal-dry-gingeradrak-100-g/,"bb Royal Dry Ginger/Adrak, 100 g",80,Rs 63,21%,100 g,veg,https://www.bigbasket.com/media/uploads/p/mm/40026599_3-bb-royal-dry-gingeradrak.jpg,Dried ginger is nothing but clean ginger which undergoes a drying process before being used. Dried ginger includes a pale yellow inside and a skin varying in colour from brown to off-white. Whole fresh roots give the freshest taste. It is utilised in culinary recipes; it improves their flavour and aroma.,40026599,https://www.bigbasket.com/media/uploads/p/l/40026599_3-bb-royal-dry-gingeradrak.jpg
713," FOODGRAINS, OIL & MASALA ", ORGANIC STAPLES , ORGANIC MASALAS & SPICES , BB ROYAL Organic Tamarind,bb Royal,40176444,https://www.bigbasket.com/pd/40176444/bb-royal-organic-tamarind-1-kg/,"bb Royal Organic Tamarind, 1 kg",339,Rs 289,15%,1 kg,veg,https://www.bigbasket.com/media/uploads/p/mm/40176444_3-bb-royal-organic-tamarind.jpg,"BB Royal tamarind is sweet and tangy. It is an extensively used condiment spice that is necessary for Indian kitchens. Tamarind has antioxidant and anti-inflammatory properties which can protect against heart disease, diabetes, etc.",40176444,https://www.bigbasket.com/media/uploads/p/l/40176444_3-bb-royal-organic-tamarind.jpg
714," FOODGRAINS, OIL & MASALA ", ORGANIC STAPLES , ORGANIC MASALAS & SPICES , BB ROYAL Organic - Tamarind / Puli,bb Royal,40072493,https://www.bigbasket.com/pd/40072493/bb-royal-organic-tamarind-500-g/,"bb Royal Organic - Tamarind / Puli, 500 g",180,Rs 155,14%,500 g,veg,https://www.bigbasket.com/media/uploads/p/mm/40072493_7-bb-royal-organic-tamarind.jpg,BB Royal tamarind is sweet and tasty. It is an extensively used condiment spice that is necessary for Indian kitchens. One can make a variety of dishes and pickles with these tamarinds. ,40072493,https://www.bigbasket.com/media/uploads/p/l/40072493_7-bb-royal-organic-tamarind.jpg
715," FOODGRAINS, OIL & MASALA ", MASALAS & SPICES , POWDERED SPICES , BB ROYAL Coriander/Dhania - Powder,bb Royal,40077187,https://www.bigbasket.com/pd/40077187/bb-royal-corianderdhania-powder-100-g/,"bb Royal Coriander/Dhania - Powder, 100 g",30,Rs 20,33%,100 g,veg,https://www.bigbasket.com/media/uploads/p/mm/40077187_2-bb-royal-corianderdhania-powder.jpg,Coriander powder made from freshly roasted coriander seeds. Coriander Powder is one along with those spices to add intense flavor to some of the unique dishes. It consists of antioxidants which can hold-up or avoid the spoilage of food seasoned with this spice. It is also best and sturdy enough to make your food yummy as well as favorable. It is best in excellence and finest in flavor that spreads the brightness all over.,8.90426E+12,https://www.bigbasket.com/media/uploads/p/l/40077187_2-bb-royal-corianderdhania-powder.jpg
716," FOODGRAINS, OIL & MASALA ", MASALAS & SPICES , POWDERED SPICES , BB ROYAL Coriander/Dhania - Powder,bb Royal,40077188,https://www.bigbasket.com/pd/40077188/bb-royal-corianderdhania-powder-200-g/,"bb Royal Coriander/Dhania - Powder, 200 g",60,Rs 40,33%,200 g,veg,https://www.bigbasket.com/media/uploads/p/mm/40077188_2-bb-royal-corianderdhania-powder.jpg,This coriander powder is made from freshly roasted coriander seeds. Coriander Powder is one along with those spices to add intense flavour to some of the unique dishes. It consists of antioxidants which can hold-up or avoid the spoilage of food seasoned with this spice. It is also best and sturdy enough to make your food yummy as well as favourable. It is best in excellence and finest in flavour that spreads the brightness all over.,8.90426E+12,https://www.bigbasket.com/media/uploads/p/l/40077188_2-bb-royal-corianderdhania-powder.jpg
717," FOODGRAINS, OIL & MASALA ", MASALAS & SPICES , POWDERED SPICES , BB ROYAL Coriander/Dhania - Powder,bb Royal,40077189,https://www.bigbasket.com/pd/40077189/bb-royal-corianderdhania-powder-500-g/,"bb Royal Coriander/Dhania - Powder, 500 g",128,Rs 85.76,33%,500 g,veg,https://www.bigbasket.com/media/uploads/p/mm/40077189_2-bb-royal-corianderdhania-powder.jpg,This coriander powder is made from freshly roasted coriander seeds. Coriander Powder is one along with those spices to add intense flavour to some of the unique dishes. It consists of antioxidants which can hold-up or avoid the spoilage of food seasoned with this spice. It is also best and sturdy enough to make your food yummy as well as favourable. It is best in excellence and finest in flavour that spreads the brightness all over.,8.90426E+12,https://www.bigbasket.com/media/uploads/p/l/40077189_2-bb-royal-corianderdhania-powder.jpg
721," FOODGRAINS, OIL & MASALA ", ORGANIC STAPLES , ORGANIC DALS & PULSES , BB ROYAL Organic - Bengal Gram Dal / Pottukadalai,bb Royal,40072504,https://www.bigbasket.com/pd/40072504/bb-royal-organic-fried-grambengal-gram-dal-200-g/,"bb Royal Organic - Bengal Gram Dal / Pottukadalai, 200 g",37,Rs 32,14%,200 g,veg,https://www.bigbasket.com/media/uploads/p/mm/40072504_10-bb-royal-organic-fried-grambengal-gram-dal.jpg,"Bengal gram is consumed in the form of entire dried seeds and in the form of dhal, made by splitting the seeds in a mill and separating the husk. It makes a great, healthy snack on the go because they are rich in fibre and protein, and low in fat and calories. It is perfect for food preparation into various dishes at house, hotels, restaurants, cafeterias, etc. It is one of the most essential pulses in India. It is free of synthetic chemicals and pesticides.",40072504,https://www.bigbasket.com/media/uploads/p/l/40072504_10-bb-royal-organic-fried-grambengal-gram-dal.jpg
722," FOODGRAINS, OIL & MASALA ", ORGANIC STAPLES , ORGANIC DALS & PULSES , BB ROYAL Organic Fried Gram/Bengal Gram Dal,bb Royal,40125924,https://www.bigbasket.com/pd/40125924/bb-royal-organic-fried-grambengal-gram-dal-1-kg/,"bb Royal Organic Fried Gram/Bengal Gram Dal, 1 kg",179,Rs 128,28%,1 kg,veg,https://www.bigbasket.com/media/uploads/p/mm/40125924_6-bb-royal-organic-fried-grambengal-gram-dal.jpg,"Bengal gram is consumed as dried seeds and in the form of dhal, made by splitting the seeds in a mill and separating the husk. It makes a healthy on the go snack because they are rich in fibre and protein while being low in fat and calories. It is one of the most essential pulses in India and it is free from synthetic chemicals and pesticides.",40125924,https://www.bigbasket.com/media/uploads/p/l/40125924_6-bb-royal-organic-fried-grambengal-gram-dal.jpg
723," FOODGRAINS, OIL & MASALA ", ORGANIC STAPLES , ORGANIC DALS & PULSES , BB ROYAL Organic - Roasted Bengal Gram Dal / Pottukadalai,bb Royal,40072503,https://www.bigbasket.com/pd/40072503/bb-royal-organic-fried-grambengal-gram-dal-500-g/,"bb Royal Organic - Roasted Bengal Gram Dal / Pottukadalai, 500 g",91,Rs 75,18%,500 g,veg,https://www.bigbasket.com/media/uploads/p/mm/40072503_12-bb-royal-organic-fried-grambengal-gram-dal.jpg,"Bengal gram is consumed in the form of entire dried seeds and in the form of dhal, made by splitting the seeds in a mill and separating the husk. It makes a great, healthy snack on the go because they are rich in fibre and protein, and low in fat and calories. It is perfect for food preparation into various dishes at house, hotels, restaurants, cafeterias, etc. It is one of the most essential pulses in India. It is free of synthetic chemicals and pesticides.",40072503,https://www.bigbasket.com/media/uploads/p/l/40072503_12-bb-royal-organic-fried-grambengal-gram-dal.jpg
724," FOODGRAINS, OIL & MASALA "," ATTA, FLOURS & SOOJI "," SOOJI, MAIDA & BESAN ", BB ROYAL Rava - Wheat,bb Royal,20000577,https://www.bigbasket.com/pd/20000577/bb-royal-rava-wheat-500-g-pouch/,"bb Royal Rava - Wheat, 500 g Pouch",110,Rs 103,7,500 g,,https://www.bigbasket.com/media/uploads/p/mm/20000577_2-bb-royal-rava-wheat.jpg,"Wheat Rava is an easy and tasty which includes low-calorie, low-fat, high dietary fiber and rich in Iron, Protein and vitamins. It is a rich supply of nutrients. It has an plenty of vitamins and minerals, but it is mainly rich in vitamin E. Click here for unique and delicious recipes - https://www.bigbasket.com/flavors/collections/232/flours-sooji/",20000577,https://www.bigbasket.com/media/uploads/p/l/20000577_2-bb-royal-rava-wheat.jpg
725," FOODGRAINS, OIL & MASALA ", ORGANIC STAPLES ," ORGANIC RICE, OTHER RICE ", BB ROYAL Organic Barnyard Millet/Kudiraivali Rice,bb Royal,40077490,https://www.bigbasket.com/pd/40077490/bb-royal-organic-barnyard-milletkudiraivali-rice-500-g/,"bb Royal Organic Barnyard Millet/Kudiraivali Rice, 500 g",79,Rs 61,23%,500 g,veg,https://www.bigbasket.com/media/uploads/p/mm/40077490_10-bb-royal-organic-barnyard-milletkudiraivali-rice.jpg,"Barnyard millet or Kudiraivali rice is a highly digestible cereal that is protein rich, and is a wholesome addition to your diet. The organic staple has numerous health benefits. It contains Vitamin B3, which aids in reducing high blood cholesterol. It’s fair amount of protein, carbohydrates and fat content makes it a wholesome meal option. BB Royal’s Organic Barnyard Millet/ Kudiraivali Rice is premium staple, packed with nutrients. You can use barnyard millet to make sticky puddings and kheers, and in a host of other sweet and savoury dishes. BB Royal is a premium brand of organic staples by Big Basket. The entire range of products is sourced from the best of farms and produce to ensure high quality standards. - Qualified buyers with years of experience handpick all products under BB Royal after rigorous scrutiny. - All BB Royal products are cleaned and packed in hygienic facilities in high quality food grade packaging. - There is a no questions asked return policy on all BB Royal products in a bid to provide you nothing but the best!",40077490,https://www.bigbasket.com/media/uploads/p/l/40077490_10-bb-royal-organic-barnyard-milletkudiraivali-rice.jpg
726," FOODGRAINS, OIL & MASALA ", ORGANIC STAPLES ," ORGANIC RICE, OTHER RICE ", BB ROYAL Organic Barnyard Millet/Kudiraivali Rice,bb Royal,40109371,https://www.bigbasket.com/pd/40109371/bb-royal-organic-barnyard-milletkudiraivali-rice-1-kg/,"bb Royal Organic Barnyard Millet/Kudiraivali Rice, 1 kg",149,Rs 110,26%,1 kg,veg,https://www.bigbasket.com/media/uploads/p/mm/40109371_11-bb-royal-organic-barnyard-milletkudiraivali-rice.jpg,"Barnyard millets are high in fibre content, phosphorous and calcium. Barnyard has a low glycemic index and thus helps in type 2 diabetes, cardiovascular disease with regular intake of this millet.",40109371,https://www.bigbasket.com/media/uploads/p/l/40109371_11-bb-royal-organic-barnyard-milletkudiraivali-rice.jpg
728," FOODGRAINS, OIL & MASALA ", RICE & RICE PRODUCTS , BASMATI RICE , BB ROYAL Basmati Rice - Super Premium,bb Royal,40110354,https://www.bigbasket.com/pd/40110354/bb-royal-basmati-rice-super-premium-1-kg/,"bb Royal Basmati Rice - Super Premium, 1 kg",180,Rs 117,35%,1 kg,veg,https://www.bigbasket.com/media/uploads/p/mm/40110354_4-bb-royal-basmati-rice-super-premium.jpg,"Sourced from the rice-bowl-states of Punjab, Haryana and Uttarakhand, it is processed in GMP plants using Swiss technology to ensure superior quality and nutrition value. The bb Royal Super Premium basmati rice leaves a lasting impression because of its aroma, flavour and fluffy texture.",40110354,https://www.bigbasket.com/media/uploads/p/l/40110354_4-bb-royal-basmati-rice-super-premium.jpg
729," FOODGRAINS, OIL & MASALA ", RICE & RICE PRODUCTS , BASMATI RICE , BB ROYAL Basmati Rice - Super Premium,bb Royal,1200571,https://www.bigbasket.com/pd/1200571/bb-royal-basmati-rice-super-premium-2x1-kg/,"bb Royal Basmati Rice - Super Premium, 2x1 kg Multipack",360,Rs 230,36%,2x1 kg,,https://www.bigbasket.com/media/uploads/p/mm/1200571_1-bb-royal-basmati-rice-super-premium.jpg,"BB Royal Premium Basmati rice leaves a lasting impression because of its aroma, flavour and fluffy texture. Popularly known as Pusa from the Basmati-rice-bowl states of Punjab, Haryana and Uttarakhand, this rice is processed in GMP plants using Swiss technology to ensure superior quality and high nutritional value. BB Royal Premium Basmati Rice has been perfectly aged making it non-sticky and fluffy when cooked. Click here for unique and delicious recipes - https://www.bigbasket.com/flavors/collections/233/rice-rice-products/",1200571,https://www.bigbasket.com/media/uploads/p/l/1200571_1-bb-royal-basmati-rice-super-premium.jpg
730," FOODGRAINS, OIL & MASALA ", ORGANIC STAPLES , ORGANIC DRY FRUITS , BB ROYAL Organic - Flax Seeds,bb Royal,40135842,https://www.bigbasket.com/pd/40135842/bb-royal-organic-flax-seeds-1-kg/,"bb Royal Organic - Flax Seeds, 1 kg",170,Rs 135,21%,1 kg,veg,https://www.bigbasket.com/media/uploads/p/mm/40135842_5-bb-royal-organic-flax-seeds.jpg,"Flaxseeds have a mild savour and are well-known for providing the strong omega-3 fatty acids and fibre. They have a hard but soft and glossy outer shell. The colour of this seed ranges from deep amber to reddish brown and It has a simple flavour. This is cultivated without the use of pesticides, artificial fertilizers or chemicals. It is good for losing weight, reduce the risk of cancer, improves digestion, and balances the hormone.",40135842,https://www.bigbasket.com/media/uploads/p/l/40135842_5-bb-royal-organic-flax-seeds.jpg
731," FOODGRAINS, OIL & MASALA ", ORGANIC STAPLES , ORGANIC DRY FRUITS , BB ROYAL Organic - Flax Seeds,bb Royal,40109373,https://www.bigbasket.com/pd/40109373/bb-royal-organic-flax-seeds-500-g/,"bb Royal Organic - Flax Seeds, 500 g",88,Rs 69,22%,500 g,veg,https://www.bigbasket.com/media/uploads/p/mm/40109373_9-bb-royal-organic-flax-seeds.jpg,"Flaxseeds have a mild savor and are well-known for providing strong omega-3 fatty acids and fiber. They have a hard but soft and glossy outer shell. The color of this seed ranges from deep amber to reddish brown. It has a lukewarm, type of silly and simple flavor. This is cultivated without the use of pesticides, artificial fertilizers or chemicals.",40109373,https://www.bigbasket.com/media/uploads/p/l/40109373_9-bb-royal-organic-flax-seeds.jpg
732," FOODGRAINS, OIL & MASALA ", ORGANIC STAPLES , ORGANIC DRY FRUITS , BB ROYAL Organic - Flax Seeds / Ali Vidai,bb Royal,40072470,https://www.bigbasket.com/pd/40072470/bb-royal-organic-flax-seeds-200-g/,"bb Royal Organic - Flax Seeds / Ali Vidai, 200 g",37,Rs 32,14%,200 g,veg,https://www.bigbasket.com/media/uploads/p/mm/40072470_12-bb-royal-organic-flax-seeds.jpg,"Flaxseeds have a mild savor and are well-known for providing strong omega-3 fatty acids and fiber. They have a hard but soft and glossy outer shell. The color of this seed ranges from deep amber to reddish brown. It has a lukewarm, type of silly and simple flavor.This is cultivated without the use of pesticides ,artificial fertilizers or chemicals.",40072470,https://www.bigbasket.com/media/uploads/p/l/40072470_12-bb-royal-organic-flax-seeds.jpg
735," FOODGRAINS, OIL & MASALA ", ORGANIC STAPLES , ORGANIC DRY FRUITS , BB ROYAL Organic - Chia Seeds,bb Royal,40135840,https://www.bigbasket.com/pd/40135840/bb-royal-organic-chia-seeds-500-g/,"bb Royal Organic - Chia Seeds, 500 g",249,Rs 189,24%,500 g,veg,https://www.bigbasket.com/media/uploads/p/mm/40135840_2-bb-royal-organic-chia-seeds.jpg,"Chia is the nutritious and healthy seeds, with high protein, antioxidants, and fibre. They are a rich plant source of Omega-3 and also called Runners food because of their power-packed protein punch. Chia seeds lower the risk of cancer, reduces blood sugar levels, and also, helps to lose weight. It is a great energy booster and supports the digestive system.",40135840,https://www.bigbasket.com/media/uploads/p/l/40135840_2-bb-royal-organic-chia-seeds.jpg
736," FOODGRAINS, OIL & MASALA ", ORGANIC STAPLES , ORGANIC DRY FRUITS , BB ROYAL Organic - Chia Seeds,bb Royal,40100577,https://www.bigbasket.com/pd/40100577/bb-royal-organic-chia-seeds-200-g/,"bb Royal Organic - Chia Seeds, 200 g",105,Rs 80,24%,200 g,veg,https://www.bigbasket.com/media/uploads/p/mm/40100577_6-bb-royal-organic-chia-seeds.jpg,"Chia are nutritious and healthy seeds, with High Protein and Fibre. They are rich plant source of Omega-3. They are also called Runners food because of their power packed protein punch",40100577,https://www.bigbasket.com/media/uploads/p/l/40100577_6-bb-royal-organic-chia-seeds.jpg
737," FOODGRAINS, OIL & MASALA ", ORGANIC STAPLES , ORGANIC DRY FRUITS , BB ROYAL Organic - Chia seeds,bb Royal,40109382,https://www.bigbasket.com/pd/40109382/bb-royal-organic-chia-seeds-100-g/,"bb Royal Organic - Chia seeds, 100 g",53,Rs 44,17%,100 g,veg,https://www.bigbasket.com/media/uploads/p/mm/40109382_6-bb-royal-organic-chia-seeds.jpg,"Raw Chia Seeds, Naturally Gluten Free, Raw Chia Seeds Are A Whole, Vegetarian Food, Naturally Rich In Omega-3 And Omega-6 Essential Fatty Acids, Dietary Fiber, Protein And Other Essential Minerals. Just A Spoonful Of Raw Chia Seeds A Day Is An Easy And Delicious Way To Support Your Digestive Health And Satiate Your Appetite Homemade Buffalo Manure Has Been Used As A Compost During The Cultivation Of These Seeds. No Pesticides Or Insecticides Were Used Making It Near Organic Suggested Uses - 1 Tbsp. Daily Mixes Easily In Water Or Juice. Excellent When Used As A Topping For Yogurt, Salad, Breakfast Cereals, Blended Smoothie Beverages And Fresh Coconut Water Ingredients - Organically Grown 100% Chia Seed (Salvia Hispanica) 15 G Of Chia Seeds Provide - All Your Daily Requirement Of Omega-3 And Omega 6 - Also Boosts The Fiber, Antioxidants And Protein In Your Diet",40109382,https://www.bigbasket.com/media/uploads/p/l/40109382_6-bb-royal-organic-chia-seeds.jpg
738," FOODGRAINS, OIL & MASALA ", ORGANIC STAPLES , ORGANIC DRY FRUITS , BB ROYAL Organic - Chia Seeds,bb Royal,1208905,https://www.bigbasket.com/pd/1208905/bb-royal-organic-chia-seeds-2x500-g/,"bb Royal Organic - Chia Seeds, 2x500 g Multipack",498,Rs 378,24%,2x500 g,,https://www.bigbasket.com/media/uploads/p/mm/1208905_1-bb-royal-organic-chia-seeds.jpg,"Chia is the nutritious and healthy seeds, with high protein, antioxidants, and fibre. They are a rich plant source of Omega-3 and also called Runners food because of their power-packed protein punch. Chia seeds lower the risk of cancer, reduces blood sugar levels, and also, helps to lose weight. It is a great energy booster and supports the digestive system.",1208905,https://www.bigbasket.com/media/uploads/p/l/1208905_1-bb-royal-organic-chia-seeds.jpg
739," FOODGRAINS, OIL & MASALA ", MASALAS & SPICES , WHOLE SPICES , BB POPULAR Cloves/Laung,bb Popular,40133684,https://www.bigbasket.com/pd/40133684/bb-popular-cloveslaung-20-g/,"bb Popular Cloves/Laung, 20 g",30,Rs 26,13%,20 g,veg,https://www.bigbasket.com/media/uploads/p/mm/40133684_6-bb-popular-cloveslaung.jpg,"Cloves are the dried flower bud of the evergreen tree, Eugenia Aromatica. Cloves are an incredibly common type of spices that are broadly used for cooking and other purposes. It is also highly used in Cigarettes to add taste. Cloves are used to create oil, as an antiseptic and even for other medicinal purposes. They are also famous for their health benefits and have been usually used as a component in preparing remedies for several diseases.",40133684,https://www.bigbasket.com/media/uploads/p/l/40133684_6-bb-popular-cloveslaung.jpg
741," FOODGRAINS, OIL & MASALA ", DALS & PULSES , URAD & OTHER DALS , BB ROYAL Rajma - Red,bb Royal,70001288,https://www.bigbasket.com/pd/70001288/bb-royal-rajma-red-1-kg-pouch/,"bb Royal Rajma - Red, 1 kg Pouch",200,Rs 146,27%,1 kg,veg,https://www.bigbasket.com/media/uploads/p/mm/70001288_6-bb-royal-rajma-red.jpg,"Rajma Red is better than the normal rajma and especially soft texture and more delicate flavor. These are white in color. Pulses are low in fat & cholesterol, rich in protein and high in dietary fiber. The normal antioxidants in the beans offer several health benefits. It is a very superior supply of cholesterol-lowering fiber, as are most other beans. It is an admirable supply of folate, dietary fiber and manganese. Click here for unique and delicious recipes - https://www.bigbasket.com/flavors/collections/230/dals-pulses/",8.90417E+12,https://www.bigbasket.com/media/uploads/p/l/70001288_6-bb-royal-rajma-red.jpg
742," FOODGRAINS, OIL & MASALA ", DALS & PULSES , URAD & OTHER DALS , BB ROYAL Rajma Red/Rajma,bb Royal,10000435,https://www.bigbasket.com/pd/10000435/bb-royal-rajma-red-500-g-pouch/,"bb Royal Rajma Red/Rajma, 500 g Pouch",100,Rs 76,24%,500 g,veg,https://www.bigbasket.com/media/uploads/p/mm/10000435_15-bb-royal-rajma-red.jpg,"The BB Royal red kidney beans or rajma is definitely fit for a kingly meal. High on taste and packed with protein, BB Royal red kidney beans are selected from the finest growers. It is then air packed in a way that it provides optimal freshness when opened. Click here for unique and delicious recipes - https://www.bigbasket.com/flavors/collections/230/dals-pulses/",10000435,https://www.bigbasket.com/media/uploads/p/l/10000435_15-bb-royal-rajma-red.jpg
743," FOODGRAINS, OIL & MASALA ", DALS & PULSES , URAD & OTHER DALS , BB ROYAL Rajma Red/Rajma,bb Royal,10000564,https://www.bigbasket.com/pd/10000564/bb-royal-rajma-red-200-g-pouch/,"bb Royal Rajma Red/Rajma, 200 g Pouch",45,Rs 32,29%,200 g,veg,https://www.bigbasket.com/media/uploads/p/mm/10000564_11-bb-royal-rajma-red.jpg,"Rajma Red is dark red kidney beans embrace their shape really well during cooking and gladly absorb contiguous flavors, they are a choice bean to use in simmered dishes. These are an outstanding source of folate, manganese and dietary fiber. It is an excellent source of protein, thiamine (vitamin B1), potassium, copper, phosphorus, magnesium, iron and potassium. These are little in fat and loaded with nutrients. Click here for unique and delicious recipes - https://www.bigbasket.com/flavors/collections/230/dals-pulses/",10000564,https://www.bigbasket.com/media/uploads/p/l/10000564_11-bb-royal-rajma-red.jpg
744," FOODGRAINS, OIL & MASALA ", DRY FRUITS , CASHEWS , BB POPULAR Cashew/Kaju - Split,bb Popular,40019554,https://www.bigbasket.com/pd/40019554/bb-popular-cashewkaju-split-500-g/,"bb Popular Cashew/Kaju - Split, 500 g",750,Rs 449,40%,500 g,veg,https://www.bigbasket.com/media/uploads/p/mm/40019554_5-bb-popular-cashewkaju-split.jpg,"Cashew Whole hardens and alters to a darker white once roasted, and contains a rich flavor making it the most delicious nut. It is white, spongy and meaty. These are wealthy in monounsaturated fatty acid and minerals such as iron, potassium, copper, zinc, phosphorous and selenium. Click here for unique and delicious recipes - https://www.bigbasket.com/flavors/collections/231/dry-fruits-berries-nuts/",40019554,https://www.bigbasket.com/media/uploads/p/l/40019554_5-bb-popular-cashewkaju-split.jpg
745," FOODGRAINS, OIL & MASALA ", DRY FRUITS , CASHEWS , BB POPULAR Cashew /Kaju Split/Mundhiri,bb Popular,10000499,https://www.bigbasket.com/pd/10000499/bb-popular-cashewkaju-split-100-g/,"bb Popular Cashew /Kaju Split/Mundhiri, 100 g",120,Rs 95,21%,100 g,veg,https://www.bigbasket.com/media/uploads/p/mm/10000499_5-bb-popular-cashewkaju-split.jpg,"Cashew - Split (2 pc) includes good amounts of dietary fibre, oil and antioxidants. It is very wealthy in flavour are a common ingredient in desserts and are utilized to make oils. They create excellent garnish for baked goods. Cashews are wealthy in iron, selenium, phosphorus, magnesium and zinc. They are also excellent sources of protein, antioxidants and phytochemicals. Click here for unique and delicious recipes - https://www.bigbasket.com/flavors/collections/231/dry-fruits-berries-nuts/",1000049999,https://www.bigbasket.com/media/uploads/p/l/10000499_5-bb-popular-cashewkaju-split.jpg
746," FOODGRAINS, OIL & MASALA ", DRY FRUITS , CASHEWS , BB POPULAR Cashew/Kaju - Split,bb Popular,40021403,https://www.bigbasket.com/pd/40021403/bb-popular-cashewkaju-split-1-kg/,"bb Popular Cashew/Kaju - Split, 1 kg",1200,Rs 863,28%,1 kg,veg,https://www.bigbasket.com/media/uploads/p/mm/40021403_5-bb-popular-cashewkaju-split.jpg,"These split cashews contain a rich flavour making it the most delicious nut. It is off-white in colour and is soft with a mild taste. Cashew contains high level of iron, zinc, copper which support healthy muscles and bones. Click here for unique and delicious recipes - https://www.bigbasket.com/flavors/collections/231/dry-fruits-berries-nuts/",40021403,https://www.bigbasket.com/media/uploads/p/l/40021403_5-bb-popular-cashewkaju-split.jpg
747," FOODGRAINS, OIL & MASALA ", DRY FRUITS , CASHEWS , BB POPULAR Cashew /Kaju Split/Mundhiri,bb Popular,10000525,https://www.bigbasket.com/pd/10000525/bb-popular-cashewkaju-split-200-g/,"bb Popular Cashew /Kaju Split/Mundhiri, 200 g",240,Rs 185,23%,200 g,veg,https://www.bigbasket.com/media/uploads/p/mm/10000525_5-bb-popular-cashewkaju-split.jpg,"Cashew - Split is very wealthy in flavour is a common ingredient in desserts and are utilized to make oils. It includes good amounts of dietary fibre, oil and antioxidants. Cashews are wealthy in iron, selenium, phosphorus, magnesium and zinc. They are also good sources of protein, antioxidants and phytochemicals. Click here for unique and delicious recipes - https://www.bigbasket.com/flavors/collections/231/dry-fruits-berries-nuts/",100005257,https://www.bigbasket.com/media/uploads/p/l/10000525_5-bb-popular-cashewkaju-split.jpg
748," FOODGRAINS, OIL & MASALA ", ORGANIC STAPLES ," ORGANIC RICE, OTHER RICE ", BB ROYAL Organic - Ragi Whole/Finger Millet,bb Royal,1208912,https://www.bigbasket.com/pd/1208912/bb-royal-organic-ragi-wholefinger-millet-2x1-kg/,"bb Royal Organic - Ragi Whole/Finger Millet, 2x1 kg Multipack",152,Rs 116,24%,2x1 kg,,https://www.bigbasket.com/media/uploads/p/mm/1208912_1-bb-royal-organic-ragi-wholefinger-millet.jpg,"Millet or Ragi as commonly well-known is frequently used in the South kitchens. It is a rich source of minerals like iron, calcium and thiamine. It is one of the most excellent Health food for controlling diabetes and reducing weight and cooling the body.",1208912,https://www.bigbasket.com/media/uploads/p/l/1208912_1-bb-royal-organic-ragi-wholefinger-millet.jpg
749," FOODGRAINS, OIL & MASALA ", ORGANIC STAPLES ," ORGANIC RICE, OTHER RICE ", BB ROYAL Organic - Ragi Whole / Kizhvaragu,bb Royal,40077434,https://www.bigbasket.com/pd/40077434/bb-royal-organic-ragi-wholefinger-millet-500-g/,"bb Royal Organic - Ragi Whole / Kizhvaragu, 500 g",39,Rs 31,21%,500 g,veg,https://www.bigbasket.com/media/uploads/p/mm/40077434_9-bb-royal-organic-ragi-wholefinger-millet.jpg,"Millet or Ragi as commonly well-known is frequently used in the South kitchens. It is rich source of minerals like iron, calcium and thiamine. It is one of the most excellent Health food for controlling diabetes and reducing weight and a cooling the body.",40077434,https://www.bigbasket.com/media/uploads/p/l/40077434_9-bb-royal-organic-ragi-wholefinger-millet.jpg
750," FOODGRAINS, OIL & MASALA ", ORGANIC STAPLES ," ORGANIC RICE, OTHER RICE ", BB ROYAL Organic - Ragi Whole/Finger Millet,bb Royal,40109380,https://www.bigbasket.com/pd/40109380/bb-royal-organic-ragi-wholefinger-millet-1-kg/,"bb Royal Organic - Ragi Whole/Finger Millet, 1 kg",76,Rs 58,24%,1 kg,veg,https://www.bigbasket.com/media/uploads/p/mm/40109380_11-bb-royal-organic-ragi-wholefinger-millet.jpg,"Millet or Ragi as commonly well-known is frequently used in the South kitchens. It is rich source of minerals like iron, calcium and thiamine. It is one of the most excellent Health food for controlling diabetes and reducing weight and a cooling the body.",40109380,https://www.bigbasket.com/media/uploads/p/l/40109380_11-bb-royal-organic-ragi-wholefinger-millet.jpg
752," FOODGRAINS, OIL & MASALA ", ORGANIC STAPLES ," ORGANIC RICE, OTHER RICE ", BB ROYAL Organic - Poha / Aval,bb Royal,40072521,https://www.bigbasket.com/pd/40072521/bb-royal-organic-poha-500-g/,"bb Royal Organic - Poha / Aval, 500 g",55,Rs 38,31%,500 g,veg,https://www.bigbasket.com/media/uploads/p/mm/40072521_13-bb-royal-organic-poha.jpg,"Poha, also known as compressed rice or beaten rice, as the name recommends are flakes completed by flattening dehusked rice. These are rigid, bland-tasting, white grains that make softer and tend to swell up to twice their size when soaked in water. Avalakki considered strong because it doesn't include any cholesterol and saturated fat. With less sodium content, compressed rice is a strong choice of calorie. It is normally used for making breakfast dishes, which is always a strong choice and it is made from the rice which is grown organically.",40072521,https://www.bigbasket.com/media/uploads/p/l/40072521_13-bb-royal-organic-poha.jpg
753," FOODGRAINS, OIL & MASALA ", ORGANIC STAPLES ," ORGANIC RICE, OTHER RICE ", BB ROYAL Organic - Poha,bb Royal,40093612,https://www.bigbasket.com/pd/40093612/bb-royal-organic-poha-1-kg/,"bb Royal Organic - Poha, 1 kg",110,Rs 66,40%,1 kg,veg,https://www.bigbasket.com/media/uploads/p/mm/40093612_7-bb-royal-organic-poha.jpg,"Poha, also known as compressed rice or beaten rice, as the name recommends are flakes completed by flattening dehusked rice. These are rigid, bland-tasting, white grains that make softer and tend to swell up to twice their size when soaked in water. Avalakki considered strong because it doesnt include any cholesterol and saturated fat. With less sodium content, compressed rice is a strong choice of calorie. It is normally used for making breakfast dishes, which is always a strong choice and it is made from the rice which is grown organically.",40093612,https://www.bigbasket.com/media/uploads/p/l/40093612_7-bb-royal-organic-poha.jpg
754," FOODGRAINS, OIL & MASALA ", ORGANIC STAPLES ," ORGANIC RICE, OTHER RICE ", BB ROYAL Organic - Poha,bb Royal,1205375,https://www.bigbasket.com/pd/1205375/bb-royal-organic-poha-2x1-kg/,"bb Royal Organic - Poha, 2x1 kg Multipack",220,Rs 132,40%,2x1 kg,,https://www.bigbasket.com/media/uploads/p/mm/1205375_1-bb-royal-organic-poha.jpg,"Poha, also known as compressed rice or beaten rice, as the name recommends are flakes completed by flattening dehusked rice. These are rigid, bland-tasting, white grains that make softer and tend to swell up to twice their size when soaked in water. Avalakki considered strong because it doesnt include any cholesterol and saturated fat. With less sodium content, compressed rice is a strong choice of calorie. It is normally used for making breakfast dishes, which is always a strong choice and it is made from the rice which is grown organically.",1205375,https://www.bigbasket.com/media/uploads/p/l/1205375_1-bb-royal-organic-poha.jpg
760," FOODGRAINS, OIL & MASALA ", DALS & PULSES , URAD & OTHER DALS , BB ROYAL Horse Gram/Kulthi/Kollu,bb Royal,10000562,https://www.bigbasket.com/pd/10000562/bb-royal-horse-gramkulthi-200-g-pouch/,"bb Royal Horse Gram/Kulthi/Kollu, 200 g Pouch",34,Rs 19.57,42%,200 g,veg,https://www.bigbasket.com/media/uploads/p/mm/10000562_11-bb-royal-horse-gramkulthi.jpg,,8.90417E+12,https://www.bigbasket.com/media/uploads/p/l/10000562_11-bb-royal-horse-gramkulthi.jpg
761," FOODGRAINS, OIL & MASALA ", DALS & PULSES , URAD & OTHER DALS , BB ROYAL Horse Gram/Kulthi/Kollu,bb Royal,10000436,https://www.bigbasket.com/pd/10000436/bb-royal-horse-gramkulthi-500-g-pouch/,"bb Royal Horse Gram/Kulthi/Kollu, 500 g Pouch",85,Rs 48.92,42%,500 g,veg,https://www.bigbasket.com/media/uploads/p/mm/10000436_14-bb-royal-horse-gramkulthi.jpg,"Horse Gram is a variety of bean generally used in many South Indian dishes. It is a reddish oval-shaped, brown colored, flattened and glossy skinned lentil. The edible seeds are very nutritious and are used for multiple cooking purposes. Click here for unique and delicious recipes - https://www.bigbasket.com/flavors/collections/230/dals-pulses/",8.90417E+12,https://www.bigbasket.com/media/uploads/p/l/10000436_14-bb-royal-horse-gramkulthi.jpg
762," FOODGRAINS, OIL & MASALA ", DALS & PULSES ," TOOR, CHANNA & MOONG DAL ", BB ROYAL Green Moong Split/Chilka,bb Royal,60000024,https://www.bigbasket.com/pd/60000024/bb-royal-green-moong-splitchilka-200-g-pouch/,"bb Royal Green Moong Split/Chilka, 200 g Pouch",38,Rs 31,18%,200 g,veg,https://www.bigbasket.com/media/uploads/p/mm/60000024_7-bb-royal-green-moong-splitchilka.jpg,,60000024,https://www.bigbasket.com/media/uploads/p/l/60000024_7-bb-royal-green-moong-splitchilka.jpg
763," FOODGRAINS, OIL & MASALA ", DALS & PULSES ," TOOR, CHANNA & MOONG DAL ", BB ROYAL Green Moong Split/Chilka/Payatham Paruppu,bb Royal,10000418,https://www.bigbasket.com/pd/10000418/bb-royal-moong-green-splitchilka-500-g-pouch/,"bb Royal Green Moong Split/Chilka/Payatham Paruppu, 500 g Pouch",90,Rs 74,18%,500 g,veg,https://www.bigbasket.com/media/uploads/p/mm/10000418_14-bb-royal-moong-green-splitchilka.jpg,"Moong beans are a well-liked food among vegetarians since it includes a lot of proteins and fiber. It is one of the easiest dals to digest and for this reason it is frequently given to people recovering from an illness, specially a stomach upset. It contains antioxidants which is extremely healthy for the good functioning of the human body. It is an excellent balanced diet and could be included in our daily. Click here for unique and delicious recipes - https://www.bigbasket.com/flavors/collections/230/dals-pulses/",10000418,https://www.bigbasket.com/media/uploads/p/l/10000418_14-bb-royal-moong-green-splitchilka.jpg
764," FOODGRAINS, OIL & MASALA ", DALS & PULSES ," TOOR, CHANNA & MOONG DAL ", BB ROYAL Green Moong Split/Chilka,bb Royal,40026594,https://www.bigbasket.com/pd/40026594/bb-royal-green-moong-splitchilka-1-kg-pouch/,"bb Royal Green Moong Split/Chilka, 1 kg Pouch",180,Rs 142,21%,1 kg,veg,https://www.bigbasket.com/media/uploads/p/mm/40026594_8-bb-royal-green-moong-splitchilka.jpg,"Moong beans are a well-liked food among vegetarians since it includes a lot of proteins and fiber. It is one of the easiest dals to digest and for this reason it is frequently given to people recovering from an illness, specially a stomach upset. It contains antioxidants which is extremely healthy for the good functioning of the human body. It is an excellent balanced diet and could be included in our daily. Click here for unique and delicious recipes - https://www.bigbasket.com/flavors/collections/230/dals-pulses/",40026594,https://www.bigbasket.com/media/uploads/p/l/40026594_8-bb-royal-green-moong-splitchilka.jpg
765," FOODGRAINS, OIL & MASALA ", RICE & RICE PRODUCTS , RAW RICE , BB POPULAR Rice - Jeera/Jeeraga Samba,bb Popular,40128947,https://www.bigbasket.com/pd/40128947/bb-popular-rice-jeerajeeraga-samba-1-kg/,"bb Popular Rice - Jeera/Jeeraga Samba, 1 kg",100,Rs 99,1,1 kg,veg,https://www.bigbasket.com/media/uploads/p/mm/40128947_4-bb-popular-rice-jeerajeeraga-samba.jpg,,40128947,https://www.bigbasket.com/media/uploads/p/l/40128947_4-bb-popular-rice-jeerajeeraga-samba.jpg
766," FOODGRAINS, OIL & MASALA ", RICE & RICE PRODUCTS , RAW RICE , BB POPULAR Rice - Jeera/Jeeraga Samba,bb Popular,40128948,https://www.bigbasket.com/pd/40128948/bb-popular-rice-jeerajeeraga-samba-2-kg/,"bb Popular Rice - Jeera/Jeeraga Samba, 2 kg",200,Rs 190,10,2 kg,veg,https://www.bigbasket.com/media/uploads/p/mm/40128948_4-bb-popular-rice-jeerajeeraga-samba.jpg,,40128948,https://www.bigbasket.com/media/uploads/p/l/40128948_4-bb-popular-rice-jeerajeeraga-samba.jpg
768," FOODGRAINS, OIL & MASALA ", MASALAS & SPICES , WHOLE SPICES , BB ROYAL Chilli Red Long Stemless/Sigappu Milagai,bb Royal,60000032,https://www.bigbasket.com/pd/60000032/bb-royal-dry-red-chilli-stemless-200-g/,"bb Royal Chilli Red Long Stemless/Sigappu Milagai, 200 g",120,Rs 90,25%,200 g,veg,https://www.bigbasket.com/media/uploads/p/mm/60000032_4-bb-royal-dry-red-chilli-stemless.jpg,"Red Chillies is an integral part of the Indian diet and have been used for several generations. Red Chilli is known to have originated in Central America thousands of years ago. Apart from adding pungent taste to the food, they have a high nutritional value. Red chillies have antioxidants, vitamin C and carotenoids, which aid in improving insulin regulation. It is sharp, sizzling and stimulating. It is broadly utilised in the preparation of a wide range of dishes and sometimes for garnishing. Red Chillies are widely used in Indian, Mexican, Mediterranean and Middle Eastern cooking.",60000032,https://www.bigbasket.com/media/uploads/p/l/60000032_4-bb-royal-dry-red-chilli-stemless.jpg
774," FOODGRAINS, OIL & MASALA ", MASALAS & SPICES , WHOLE SPICES , BB ROYAL Phool Makhana/Phool - Makhana,bb Royal,20002590,https://www.bigbasket.com/pd/20002590/bb-royal-phool-makhana-100-g/,"bb Royal Phool Makhana/Phool - Makhana, 100 g",180,Rs 130,28%,100 g,veg,https://www.bigbasket.com/media/uploads/p/mm/20002590_2-bb-royal-phool-makhana.jpg,"Phool Makhana or popped lotus seeds is an organic non-cereal nutritious food which is normally found in the stagnant water of lakes, tanks, ponds and wetlands. This is normally used to make makhana kheer, a sweet dish which is commonly consumed after fasting. Although some prefer to eat it raw or boiled, mostly it is used as an ingredient in Indian recipes.",8.90417E+12,https://www.bigbasket.com/media/uploads/p/l/20002590_2-bb-royal-phool-makhana.jpg
775," FOODGRAINS, OIL & MASALA ", RICE & RICE PRODUCTS , RAW RICE , BB ROYAL Rice - Dosa,bb Royal,40018896,https://www.bigbasket.com/pd/40018896/bb-royal-rice-dosa-2-kg-pouch/,"bb Royal Rice - Dosa, 2 kg Pouch",100,Rs 88,12%,2 kg,veg,https://www.bigbasket.com/media/uploads/p/mm/40018896_3-bb-royal-rice-dosa.jpg,"Dosa Rice is easy dosa recipe which we can make in jiffy with minimal ingredients. It makes crispy, flaky rice flour dosa taste delicious with any chutney, sambar or even podi. It is preferred for making idlis and dosas, as well as kanji for babies and elders, as it is easier to digest and better in terms of nutrition than raw rice. Click here for unique and delicious recipes - https://www.bigbasket.com/flavors/collections/233/rice-rice-products/",40018896,https://www.bigbasket.com/media/uploads/p/l/40018896_3-bb-royal-rice-dosa.jpg
776," FOODGRAINS, OIL & MASALA ", RICE & RICE PRODUCTS , RAW RICE , BB ROYAL Dosa Rice/Dosa Arisi,bb Royal,10000409,https://www.bigbasket.com/pd/10000409/bb-royal-rice-dosa-5-kg-pouch/,"bb Royal Dosa Rice/Dosa Arisi, 5 kg Pouch",250,Rs 212.50,15%,5 kg,veg,https://www.bigbasket.com/media/uploads/p/mm/10000409_12-bb-royal-rice-dosa.jpg,,1000040999,https://www.bigbasket.com/media/uploads/p/l/10000409_12-bb-royal-rice-dosa.jpg
777," FOODGRAINS, OIL & MASALA ", RICE & RICE PRODUCTS , RAW RICE , BB ROYAL Dosa Rice/Dosa Arisi,bb Royal,10000449,https://www.bigbasket.com/pd/10000449/bb-royal-rice-dosa-1-kg-pouch/,"bb Royal Dosa Rice/Dosa Arisi, 1 kg Pouch",50,Rs 45,10%,1 kg,veg,https://www.bigbasket.com/media/uploads/p/mm/10000449_11-bb-royal-rice-dosa.jpg,"Dosa Rice is easy dosa recipe which we can make in jiffy with minimum ingredients. It makes crispy, flaky rice flour dosa flavor delectable with any sambar, chutney or even podi. It is preferred for making idlis and dosas, plus kanji for elders and babies, as it is easier to digest and improved in terms of nutrition than raw rice. Click here for unique and delicious recipes - https://www.bigbasket.com/flavors/collections/233/rice-rice-products/",1000044999,https://www.bigbasket.com/media/uploads/p/l/10000449_11-bb-royal-rice-dosa.jpg
779," FOODGRAINS, OIL & MASALA ", ORGANIC STAPLES ," ORGANIC RICE, OTHER RICE ", BB ROYAL Organic - Red Poha / Aval,bb Royal,40072520,https://www.bigbasket.com/pd/40072520/bb-royal-organic-red-poha-500-g/,"bb Royal Organic - Red Poha / Aval, 500 g",65,Rs 44,32%,500 g,veg,https://www.bigbasket.com/media/uploads/p/mm/40072520_12-bb-royal-organic-red-poha.jpg,"Red poha is an alternative to regular poha, and a wholesome addition to your diet. It is prepared from trampled organic red rice, and is easily digestible. The organic red poha is enriched with antioxidants, iron, essential vitamins and minerals. BB Royal’s Organic Red Poha is premium staple, packed with nutrition. You can use it to prepare breakfast or snack recipes like poha, chivda and so on! BB Royal is a premium brand of organic staples by Big Basket. The entire range of products is sourced from the best of farms and produce to ensure high quality standards. - Qualified buyers with years of experience handpick all products under BB Royal after rigorous scrutiny. - All BB Royal products are cleaned and packed in hygienic facilities in high quality food grade packaging. - There is a no questions asked return policy on all BB Royal products in a bid to provide you nothing but the best!",40072520,https://www.bigbasket.com/media/uploads/p/l/40072520_12-bb-royal-organic-red-poha.jpg
780," FOODGRAINS, OIL & MASALA ", ORGANIC STAPLES ," ORGANIC RICE, OTHER RICE ", BB ROYAL Organic Red Poha,bb Royal,40125923,https://www.bigbasket.com/pd/40125923/bb-royal-organic-red-poha-1-kg/,"bb Royal Organic Red Poha, 1 kg",125,Rs 82,34%,1 kg,veg,https://www.bigbasket.com/media/uploads/p/mm/40125923_6-bb-royal-organic-red-poha.jpg,"Red poha is prepared from trampled Organic red rice, which is easy to digest and makes a great evening or morning snacks. Bb Royal red rice is rich in fibre, vitamin B and minerals, and is grown organically.",40125923,https://www.bigbasket.com/media/uploads/p/l/40125923_6-bb-royal-organic-red-poha.jpg
781," FOODGRAINS, OIL & MASALA ", ORGANIC STAPLES , ORGANIC MASALAS & SPICES , BB ROYAL Organic - Dry Whole Red Chilli,bb Royal,40176641,https://www.bigbasket.com/pd/40176641/bb-royal-organic-dry-whole-red-chilli-200-g/,"bb Royal Organic - Dry Whole Red Chilli, 200 g",109,Rs 102,7,200 g,veg,https://www.bigbasket.com/media/uploads/p/mm/40176641_4-bb-royal-organic-dry-whole-red-chilli.jpg,"Red Chillies is an integral part of the Indian diet and have been used for several generations. Red Chilli is known to have originated in Central America thousands of years ago. Apart from adding pungent taste to the food, they have a high nutritional value. Red chillies have antioxidants, vitamin C and carotenoids, which aid in improving insulin regulation. It is sharp, sizzling and stimulating. It is broadly utilised in the preparation of a wide range of dishes and sometimes for garnishing. Red Chillies are widely used in Indian, Mexican, Mediterranean and Middle Eastern cooking.",40176641,https://www.bigbasket.com/media/uploads/p/l/40176641_4-bb-royal-organic-dry-whole-red-chilli.jpg
782," FOODGRAINS, OIL & MASALA ", ORGANIC STAPLES , ORGANIC MASALAS & SPICES ," BB ROYAL Organic - Red Chilli, Whole / Sigappu Milagai",bb Royal,40079591,https://www.bigbasket.com/pd/40079591/bb-royal-organic-whole-dry-red-chilli-100-g/,"bb Royal Organic - Red Chilli, Whole / Sigappu Milagai, 100 g",55,Rs 52,5%,100 g,veg,https://www.bigbasket.com/media/uploads/p/mm/40079591_11-bb-royal-organic-whole-dry-red-chilli.jpg,"Red Chillies is an integral part of the Indian diet and have been used for several generations. Red Chilli is known to have originated in Central America thousands of years ago. Apart from adding pungent taste to the food, they have a high nutritional value. Red chillies have antioxidants, vitamin C and carotenoids, which aid in improving insulin regulation. It is sharp, sizzling and stimulating. It is broadly utilised in the preparation of a wide range of dishes and sometimes for garnishing. Red Chillies are widely used in Indian, Mexican, Mediterranean and Middle Eastern cooking.",40079591,https://www.bigbasket.com/media/uploads/p/l/40079591_11-bb-royal-organic-whole-dry-red-chilli.jpg
783," FOODGRAINS, OIL & MASALA ", ORGANIC STAPLES , ORGANIC MASALAS & SPICES , BB ROYAL Organic Chilli Powder,bb Royal,40168522,https://www.bigbasket.com/pd/40168522/bb-royal-organic-chilli-powder-500-g/,"bb Royal Organic Chilli Powder, 500 g",185,Rs 155,16%,500 g,veg,https://www.bigbasket.com/media/uploads/p/mm/40168522_4-bb-royal-organic-chilli-powder.jpg,"Organic Chilli powder from bbRoyal is the dried, pulverized fruit of the varieties of chilli pepper, which sometimes comes with the addition of other spices. It is used as a spice to add pungency and flavour to dishes. Organic Red chilli powder is made by grinding dried red chillies into powder. The organic chilli powder is rich in vitamin A and vitamin C content.",40168522,https://www.bigbasket.com/media/uploads/p/l/40168522_4-bb-royal-organic-chilli-powder.jpg
784," FOODGRAINS, OIL & MASALA ", ORGANIC STAPLES , ORGANIC MASALAS & SPICES , BB ROYAL Organic Chilli Powder,bb Royal,40076171,https://www.bigbasket.com/pd/40076171/bb-royal-organic-chilli-powder-100-g/,"bb Royal Organic Chilli Powder, 100 g",40,Rs 36,10%,100 g,veg,https://www.bigbasket.com/media/uploads/p/mm/40076171_5-bb-royal-organic-chilli-powder.jpg,"Chilli powder is a staple spice in India households. The organic spice powder is made by grinding red chillies into powder. It is a rich source of Vitamins A and C. BB Royal’s Organic Chilli Powder is premium spice, which is all things nice! The organic powder can be used in literally every savoury meal preparation on a regular basis. The product is available in 100 gm and 200 gm packaging options. BB Royal is a premium brand of organic staples by Big Basket. The entire range of products is sourced from the best of farms and produce to ensure high quality standards. - Qualified buyers with years of experience handpick all products under BB Royal after rigorous scrutiny. - All BB Royal products are cleaned and packed in hygienic facilities in high quality food grade packaging. - There is a no questions asked return policy on all BB Royal products in a bid to provide you nothing but the best!",40076171,https://www.bigbasket.com/media/uploads/p/l/40076171_5-bb-royal-organic-chilli-powder.jpg
785," FOODGRAINS, OIL & MASALA ", ORGANIC STAPLES , ORGANIC MASALAS & SPICES , BB ROYAL Organic Chilli Powder,bb Royal,40076172,https://www.bigbasket.com/pd/40076172/bb-royal-organic-chilli-powder-200-g/,"bb Royal Organic Chilli Powder, 200 g",79,Rs 70,11%,200 g,veg,https://www.bigbasket.com/media/uploads/p/mm/40076172_4-bb-royal-organic-chilli-powder.jpg,"Chilli powder is a staple spice in India households. The organic spice powder is made by grinding red chillies into powder. It is a rich source of Vitamins A and C. BB Royal’s Organic Chilli Powder is premium spice, which is all things nice! The organic powder can be used in literally every savoury meal preparation on a regular basis. The product is available in 100 gm and 200 gm packaging options. BB Royal is a premium brand of organic staples by Big Basket. The entire range of products is sourced from the best of farms and produce to ensure high quality standards. - Qualified buyers with years of experience handpick all products under BB Royal after rigorous scrutiny. - All BB Royal products are cleaned and packed in hygienic facilities in high quality food grade packaging. - There is a no questions asked return policy on all BB Royal products in a bid to provide you nothing but the best!",40076172,https://www.bigbasket.com/media/uploads/p/l/40076172_4-bb-royal-organic-chilli-powder.jpg
786," FOODGRAINS, OIL & MASALA ", MASALAS & SPICES , WHOLE SPICES , BB ROYAL Kalonji/Karunjeerakam,bb Royal,30000288,https://www.bigbasket.com/pd/30000288/bb-royal-kalonji-50-g/,"bb Royal Kalonji/Karunjeerakam, 50 g",20,Rs 19,5%,50 g,veg,https://www.bigbasket.com/media/uploads/p/mm/30000288_5-bb-royal-kalonji.jpg,"BB Royal presents to you exclusively packed kalonji, which is also referred to as fennel flowers or black cumin. An aromatic spice native to South and South-West Asia, Kalonji is used across India. It has a crunchy texture and is used in various forms of curries, vegetables and pieces of bread too.",3000028899,https://www.bigbasket.com/media/uploads/p/l/30000288_5-bb-royal-kalonji.jpg
787," FOODGRAINS, OIL & MASALA ", MASALAS & SPICES , WHOLE SPICES , BB ROYAL Kalonji,bb Royal,40053906,https://www.bigbasket.com/pd/40053906/bb-royal-kalonji-100-g/,"bb Royal Kalonji, 100 g",60,Rs 37,38%,100 g,veg,https://www.bigbasket.com/media/uploads/p/mm/40053906_3-bb-royal-kalonji.jpg,"Kalonji seeds are much related in size to a sesame seed; they are black in colour and have a very aromatic sturdy odour. Used mostly in bread recipes and savoury dishes; kalonji has a very unique smell and flavour. Although awfully yummy, kalonji seeds are not just superior for flavouring your favourite recipes, kalonji seeds have wonderful healthiness benefits too.",40053906,https://www.bigbasket.com/media/uploads/p/l/40053906_3-bb-royal-kalonji.jpg
788," FOODGRAINS, OIL & MASALA ", ORGANIC STAPLES ," ORGANIC RICE, OTHER RICE ", BB ROYAL Organic - Bajra Wild / Cambu(Kambu),bb Royal,40077492,https://www.bigbasket.com/pd/40077492/bb-royal-organic-bajra-wild-pearl-millet-500-g/,"bb Royal Organic - Bajra Wild / Cambu(Kambu), 500 g",38,Rs 31,18%,500 g,veg,https://www.bigbasket.com/media/uploads/p/mm/40077492_8-bb-royal-organic-bajra-wild-pearl-millet.jpg,"Pearl millet is the most widely grown type of millet and India is largest producer of pearl millet. Pearl millet is a rich source of phosphorus, which plays an important part in the structure of body cells. Consumption of pearl millets helps in minimizing the risk of type 2 diabetes. Being a good source of magnesium, millets act as a cofactor in a number of enzymatic reactions.",40077492,https://www.bigbasket.com/media/uploads/p/l/40077492_8-bb-royal-organic-bajra-wild-pearl-millet.jpg
789," FOODGRAINS, OIL & MASALA ", ORGANIC STAPLES ," ORGANIC RICE, OTHER RICE ", BB ROYAL Organic - Bajra Wild / Pearl Millet,bb Royal,40135837,https://www.bigbasket.com/pd/40135837/bb-royal-organic-bajra-wild-pearl-millet-1-kg/,"bb Royal Organic - Bajra Wild / Pearl Millet, 1 kg",75,Rs 59,21%,1 kg,veg,https://www.bigbasket.com/media/uploads/p/mm/40135837_7-bb-royal-organic-bajra-wild-pearl-millet.jpg,"The Organic Pearl Millet is the most widely grown type of millet and India is the largest producer of pearl millet. Pearl millet is a rich source of phosphorus, which plays an important part in the structure of body cells. The consumption of pearl millets helps in minimizing the risk of type 2 diabetes. Also, it prevents cancer, controls cholesterol, and asthma. Being a good source of magnesium and vitamins, these millets act as a cofactor in a number of enzymatic reactions.",40135837,https://www.bigbasket.com/media/uploads/p/l/40135837_7-bb-royal-organic-bajra-wild-pearl-millet.jpg
790," FOODGRAINS, OIL & MASALA ", ORGANIC STAPLES ," ORGANIC RICE, OTHER RICE ", BB ROYAL Organic - Bajra Wild/ Pearl Millet,bb Royal,1208911,https://www.bigbasket.com/pd/1208911/bb-royal-organic-bajra-wild-pearl-millet-2x1-kg/,"bb Royal Organic - Bajra Wild/ Pearl Millet, 2x1 kg Multipack",150,Rs 118,21%,2x1 kg,,https://www.bigbasket.com/media/uploads/p/mm/1208911_1-bb-royal-organic-bajra-wild-pearl-millet.jpg,"The Organic Pearl Millet is the most widely grown type of millet and India is the largest producer of pearl millet. Pearl millet is a rich source of phosphorus, which plays an important part in the structure of body cells. The consumption of pearl millets helps in minimizing the risk of type 2 diabetes. Also, it prevents cancer, controls cholesterol, and asthma. Being a good source of magnesium and vitamins, these millets act as a cofactor in a number of enzymatic reactions.",1208911,https://www.bigbasket.com/media/uploads/p/l/1208911_1-bb-royal-organic-bajra-wild-pearl-millet.jpg
791," FOODGRAINS, OIL & MASALA ", DRY FRUITS , RAISINS , BB ROYAL Raisins/kishmish Black with seeds/Karumdhraakshai,bb Royal,10000507,https://www.bigbasket.com/pd/10000507/bb-royal-raisinskishmish-black-with-seeds-100-g-pouch/,"bb Royal Raisins/kishmish Black with seeds/Karumdhraakshai, 100 g Pouch",60,Rs 59,2%,100 g,veg,https://www.bigbasket.com/media/uploads/p/mm/10000507_4-bb-royal-raisinskishmish-black-with-seeds.jpg,"The versatile black raisin is as simple to use as natural raisins. Tasty, Sweet, and delicious, raisins are a great snack just as they are or can add flavour to almost any favourite recipe. The natural sugars of raisins are a good supply of energy and come packaged together with fibre and other nutrients. Click here for unique and delicious recipes - https://www.bigbasket.com/flavors/collections/231/dry-fruits-berries-nuts/",1000050799,https://www.bigbasket.com/media/uploads/p/l/10000507_4-bb-royal-raisinskishmish-black-with-seeds.jpg
792," FOODGRAINS, OIL & MASALA ", DRY FRUITS , RAISINS , BB ROYAL Raisins/kishmish Black with seeds/Karumdhraakshai,bb Royal,10000533,https://www.bigbasket.com/pd/10000533/bb-royal-raisinskishmish-black-with-seeds-200-g-pouch/,"bb Royal Raisins/kishmish Black with seeds/Karumdhraakshai, 200 g Pouch",120,Rs 113,7,200 g,,https://www.bigbasket.com/media/uploads/p/mm/10000533_4-bb-royal-raisinskishmish-black-with-seeds.jpg,"Black raisin, the trendiest assortment of dried grape, is extensively recognized for its sugary flavor and juicy taste. These are an immense snack just as they are or can add flavor to approximately any favorite recipe. The natural sugars of raisins are a great supply of energy and come packaged together with fiber and additional nutrients. Click here for unique and delicious recipes - https://www.bigbasket.com/flavors/collections/231/dry-fruits-berries-nuts/",10000533,https://www.bigbasket.com/media/uploads/p/l/10000533_4-bb-royal-raisinskishmish-black-with-seeds.jpg
793," FOODGRAINS, OIL & MASALA ", ORGANIC STAPLES , ORGANIC MASALAS & SPICES , BB ROYAL Organic Kasoori Methi,bb Royal,40176443,https://www.bigbasket.com/pd/40176443/bb-royal-organic-kasoori-methi-100-g/,"bb Royal Organic Kasoori Methi, 100 g",55,Rs 49,11%,100 g,veg,https://www.bigbasket.com/media/uploads/p/mm/40176443_3-bb-royal-organic-kasoori-methi.jpg,"Kasuri Methi arranged from fenugreek herbs which are dehydrated in hot air in controlled conditions is a great flavour enhancer. It adds taste and feels to vegetables, pulses and lentils. It can be added to vegetables and dal to develop taste and flavour. It is a great blend of pure spices.",40176443,https://www.bigbasket.com/media/uploads/p/l/40176443_3-bb-royal-organic-kasoori-methi.jpg
794," FOODGRAINS, OIL & MASALA ", ORGANIC STAPLES , ORGANIC MASALAS & SPICES , BB ROYAL Organic Kasoori Methi,bb Royal,40100958,https://www.bigbasket.com/pd/40100958/bb-royal-organic-kasoori-methi-50-g/,"bb Royal Organic Kasoori Methi, 50 g",29,Rs 27,7%,50 g,veg,https://www.bigbasket.com/media/uploads/p/mm/40100958_10-bb-royal-organic-kasoori-methi.jpg,"Kasuri Methi arranged from fenugreek herbs which are dehydrated in hot air in controlled conditions is a great flavour enhancer. It adds taste and feels to vegetables, pulses and lentils. It can be added to vegetables and dal to develop taste and flavour. It is a great blend of pure spices.",40100958,https://www.bigbasket.com/media/uploads/p/l/40100958_10-bb-royal-organic-kasoori-methi.jpg
801," FOODGRAINS, OIL & MASALA ", RICE & RICE PRODUCTS , RAW RICE , BB POPULAR Sona Masoori Steam Rice/Niravi Arisi,bb Popular,10000451,https://www.bigbasket.com/pd/10000451/bb-popular-rice-steam-sona-masoori-1-kg-pouch/,"bb Popular Sona Masoori Steam Rice/Niravi Arisi, 1 kg (3 - 5 Months Old)",55,Rs 43,22%,1 kg,veg,https://www.bigbasket.com/media/uploads/p/mm/10000451_13-bb-popular-rice-steam-sona-masoori.jpg,"Sona Masoori Steam Rice is very sweet-smelling and due to its smell, it is considered to be of better quality. This short grain rice length is 5 mm max, but after cooking it will be above 8mm. It has high dietary value and low amount of starch. It is yummy and broken of only 2% max which has reasonable price. Click here for unique and delicious recipes - https://www.bigbasket.com/flavors/collections/233/rice-rice-products/",1.00005E+12,https://www.bigbasket.com/media/uploads/p/l/10000451_13-bb-popular-rice-steam-sona-masoori.jpg
802," FOODGRAINS, OIL & MASALA ", RICE & RICE PRODUCTS , RAW RICE , BB POPULAR Sona Masoori Steam Rice/Niravi Arisi,bb Popular,10000413,https://www.bigbasket.com/pd/10000413/bb-popular-rice-steam-sona-masoori-5-kg-bag/,"bb Popular Sona Masoori Steam Rice/Niravi Arisi, 5 kg (3 - 5 Months Old)",275,Rs 206,25%,5 kg,veg,https://www.bigbasket.com/media/uploads/p/mm/10000413_12-bb-popular-rice-steam-sona-masoori.jpg,"Sona Masoori Steam Rice is a high score sortexed clean quality with light weight sweet-smelling and due to its aroma, it is considered to be of better quality. It includes of water-soluble vitamins, proteins and minerals. It contains high nutritional value and low quantity of starch. It is tasty and broken of only 2% max which contains affordable price. Click here for unique and delicious recipes - https://www.bigbasket.com/flavors/collections/233/rice-rice-products/",1.00004E+12,https://www.bigbasket.com/media/uploads/p/l/10000413_12-bb-popular-rice-steam-sona-masoori.jpg
803," FOODGRAINS, OIL & MASALA ", RICE & RICE PRODUCTS , RAW RICE , BB POPULAR Sona Masoori Steam Rice/Niravi Arisi,bb Popular,10000406,https://www.bigbasket.com/pd/10000406/bb-popular-rice-steam-sona-masoori-10-kg-bag/,"bb Popular Sona Masoori Steam Rice/Niravi Arisi, 10 kg (3 - 5 Months Old)",550,Rs 401,27%,10 kg,veg,https://www.bigbasket.com/media/uploads/p/mm/10000406_11-bb-popular-rice-steam-sona-masoori.jpg,"Sona Masoori Steam Rice is a high grade sortexed clean quality with light weight aromatic and due to its fragrance, it is considered to be of superior quality. It comprises of water-soluble vitamins, minerals and proteins. It has high nutritional value and low amount of starch. It is delicious and broken of only 2% max which has affordable price. Click here for unique and delicious recipes - https://www.bigbasket.com/flavors/collections/233/rice-rice-products/",1.00004E+12,https://www.bigbasket.com/media/uploads/p/l/10000406_11-bb-popular-rice-steam-sona-masoori.jpg
805," FOODGRAINS, OIL & MASALA ", ORGANIC STAPLES ," ORGANIC RICE, OTHER RICE ", BB ROYAL Organic - Brown Rice / Pacharisi,bb Royal,40072466,https://www.bigbasket.com/pd/40072466/bb-royal-organic-brown-rice-1-kg/,"bb Royal Organic - Brown Rice / Pacharisi, 1 Kg",95,Rs 72,24%,1 Kg,veg,https://www.bigbasket.com/media/uploads/p/mm/40072466_11-bb-royal-organic-brown-rice.jpg,"Brown rice is whole grain rice, with the outer hull removed; white rice is the same grain after further milling and polishing to remove the bran layer and germ. Brown rice has a mild, nutty flavour, and is chewier and more nutritious than white rice. Organic Brown Rice is high in selenium - a vital mineral that decreases the chances of developing many illnesses. Just a cup of brown rice can supply at least 80% of our daily manganese necessities. There is a whole lot of variation between white rice and brown rice, and the most essential one being, unlike white rice, brown rice has not lost its completeness. This rice is more healthful than polished rice. This is cultivated without the use of pesticides, artificial fertilizers or chemicals.",40072466,https://www.bigbasket.com/media/uploads/p/l/40072466_11-bb-royal-organic-brown-rice.jpg
806," FOODGRAINS, OIL & MASALA ", ORGANIC STAPLES ," ORGANIC RICE, OTHER RICE ", BB ROYAL Organic - Brown Rice / Pacharisi,bb Royal,40072467,https://www.bigbasket.com/pd/40072467/bb-royal-organic-brown-rice-5-kg/,"bb Royal Organic - Brown Rice / Pacharisi, 5 Kg",469,Rs 319,32%,5 Kg,veg,https://www.bigbasket.com/media/uploads/p/mm/40072467_11-bb-royal-organic-brown-rice.jpg,"Brown rice is whole grain rice, with the outer hull removed; white rice is the same grain after further milling and polishing to remove the bran layer and germ. Brown rice has a mild, nutty flavour, and is chewier and more nutritious than white rice. Organic Brown Rice is high in selenium - a vital mineral that decreases the chances of developing many illnesses. Just a cup of brown rice can supply at least 80% of our daily manganese necessities. There is a whole lot of variation between white rice and brown rice, and the most essential one being, unlike white rice, brown rice has not lost its completeness. This rice is more healthful than polished rice. This is cultivated without the use of pesticides, artificial fertilizers or chemicals.",40072467,https://www.bigbasket.com/media/uploads/p/l/40072467_11-bb-royal-organic-brown-rice.jpg
807," FOODGRAINS, OIL & MASALA ", ORGANIC STAPLES ," ORGANIC RICE, OTHER RICE ", BB ROYAL Organic - Brown Rice / Pacharisi,bb Royal,40091133,https://www.bigbasket.com/pd/40091133/bb-royal-organic-brown-rice-2-kg/,"bb Royal Organic - Brown Rice / Pacharisi, 2 Kg",190,Rs 135,29%,2 Kg,veg,https://www.bigbasket.com/media/uploads/p/mm/40091133_10-bb-royal-organic-brown-rice.jpg,"Brown rice is whole grain rice, with the outer hull removed; white rice is the same grain after further milling and polishing to remove the bran layer and germ. Brown rice has a mild, nutty flavour, and is chewier and more nutritious than white rice. Organic Brown Rice is high in selenium - a vital mineral that decreases the chances of developing many illnesses. Just a cup of brown rice can supply at least 80% of our daily manganese necessities. There is a whole lot of variation between white rice and brown rice, and the most essential one being, unlike white rice, brown rice has not lost its completeness. This rice is more healthful than polished rice. This is cultivated without the use of pesticides, artificial fertilizers or chemicals.",40091133,https://www.bigbasket.com/media/uploads/p/l/40091133_10-bb-royal-organic-brown-rice.jpg
808," FOODGRAINS, OIL & MASALA ", ORGANIC STAPLES ," ORGANIC RICE, OTHER RICE ", BB ROYAL Organic Brown Rice,bb Royal,40127666,https://www.bigbasket.com/pd/40127666/bb-royal-organic-brown-rice-10-kg/,"bb Royal Organic Brown Rice, 10 Kg",899,Rs 629,30%,10 Kg,veg,https://www.bigbasket.com/media/uploads/p/mm/40127666_10-bb-royal-organic-brown-rice.jpg,"Brown rice is whole grain rice, with the outer hull removed; white rice is the same grain after further milling and polishing to remove the bran layer and germ. Brown rice has a mild, nutty flavour, and is chewier and more nutritious than white rice. Organic Brown Rice is high in selenium - a vital mineral that decreases the chances of developing many illnesses. Just a cup of brown rice can supply at least 80% of our daily manganese necessities. There is a whole lot of variation between white rice and brown rice, and the most essential one being, unlike white rice, brown rice has not lost its completeness. This rice is more healthful than polished rice. This is cultivated without the use of pesticides, artificial fertilizers or chemicals.",40127666,https://www.bigbasket.com/media/uploads/p/l/40127666_10-bb-royal-organic-brown-rice.jpg
810," FOODGRAINS, OIL & MASALA ", ORGANIC STAPLES , ORGANIC DALS & PULSES , BB ROYAL Organic - Urad Dal Black (Split) / Ulutham Paruppu,bb Royal,40072500,https://www.bigbasket.com/pd/40072500/bb-royal-organic-urad-dal-black-split-500-g/,"bb Royal Organic - Urad Dal Black (Split) / Ulutham Paruppu, 500 g",91,Rs 80,12%,500 g,veg,https://www.bigbasket.com/media/uploads/p/mm/40072500_11-bb-royal-organic-urad-dal-black-split.jpg,"Urad, also known as white lentil or black lentil is a kind of bean from List of Indian Dals and mostly used in Southern part of Asia. Urad dal is used as a major ingredient in Indian cuisine for preparing a healthy diet. Urad dal has protein, fat, and carbohydrates which is required by the body. This dal is one of the richest sources of proteins and Vitamin B. It is free from synthetic chemicals and pesticides.",40072500,https://www.bigbasket.com/media/uploads/p/l/40072500_11-bb-royal-organic-urad-dal-black-split.jpg
811," FOODGRAINS, OIL & MASALA ", ORGANIC STAPLES , ORGANIC DALS & PULSES , BB ROYAL Organic - Urad Dal Black (Split),bb Royal,40135860,https://www.bigbasket.com/pd/40135860/bb-royal-organic-urad-dal-black-split-1-kg/,"bb Royal Organic - Urad Dal Black (Split), 1 kg",190,Rs 149,22%,1 kg,veg,https://www.bigbasket.com/media/uploads/p/mm/40135860_7-bb-royal-organic-urad-dal-black-split.jpg,"Urad dal (black) is a kind of bean, which is mostly used in the Southern part of Asia. Urad dal is used as a major ingredient in Indian cuisine for preparing a healthy diet. Urad dal has fat, iron, calcium, vitamin B, the richest source of proteins, magnesium and potassium and carbohydrates, which are required for the body. It is free from synthetic chemicals and pesticides.",40135860,https://www.bigbasket.com/media/uploads/p/l/40135860_7-bb-royal-organic-urad-dal-black-split.jpg
814," FOODGRAINS, OIL & MASALA ", DALS & PULSES ," TOOR, CHANNA & MOONG DAL ", BB ROYAL Kabuli Channa/Moo Kadalai,bb Royal,10000801,https://www.bigbasket.com/pd/10000801/bb-royal-channa-kabuli-200-g-pouch/,"bb Royal Kabuli Channa/Moo Kadalai, 200 g Pouch",34,Rs 27,21%,200 g,veg,https://www.bigbasket.com/media/uploads/p/mm/10000801_9-bb-royal-channa-kabuli.jpg,,1.00008E+12,https://www.bigbasket.com/media/uploads/p/l/10000801_9-bb-royal-channa-kabuli.jpg
815," FOODGRAINS, OIL & MASALA ", DALS & PULSES ," TOOR, CHANNA & MOONG DAL ", BB ROYAL Kabuli Channa/Moo Kadalai,bb Royal,10000802,https://www.bigbasket.com/pd/10000802/bb-royal-channa-kabuli-1-kg-pouch/,"bb Royal Kabuli Channa/Moo Kadalai, 1 kg Pouch",170,Rs 123.60,27%,1 kg,veg,https://www.bigbasket.com/media/uploads/p/mm/10000802_9-bb-royal-channa-kabuli.jpg,,1.00008E+12,https://www.bigbasket.com/media/uploads/p/l/10000802_9-bb-royal-channa-kabuli.jpg
816," FOODGRAINS, OIL & MASALA ", DALS & PULSES ," TOOR, CHANNA & MOONG DAL ", BB ROYAL Kabuli Channa/Moo Kadalai,bb Royal,10000461,https://www.bigbasket.com/pd/10000461/bb-royal-channa-kabuli-500-g-pouch/,"bb Royal Kabuli Channa/Moo Kadalai, 500 g Pouch",85,Rs 63.86,25%,500 g,veg,https://www.bigbasket.com/media/uploads/p/mm/10000461_14-bb-royal-channa-kabuli.jpg,"Kabuli channa or garbanzo beans are pale brown colored, sensitive, bland and starchy tasting, spongy and creamy textured legumes. It is a wealthy source of minerals such as magnesium, phosphorous, calcium, iron, potassium and importantly, molybdenum. They are utilized to make delicacies like falafels, Curried Chole and hummus. Click here for unique and delicious recipes - https://www.bigbasket.com/flavors/collections/230/dals-pulses/",1000046199,https://www.bigbasket.com/media/uploads/p/l/10000461_14-bb-royal-channa-kabuli.jpg
817," FOODGRAINS, OIL & MASALA ", ORGANIC STAPLES , ORGANIC DRY FRUITS , BB ROYAL Organic Pumpkin Seeds,bb Royal,40089601,https://www.bigbasket.com/pd/40089601/bb-royal-organic-pumpkin-seeds-50-g/,"bb Royal Organic Pumpkin Seeds, 50 g",52,Rs 44,15%,50 g,veg,https://www.bigbasket.com/media/uploads/p/mm/40089601_7-bb-royal-organic-pumpkin-seeds.jpg,"Pumpkin seeds are nutritional powerhouses wrapped up in a very small package, with a wide variety of nutrients ranging from magnesium and manganese to copper, protein and zinc.",40089601,https://www.bigbasket.com/media/uploads/p/l/40089601_7-bb-royal-organic-pumpkin-seeds.jpg
818," FOODGRAINS, OIL & MASALA ", ORGANIC STAPLES , ORGANIC DRY FRUITS , BB ROYAL Organic - Pumpkin Seeds,bb Royal,1208906,https://www.bigbasket.com/pd/1208906/bb-royal-organic-pumpkin-seeds-2x200-g/,"bb Royal Organic - Pumpkin Seeds, 2x200 g Multipack",398,Rs 350,12%,2x200 g,,https://www.bigbasket.com/media/uploads/p/mm/1208906_1-bb-royal-organic-pumpkin-seeds.jpg,"These pumpkin seeds are abundant in protein, essential minerals and antioxidants. They are spiced and seasoned to make for a healthy yet tasty mid-meal snack. They are a rich source of minerals like manganese, phosphorus, magnesium, copper, zinc and iron and contain Vitamin E, which help prevent cardiac arrests and strokes and build immunity. They are rich in Omega-3 fatty acids, protein and antioxidants which makes them great for heart and liver health. Great and practical to carry on-the-go.",1208906,https://www.bigbasket.com/media/uploads/p/l/1208906_1-bb-royal-organic-pumpkin-seeds.jpg
819," FOODGRAINS, OIL & MASALA ", ORGANIC STAPLES , ORGANIC DRY FRUITS , BB ROYAL Organic Pumpkin Seeds,bb Royal,40168541,https://www.bigbasket.com/pd/40168541/bb-royal-organic-pumpkin-seeds-100-g/,"bb Royal Organic Pumpkin Seeds, 100 g",100,Rs 88,12%,100 g,veg,https://www.bigbasket.com/media/uploads/p/mm/40168541_5-bb-royal-organic-pumpkin-seeds.jpg,"These pumpkin seeds are abundant in protein, essential minerals and antioxidants. They are spiced and seasoned to make for a healthy yet tasty mid-meal snack. They are a rich source of minerals like manganese, phosphorus, magnesium, copper, zinc and iron and contain Vitamin E, which help prevent cardiac arrests and strokes and build immunity. They are rich in Omega-3 fatty acids, protein and antioxidants which makes them great for heart and liver health. Great and practical to carry on-the-go.",40168541,https://www.bigbasket.com/media/uploads/p/l/40168541_5-bb-royal-organic-pumpkin-seeds.jpg
820," FOODGRAINS, OIL & MASALA ", ORGANIC STAPLES , ORGANIC DRY FRUITS , BB ROYAL Organic Pumpkin Seeds,bb Royal,40168542,https://www.bigbasket.com/pd/40168542/bb-royal-organic-pumpkin-seeds-200-g/,"bb Royal Organic Pumpkin Seeds, 200 g",199,Rs 175,12%,200 g,veg,https://www.bigbasket.com/media/uploads/p/mm/40168542_10-bb-royal-organic-pumpkin-seeds.jpg,"These pumpkin seeds are abundant in protein, essential minerals and antioxidants. They are spiced and seasoned to make for a healthy yet tasty mid-meal snack. They are a rich source of minerals like manganese, phosphorus, magnesium, copper, zinc and iron and contain Vitamin E, which help prevent cardiac arrests and strokes and build immunity. They are rich in Omega-3 fatty acids, protein and antioxidants which makes them great for heart and liver health. Great and practical to carry on-the-go.",40168542,https://www.bigbasket.com/media/uploads/p/l/40168542_10-bb-royal-organic-pumpkin-seeds.jpg
821," FOODGRAINS, OIL & MASALA ", ORGANIC STAPLES , ORGANIC FLOURS , BB ROYAL Organic - Whole Wheat Atta,bb Royal,40091136,https://www.bigbasket.com/pd/40091136/bb-royal-organic-whole-wheat-atta-2-kg/,"bb Royal Organic - Whole Wheat Atta, 2 kg",135,Rs 89,34%,2 kg,veg,https://www.bigbasket.com/media/uploads/p/mm/40091136_6-bb-royal-organic-whole-wheat-atta.jpg,"BB Royal Organic Whole-Wheat Atta is made by grinding or mashing the whole grain of the wheat. This healthy goodness has a lot of benefits for your body. Packed with carbohydrates, it gives you an instant boost of energy. It is rich in fibre which improves your digestive system. This staple food is the perfect source of vitamins and minerals like selenium, manganese, phosphorous, copper, and Vitamin B.",40091136,https://www.bigbasket.com/media/uploads/p/l/40091136_6-bb-royal-organic-whole-wheat-atta.jpg
822," FOODGRAINS, OIL & MASALA ", ORGANIC STAPLES , ORGANIC FLOURS , BB ROYAL Organic - Whole Wheat Atta / Godhumai Maavu,bb Royal,40084514,https://www.bigbasket.com/pd/40084514/bb-royal-organic-whole-wheat-atta-500-g/,"bb Royal Organic - Whole Wheat Atta / Godhumai Maavu, 500 g",35,Rs 32,9%,500 g,veg,https://www.bigbasket.com/media/uploads/p/mm/40084514_6-bb-royal-organic-whole-wheat-atta.jpg,"Organic Whole Wheat Attas are cent percent wheat grain atta with fiber and is recognized in the market for its normal ingredients. It develops digestive system and consists of iron. Organic Whole Wheat Atta is carefully selected, cleaned, fresh and maintained one.",40084514,https://www.bigbasket.com/media/uploads/p/l/40084514_6-bb-royal-organic-whole-wheat-atta.jpg
823," FOODGRAINS, OIL & MASALA ", ORGANIC STAPLES , ORGANIC FLOURS , BB ROYAL Organic - Whole Wheat Atta,bb Royal,1205371,https://www.bigbasket.com/pd/1205371/bb-royal-organic-whole-wheat-atta-2x5-kg/,"bb Royal Organic - Whole Wheat Atta, 2x5 kg Multipack",658,Rs 378,43%,2x5 kg,,https://www.bigbasket.com/media/uploads/p/mm/1205371_1-bb-royal-organic-whole-wheat-atta.jpg,"Organic Whole Wheat Attas are sent percent wheat grain atta with fiber and is recognized in the market for its normal ingredients. It develops digestive system and consists of iron. Organic Whole Wheat Atta is the carefully select, cleaned, fresh and maintained one.",1205371,https://www.bigbasket.com/media/uploads/p/l/1205371_1-bb-royal-organic-whole-wheat-atta.jpg
824," FOODGRAINS, OIL & MASALA ", ORGANIC STAPLES , ORGANIC FLOURS , BB ROYAL Organic - Whole Wheat Atta / Godhumai Maavu,bb Royal,40079749,https://www.bigbasket.com/pd/40079749/bb-royal-organic-whole-wheat-atta-1-kg/,"bb Royal Organic - Whole Wheat Atta / Godhumai Maavu, 1 kg",69,Rs 47,32%,1 kg,veg,https://www.bigbasket.com/media/uploads/p/mm/40079749_14-bb-royal-organic-whole-wheat-atta.jpg,"Organic Whole Wheat Attas are sent percent wheat grain atta with fiber and is recognized in the market for its normal ingredients. It develops digestive system and consists of iron. Organic Whole Wheat Atta is the carefully select, cleaned, fresh and maintained one.",40079749,https://www.bigbasket.com/media/uploads/p/l/40079749_14-bb-royal-organic-whole-wheat-atta.jpg
825," FOODGRAINS, OIL & MASALA ", ORGANIC STAPLES , ORGANIC FLOURS , BB ROYAL Organic - Whole Wheat Atta / Godhumai Maavu,bb Royal,40079750,https://www.bigbasket.com/pd/40079750/bb-royal-organic-whole-wheat-atta-5-kg/,"bb Royal Organic - Whole Wheat Atta / Godhumai Maavu, 5 kg",329,Rs 189,43%,5 kg,veg,https://www.bigbasket.com/media/uploads/p/mm/40079750_6-bb-royal-organic-whole-wheat-atta.jpg,"Organic Whole Wheat Attas are sent percent wheat grain atta with fiber and is recognized in the market for its normal ingredients. It develops digestive system and consists of iron. Organic Whole Wheat Atta is the carefully select, cleaned, fresh and maintained one.",40079750,https://www.bigbasket.com/media/uploads/p/l/40079750_6-bb-royal-organic-whole-wheat-atta.jpg
832," FOODGRAINS, OIL & MASALA ", DRY FRUITS , OTHER DRY FRUITS , BB ROYAL Walnut Kernels/Akharot/Akhrot,bb Royal,10000512,https://www.bigbasket.com/pd/10000512/bb-royal-walnutakhrot-kernels-100-g-vacuum-packed/,"bb Royal Walnut Kernels/Akharot/Akhrot, 100 g Vacuum Packed",200,Rs 199,1,100 g,veg,https://www.bigbasket.com/media/uploads/p/mm/10000512_5-bb-royal-walnutakhrot-kernels.jpg,"BB Royal Walnut Kernels not only add crunch and taste to a dish, but they are loaded with nutritional benefits too. The uneven texture of the kernels along with the light brown colour, make them delicacies on their own. Bigbasket offers only premium quality walnuts that are packed perfectly to keep the taste and food value intact. Click here for unique and delicious recipes - https://www.bigbasket.com/flavors/collections/231/dry-fruits-berries-nuts/",100005127,https://www.bigbasket.com/media/uploads/p/l/10000512_5-bb-royal-walnutakhrot-kernels.jpg
833," FOODGRAINS, OIL & MASALA ", DRY FRUITS , OTHER DRY FRUITS , BB ROYAL Walnut Kernels/Akharot/Akhrot,bb Royal,10000538,https://www.bigbasket.com/pd/10000538/bb-royal-walnutakhrot-kernels-200-g-vacuum-packed/,"bb Royal Walnut Kernels/Akharot/Akhrot, 200 g Vacuum Packed",400,Rs 390,10,200 g,veg,https://www.bigbasket.com/media/uploads/p/mm/10000538_5-bb-royal-walnutakhrot-kernels.jpg,"BB popular walnut kernels or akharot-tukda are also available in 200 gram packs, which makes it perfect for smaller families. This is one of the healthiest forms of nuts available. The advantage here is that you don't have to bother with the cracking of the shell. Walnut kernels are actually the seed of the drupe or drupaceous nut, which technically isn't a real botanical nut. Click here for unique and delicious recipes - https://www.bigbasket.com/flavors/collections/231/dry-fruits-berries-nuts/",1000053899,https://www.bigbasket.com/media/uploads/p/l/10000538_5-bb-royal-walnutakhrot-kernels.jpg
834," FOODGRAINS, OIL & MASALA ", DRY FRUITS , OTHER DRY FRUITS , BB ROYAL walnutakhrot-kernels,bb Royal,40035510,https://www.bigbasket.com/pd/40035510/bb-royal-walnutakhrot-kernels-500-g-vacuum-packed/,"bb Royal walnutakhrot-kernels, 500 g Vacuum Packed",1000,Rs 950,50,500 g,veg,https://www.bigbasket.com/media/uploads/p/mm/40035510_5-bb-royal-walnutakhrot-kernels.jpg,"Walnuts are a yummy way to add additional nutrition, taste and crunch to a meal. It consists of two bumpy lobes which are off-white in colour and coated by a thin, light brown skin. They are rich in vitamins and dietary fibre in addition to minerals such as potassium, iron, copper and calcium. Click here for unique and delicious recipes - https://www.bigbasket.com/flavors/collections/231/dry-fruits-berries-nuts/",40035510,https://www.bigbasket.com/media/uploads/p/l/40035510_5-bb-royal-walnutakhrot-kernels.jpg
835," FOODGRAINS, OIL & MASALA ", DRY FRUITS , OTHER DRY FRUITS , BB ROYAL Figs/Anjeer/Atti Pazham,bb Royal,10000508,https://www.bigbasket.com/pd/10000508/bb-royal-anjeer-figs-100-g/,"bb Royal Figs/Anjeer/Atti Pazham, 100 g",250,Rs 168,33%,100 g,veg,https://www.bigbasket.com/media/uploads/p/mm/10000508_6-bb-royal-anjeer-figs.jpg,"Figs are appetizingly sugary and feature a complex feel that merges the chewiness of their flesh, the softness of their skin, and the crunchiness of their seeds. Click here for unique and delicious recipes - https://www.bigbasket.com/flavors/collections/231/dry-fruits-berries-nuts/",30000128336,https://www.bigbasket.com/media/uploads/p/l/10000508_6-bb-royal-anjeer-figs.jpg
836," FOODGRAINS, OIL & MASALA ", DRY FRUITS , OTHER DRY FRUITS , BB ROYAL Figs/Anjeer/Atti Pazham,bb Royal,10000534,https://www.bigbasket.com/pd/10000534/bb-royal-anjeer-figs-200-g/,"bb Royal Figs/Anjeer/Atti Pazham, 200 g",500,Rs 335,33%,200 g,veg,https://www.bigbasket.com/media/uploads/p/mm/10000534_5-bb-royal-anjeer-figs.jpg,"Figs or Anjeer are a royal treat packed by BB exclusively for you. The Anjeer is a dried form of the fresh fig fruit. However, understanding that you don't compromise on taste, we bring only the finest selection of fruits. These figs are high on taste and quality. Click here for unique and delicious recipes - https://www.bigbasket.com/flavors/collections/231/dry-fruits-berries-nuts/",100005349,https://www.bigbasket.com/media/uploads/p/l/10000534_5-bb-royal-anjeer-figs.jpg
837," FOODGRAINS, OIL & MASALA ", DRY FRUITS , OTHER DRY FRUITS , BB ROYAL Anjeer - Figs,bb Royal,40053919,https://www.bigbasket.com/pd/40053919/bb-royal-anjeer-figs-500-g/,"bb Royal Anjeer - Figs, 500 g",1250,Rs 820,34%,500 g,veg,https://www.bigbasket.com/media/uploads/p/mm/40053919_3-bb-royal-anjeer-figs.jpg,"Figs are bell shaped fruits with wrinkled and tough skin. They are one of the sweetest fruits and also have a very sugary scent. Fig is logically rich in much wellbeing benefiting anti-oxidants, phytonutrients and vitamins.  Dried figs, indeed, are an extremely concentrated supply of minerals and vitamins. An entirely developed fig features bell or pear shape with moist flesh inside. Figs control many essential minerals and vitamins like vitamin A, B1, B2, and also contain a mixture of antioxidants and omega fatty acids. Dried figs are mainly consumed raw and are used as sweeteners in desserts and baked goods. Click here for unique and delicious recipes - https://www.bigbasket.com/flavors/collections/231/dry-fruits-berries-nuts/",40053919,https://www.bigbasket.com/media/uploads/p/l/40053919_3-bb-royal-anjeer-figs.jpg
838," FOODGRAINS, OIL & MASALA ", ORGANIC STAPLES ," ORGANIC SUGAR, JAGGERY ", BB ROYAL Organic - Sugar,bb Royal,40093610,https://www.bigbasket.com/pd/40093610/bb-royal-organic-sugar-2-kg/,"bb Royal Organic - Sugar, 2 kg",215,Rs 139,35%,2 kg,veg,https://www.bigbasket.com/media/uploads/p/mm/40093610_10-bb-royal-organic-sugar.jpg,"BB Royal organic Sugar product is free from any exposures to chemicals. This is made from high-class sugarcane and is purified under a firm process is to produce organic manure, organic sugar cane like dung or compost is used. This product is uniformly crystallised and blends well with all other food ingredients and makes your sweet dish tastier. It is free of synthetic chemicals and pesticides.",40093610,https://www.bigbasket.com/media/uploads/p/l/40093610_10-bb-royal-organic-sugar.jpg
839," FOODGRAINS, OIL & MASALA ", ORGANIC STAPLES ," ORGANIC SUGAR, JAGGERY ", BB ROYAL Organic - Sugar / Sakarai,bb Royal,40072492,https://www.bigbasket.com/pd/40072492/bb-royal-organic-sugar-1-kg/,"bb Royal Organic - Sugar / Sakarai, 1 kg",110,Rs 77,30%,1 kg,veg,https://www.bigbasket.com/media/uploads/p/mm/40072492_13-bb-royal-organic-sugar.jpg,"BB Royal organic Sugar product is free from any exposures to chemicals. This is made from high-class sugarcane and is purified under a firm process is to produce organic manure, organic sugar cane like dung or compost is used. This product is uniformly crystallised and blends well with all other food ingredients and makes your sweet dish tastier. It is free of synthetic chemicals and pesticides.",40072492,https://www.bigbasket.com/media/uploads/p/l/40072492_13-bb-royal-organic-sugar.jpg
840," FOODGRAINS, OIL & MASALA ", ORGANIC STAPLES , ORGANIC MASALAS & SPICES , BB ROYAL Organic - Mustard / Kaduku,bb Royal,40072480,https://www.bigbasket.com/pd/40072480/bb-royal-organic-mustardrai-small-100-g/,"bb Royal Organic - Mustard / Kaduku, 100 g",21,Rs 17,19%,100 g,veg,https://www.bigbasket.com/media/uploads/p/mm/40072480_14-bb-royal-organic-mustardrai-small.jpg,"Organic Mustard adds a different flavor to food, and is a necessary part of Indian cooking. Moreover, the seeds have always been well-known for their medical properties. It is free from synthetic chemicals and pesticides.",40072480,https://www.bigbasket.com/media/uploads/p/l/40072480_14-bb-royal-organic-mustardrai-small.jpg
841," FOODGRAINS, OIL & MASALA ", ORGANIC STAPLES , ORGANIC MASALAS & SPICES , BB ROYAL Organic - Mustard / Kaduku,bb Royal,40072481,https://www.bigbasket.com/pd/40072481/bb-royal-organic-mustardrai-small-200-g/,"bb Royal Organic - Mustard / Kaduku, 200 g",42,Rs 34,19%,200 g,veg,https://www.bigbasket.com/media/uploads/p/mm/40072481_13-bb-royal-organic-mustardrai-small.jpg,"Organic Mustard adds a different flavor to food, and is a necessary part of Indian cooking. Moreover, the seeds have always been well-known for their medical properties. It is free from synthetic chemicals and pesticides.",40072481,https://www.bigbasket.com/media/uploads/p/l/40072481_13-bb-royal-organic-mustardrai-small.jpg
842," FOODGRAINS, OIL & MASALA ", ORGANIC STAPLES , ORGANIC MASALAS & SPICES ," BB ROYAL Organic - Mustard/Rai, Small",bb Royal,40135853,https://www.bigbasket.com/pd/40135853/bb-royal-organic-mustardrai-small-500-g/,"bb Royal Organic - Mustard/Rai, Small, 500 g",105,Rs 75,29%,500 g,veg,https://www.bigbasket.com/media/uploads/p/mm/40135853_6-bb-royal-organic-mustardrai-small.jpg,"Organic Mustard adds a different flavour to the food and it is a necessary part of the Indian cooking. Moreover, the seeds have always been well-known for their medical properties. It is free from synthetic chemicals and pesticides. It contains magnesium, calcium, iron, zinc and protein. This amazing mustard seeds will prevent the risk of cancer, improves cardiovascular health, and cures aches.",40135853,https://www.bigbasket.com/media/uploads/p/l/40135853_6-bb-royal-organic-mustardrai-small.jpg
847," FOODGRAINS, OIL & MASALA ", DRY FRUITS , MUKHWAS , BB ROYAL Seeds Sabja/Sabja,bb Royal,30000312,https://www.bigbasket.com/pd/30000312/bb-royal-seeds-sabja-50-g-pouch/,"bb Royal Seeds Sabja/Sabja, 50 g Pouch",20,Rs 19,5%,50 g,veg,https://www.bigbasket.com/media/uploads/p/mm/30000312_4-bb-royal-seeds-sabja.jpg,Sabja Seeds are commonly known as Falooda Seeds. They are black in colour and teardrop-shaped. It offers essential nutrition and fibre. Click here for unique and delicious recipes - https://www.bigbasket.com/flavors/collections/231/dry-fruits-berries-nuts/,3000031299,https://www.bigbasket.com/media/uploads/p/l/30000312_4-bb-royal-seeds-sabja.jpg
848," FOODGRAINS, OIL & MASALA ", DRY FRUITS , MUKHWAS , BB ROYAL Seeds - Sabja,bb Royal,20000474,https://www.bigbasket.com/pd/20000474/bb-royal-seeds-sabja-100-g-pouch/,"bb Royal Seeds - Sabja, 100 g Pouch",40,Rs 37,8%,100 g,veg,https://www.bigbasket.com/media/uploads/p/mm/20000474_4-bb-royal-seeds-sabja.jpg,Sabja Seeds are commonly known as Falooda Seeds. They are black in colour and teardrop shaped. It offers essential nutrition and fibre. Click here for unique and delicious recipes - https://www.bigbasket.com/flavors/collections/231/dry-fruits-berries-nuts/,20000474,https://www.bigbasket.com/media/uploads/p/l/20000474_4-bb-royal-seeds-sabja.jpg
849," FOODGRAINS, OIL & MASALA ", DRY FRUITS , MUKHWAS , BB ROYAL Seeds - Sabja,bb Royal,40053908,https://www.bigbasket.com/pd/40053908/bb-royal-seeds-sabja-200-g/,"bb Royal Seeds - Sabja, 200 g",80,Rs 71,11%,200 g,,https://www.bigbasket.com/media/uploads/p/mm/40053908_2-bb-royal-seeds-sabja.jpg,"Sabja Seeds are commonly called as Falooda Seeds. Sweet basil seeds also called Thai Holy Basil, which is unusual from holy basil, the tulsi plant revered in India. They are black in color and tear drop shaped. It offers concentrated nutrition and fiber. Click here for unique and delicious recipes - https://www.bigbasket.com/flavors/collections/231/dry-fruits-berries-nuts/",40053908,https://www.bigbasket.com/media/uploads/p/l/40053908_2-bb-royal-seeds-sabja.jpg
850," FOODGRAINS, OIL & MASALA ", RICE & RICE PRODUCTS ," POHA, SABUDANA & MURMURA ", BB ROYAL Wheat Whole/Godhumai,bb Royal,10000569,https://www.bigbasket.com/pd/10000569/bb-royal-wheat-whole-5-kg-bag/,"bb Royal Wheat Whole/Godhumai, 5 kg Bag",275,Rs 227,17%,5 kg,veg,https://www.bigbasket.com/media/uploads/p/mm/10000569_6-bb-royal-wheat-whole.jpg,"Whole wheat light brown coloured spindle-shaped, tough, starchy and rich tasting husked kernels of the wheat crop. They are one of the most trendy and extensively used cereals in the world. Wheat is a part of our each day diet. Whole wheat is ground to make different baked goods and bread such as rotis and parathas. Click here for unique and delicious recipes - https://www.bigbasket.com/flavors/collections/230/dals-pulses/",8.90417E+12,https://www.bigbasket.com/media/uploads/p/l/10000569_6-bb-royal-wheat-whole.jpg
851," FOODGRAINS, OIL & MASALA ", RICE & RICE PRODUCTS ," POHA, SABUDANA & MURMURA ", BB ROYAL Wheat - Whole,bb Royal,40018898,https://www.bigbasket.com/pd/40018898/bb-royal-wheat-whole-1-kg-pouch/,"bb Royal Wheat - Whole, 1 kg Pouch",55,Rs 48,13%,1 kg,veg,https://www.bigbasket.com/media/uploads/p/mm/40018898_3-bb-royal-wheat-whole.jpg,"Whole wheat light brown coloured, spindle-shaped, dense, starchy and wealthy tasting husked kernels of the wheat crop. They are one of the majority and generally used cereals in the world. Whole wheat is ground to make different baked goods and bread such as rotis and parathas. Click here for unique and delicious recipes - https://www.bigbasket.com/flavors/collections/230/dals-pulses/",40018898,https://www.bigbasket.com/media/uploads/p/l/40018898_3-bb-royal-wheat-whole.jpg
852," FOODGRAINS, OIL & MASALA ", DALS & PULSES , CEREALS & MILLETS , BB ROYAL Raw Peanuts/Mungaphali/Nilakadalai,bb Royal,30000120,https://www.bigbasket.com/pd/30000120/bb-royal-peanutsmungaphalishengdana-raw-200-g-pouch/,"bb Royal Raw Peanuts/Mungaphali/Nilakadalai, 200 g Pouch",44,,,200 g,veg,https://www.bigbasket.com/media/uploads/p/mm/30000120_11-bb-royal-peanutsmungaphalishengdana-raw.jpg,"Raw Peanuts are the original Health Nut. Each oval-shaped kernel or seed is comprised of two off-white lobes that are coated by a brownish-red skin. Raw peanuts supply you with more fiber than peanut butter or other peanut varieties. Fiber guides in digestion and assists with the metabolism process as well. Raw peanuts have high amounts of vitamins and minerals, which remain hard to achieve through other foods. Click here for unique and delicious recipes - https://www.bigbasket.com/flavors/collections/230/dals-pulses/",3000012099,https://www.bigbasket.com/media/uploads/p/l/30000120_11-bb-royal-peanutsmungaphalishengdana-raw.jpg
853," FOODGRAINS, OIL & MASALA ", RICE & RICE PRODUCTS ," POHA, SABUDANA & MURMURA "," BB ROYAL Sabudana - White, Small",bb Royal,30000220,https://www.bigbasket.com/pd/30000220/bb-royal-sabudana-white-small-500-g-pouch/,"bb Royal Sabudana - White, Small, 500 g Pouch",65,Rs 46,29%,500 g,,https://www.bigbasket.com/media/uploads/p/mm/30000220_5-bb-royal-sabudana-white-small.jpg,"Sabudana is a food which is packed of energy and carbohydrates. It is valuable as an alternate in binding the dishes or making them thick. The viable production of sago is in the form of small globules or pearls. It is enormously low in fat but also low in protein. It is almost pure carbohydrate and has very little minerals, protein or vitamins. Click here for unique and delicious recipes - https://www.bigbasket.com/flavors/collections/233/rice-rice-products/",20000740001,https://www.bigbasket.com/media/uploads/p/l/30000220_5-bb-royal-sabudana-white-small.jpg
859," FOODGRAINS, OIL & MASALA ", MASALAS & SPICES , POWDERED SPICES , BB ROYAL Coconut Powder - Dessicated,bb Royal,40086152,https://www.bigbasket.com/pd/40086152/bb-royal-coconut-powder-dessicated-500-g/,"bb Royal Coconut Powder - Dessicated, 500 g",250,Rs 175,30%,500 g,veg,https://www.bigbasket.com/media/uploads/p/mm/40086152_2-bb-royal-coconut-powder-dessicated.jpg,"Desiccated coconut powder is crunchy, snow white in colour and contains a sweet pleasant and fresh savour of the nut. It is one of the most common ingredients used in Indian cooking.  Fresh and flavourful, make a variety of dishes at home with this coconut powder.",40086152,https://www.bigbasket.com/media/uploads/p/l/40086152_2-bb-royal-coconut-powder-dessicated.jpg
860," FOODGRAINS, OIL & MASALA ", MASALAS & SPICES , POWDERED SPICES , BB ROYAL Coconut - Dessicated,bb Royal,40053897,https://www.bigbasket.com/pd/40053897/bb-royal-coconut-dessicated-200-g/,"bb Royal Coconut - Dessicated, 200 g",100,Rs 70,30%,200 g,veg,https://www.bigbasket.com/media/uploads/p/mm/40053897_11-bb-royal-coconut-dessicated.jpg,"Desiccated coconut is crunchy, snow white in colour and contains a sweet pleasant and fresh savour of the nut. It is prepared from hygienic coconuts which are harvested at just the correct time to ensure the best taste.  The coconut is then dried to the wonderful moisture content to ensure long shelf life, finest taste and mouthfeel. Desiccated coconut is just coconut meat that has been grated and dried. It includes no cholesterol or trans fats while being wealthy in a number of necessary nutrients, including dietary fibre, copper, manganese and selenium. It also suggests a nutritional value that carries tissue health.",40053897,https://www.bigbasket.com/media/uploads/p/l/40053897_11-bb-royal-coconut-dessicated.jpg
861," FOODGRAINS, OIL & MASALA ", MASALAS & SPICES , POWDERED SPICES , BB ROYAL Coconut Powder Dessicated/Unakkiya Tenkay,bb Royal,40000626,https://www.bigbasket.com/pd/40000626/bb-royal-coconut-powder-desiccated-100-g/,"bb Royal Coconut Powder Dessicated/Unakkiya Tenkay, 100 g",50,Rs 35,30%,100 g,veg,https://www.bigbasket.com/media/uploads/p/mm/40000626_6-bb-royal-coconut-powder-desiccated.jpg,"Coconut Powder is a perfect, model-proof, gluten-free alternative for most conventional flours. This versatile, gluten-free ingredient can be used in some of your favourite recipes to create tasty, nutritious, and amazing foods without the health risks associated with refined grain flours.",40000626,https://www.bigbasket.com/media/uploads/p/l/40000626_6-bb-royal-coconut-powder-desiccated.jpg
862," FOODGRAINS, OIL & MASALA ", ORGANIC STAPLES , ORGANIC MASALAS & SPICES , BB ROYAL Organic - Cinnamon/Dalchini,bb Royal,1208915,https://www.bigbasket.com/pd/1208915/bb-royal-organic-cinnamondalchini-2x100-g/,"bb Royal Organic - Cinnamon/Dalchini, 2x100 g Multipack",240,Rs 210,13%,2x100 g,,https://www.bigbasket.com/media/uploads/p/mm/1208915_1-bb-royal-organic-cinnamondalchini.jpg,"These cinnamons have a sweet and penetrating flavour. These are purely cultivated and come filled with freshness, fitness and a delicious aroma. It is free of synthetic chemicals and pesticides.",1208915,https://www.bigbasket.com/media/uploads/p/l/1208915_1-bb-royal-organic-cinnamondalchini.jpg
863," FOODGRAINS, OIL & MASALA ", ORGANIC STAPLES , ORGANIC MASALAS & SPICES , BB ROYAL Organic - Cinnamon/Dalchini,bb Royal,40075299,https://www.bigbasket.com/pd/40075299/bb-royal-organic-cinnamondalchini-20-g/,"bb Royal Organic - Cinnamon/Dalchini, 20 g",27,Rs 24,11%,20 g,veg,https://www.bigbasket.com/media/uploads/p/mm/40075299_5-bb-royal-organic-cinnamondalchini.jpg,"Cinnamon Barks are recognized to include higher level of calcium, iron, magnesium and chromium as well as cancer fighting anti-oxidants. No genetically modified crops or no food additives and ingredients are used. They have a sweet, rather penetrating flavor. These are purely cultivated for purity and come filled with freshness and fitness. It is free from synthetic chemicals and pesticides.",40075299,https://www.bigbasket.com/media/uploads/p/l/40075299_5-bb-royal-organic-cinnamondalchini.jpg
864," FOODGRAINS, OIL & MASALA ", ORGANIC STAPLES , ORGANIC MASALAS & SPICES , BB ROYAL Organic - Cinnamon/Dalchini,bb Royal,40075300,https://www.bigbasket.com/pd/40075300/bb-royal-organic-cinnamondalchini-50-g/,"bb Royal Organic - Cinnamon/Dalchini, 50 g",61,Rs 52,15%,50 g,veg,https://www.bigbasket.com/media/uploads/p/mm/40075300_5-bb-royal-organic-cinnamondalchini.jpg,"Cinnamon Barks are recognized to include higher level of calcium, iron, magnesium and chromium as well as cancer fighting anti-oxidants. No genetically modified crops or no food additives and ingredients are used. They have a sweet, rather penetrating flavor. These are purely cultivated for purity and come filled with freshness and fitness. It is free from synthetic chemicals and pesticides.",40075300,https://www.bigbasket.com/media/uploads/p/l/40075300_5-bb-royal-organic-cinnamondalchini.jpg
865," FOODGRAINS, OIL & MASALA ", ORGANIC STAPLES , ORGANIC MASALAS & SPICES , BB ROYAL Organic - Cinnamon/Dalchini,bb Royal,40072502,https://www.bigbasket.com/pd/40072502/bb-royal-organic-cinnamondalchini-100-g/,"bb Royal Organic - Cinnamon/Dalchini, 100 g",120,Rs 105,13%,100 g,,https://www.bigbasket.com/media/uploads/p/mm/40072502_7-bb-royal-organic-cinnamondalchini.jpg,"These cinnamons have a sweet and penetrating flavor. These are purely cultivated and come filled with freshness, fitness and a delicious aroma. It is free from synthetic chemicals and pesticides.",40072502,https://www.bigbasket.com/media/uploads/p/l/40072502_7-bb-royal-organic-cinnamondalchini.jpg
866," FOODGRAINS, OIL & MASALA ", MASALAS & SPICES , WHOLE SPICES , BB POPULAR Phool Makhana,bb Popular,40133681,https://www.bigbasket.com/pd/40133681/bb-popular-phool-makhana-100-g/,"bb Popular Phool Makhana, 100 g",150,Rs 101.97,32%,100 g,veg,https://www.bigbasket.com/media/uploads/p/mm/40133681_4-bb-popular-phool-makhana.jpg,"Phool Makhana or popped lotus seeds are an organic non-cereal nutritious food which is normally found in the stagnant water of lakes, tanks, ponds and wetlands. This is normally used to make makhana kheer, a sweet dish which is commonly consumed after fasting. Although some prefer to eat it raw or boiled, mostly it is used as an ingredient in Indian recipes.",40133681,https://www.bigbasket.com/media/uploads/p/l/40133681_4-bb-popular-phool-makhana.jpg
868," FOODGRAINS, OIL & MASALA ", ORGANIC STAPLES , ORGANIC MASALAS & SPICES , BB ROYAL Organic - Dry Ginger Powder,bb Royal,40184721,https://www.bigbasket.com/pd/40184721/bb-royal-organic-dry-ginger-powder-200-g/,"bb Royal Organic - Dry Ginger Powder, 200 g",140,Rs 105,25%,200 g,veg,https://www.bigbasket.com/media/uploads/p/mm/40184721_4-bb-royal-organic-dry-ginger-powder.jpg,"Dried ginger powder is used in making spices and masalas, which are used in gravies, curries, marinades, stews etc. It is combined with cardamom, cinnamon, fennel and cloves to make tea masala, which is brewed along with tea to get a strong flavour.",40184721,https://www.bigbasket.com/media/uploads/p/l/40184721_4-bb-royal-organic-dry-ginger-powder.jpg
869," FOODGRAINS, OIL & MASALA ", ORGANIC STAPLES , ORGANIC MASALAS & SPICES , BB ROYAL Organic - Dry Ginger Powder,bb Royal,40088527,https://www.bigbasket.com/pd/40088527/bb-royal-organic-dry-ginger-powder-100-g/,"bb Royal Organic - Dry Ginger Powder, 100 g",73,Rs 54,26%,100 g,veg,https://www.bigbasket.com/media/uploads/p/mm/40088527_9-bb-royal-organic-dry-ginger-powder.jpg,"Dried ginger powder is used in making spices and masalas, which are used in gravies, curries, marinades, stews etc. It is combined with cardamom, cinnamon, fennel and cloves to make tea masala, which is brewed along with tea to get a strong flavour.",40088527,https://www.bigbasket.com/media/uploads/p/l/40088527_9-bb-royal-organic-dry-ginger-powder.jpg
870," FOODGRAINS, OIL & MASALA ", DRY FRUITS , RAISINS , BB ROYAL Indian Raisins/Kishmish - Long,bb Royal,40111145,https://www.bigbasket.com/pd/40111145/bb-royal-indian-raisinskishmish-long-100-g/,"bb Royal Indian Raisins/Kishmish - Long, 100 g",60,Rs 50,17%,100 g,veg,https://www.bigbasket.com/media/uploads/p/mm/40111145_2-bb-royal-indian-raisinskishmish-long.jpg,"Indian Raisins are obtained by drying grapes in the sun or in mechanical driers, which turns fresh grapes into brown coloured raisins. Raisins come with loads of health benefits; however, they are rich in calories & sugars. It is a fine source of the B-complex vitamins such as vitamin B3, B2, B1, B6, and contains tiny amounts of Vitamin C, E & K. Raisin is a dense supply of minerals like calcium, iron, manganese, potassium, magnesium copper, zinc, fluoride and boron. Click here for unique and delicious recipes - https://www.bigbasket.com/flavors/collections/231/dry-fruits-berries-nuts/",40111145,https://www.bigbasket.com/media/uploads/p/l/40111145_2-bb-royal-indian-raisinskishmish-long.jpg
871," FOODGRAINS, OIL & MASALA ", DRY FRUITS , RAISINS , BB ROYAL Indian Raisins/Kishmish - Long,bb Royal,40111146,https://www.bigbasket.com/pd/40111146/bb-royal-indian-raisinskishmish-long-200-g/,"bb Royal Indian Raisins/Kishmish - Long, 200 g",100,Rs 97,3,200 g,veg,https://www.bigbasket.com/media/uploads/p/mm/40111146_2-bb-royal-indian-raisinskishmish-long.jpg,"Indian Raisins are obtained by drying grapes in the sun or in mechanical driers, which turns fresh grapes into brown coloured raisins. Raisins come with loads of health benefits; however, they are rich in calories & sugars. It is a fine source of the B-complex vitamins such as vitamin B3, B2, B1, B6, and contains tiny amounts of Vitamin C, E & K. Raisin is a dense supply of minerals like calcium, iron, manganese, potassium, magnesium copper, zinc, fluoride and boron. Click here for unique and delicious recipes - https://www.bigbasket.com/flavors/collections/231/dry-fruits-berries-nuts/",40111146,https://www.bigbasket.com/media/uploads/p/l/40111146_2-bb-royal-indian-raisinskishmish-long.jpg
872," FOODGRAINS, OIL & MASALA ", DRY FRUITS , RAISINS , BB ROYAL Indian Raisins/Kishmish - Long,bb Royal,40111147,https://www.bigbasket.com/pd/40111147/bb-royal-indian-raisinskishmish-long-500-g/,"bb Royal Indian Raisins/Kishmish - Long, 500 g",250,Rs 234,16,500 g,veg,https://www.bigbasket.com/media/uploads/p/mm/40111147_2-bb-royal-indian-raisinskishmish-long.jpg,"Indian Raisins are obtained by drying grapes in the sun or in mechanical driers, which turns fresh grapes into brown coloured raisins. Raisins come with loads of health benefits; however, they are rich in calories & sugars. It is a fine source of the B-complex vitamins such as vitamin B3, B2, B1, B6, and contains tiny amounts of Vitamin C, E & K. Raisin is a dense supply of minerals like calcium, iron, manganese, potassium, magnesium copper, zinc, fluoride and boron. Click here for unique and delicious recipes - https://www.bigbasket.com/flavors/collections/231/dry-fruits-berries-nuts/",40111147,https://www.bigbasket.com/media/uploads/p/l/40111147_2-bb-royal-indian-raisinskishmish-long.jpg
873," FOODGRAINS, OIL & MASALA ", DRY FRUITS , RAISINS , BB ROYAL Indian Raisins/Kishmish - Long,bb Royal,40111148,https://www.bigbasket.com/pd/40111148/bb-royal-indian-raisinskishmish-long-1-kg/,"bb Royal Indian Raisins/Kishmish - Long, 1 kg",500,Rs 450,50,1 kg,veg,https://www.bigbasket.com/media/uploads/p/mm/40111148_2-bb-royal-indian-raisinskishmish-long.jpg,"Indian Raisins are obtained by drying grapes in the sun or in mechanical driers, which turns fresh grapes into brown coloured raisins. Raisins come with loads of health benefits; however, they are rich in calories & sugars. It is a fine source of the B-complex vitamins such as vitamin B3, B2, B1, B6, and contains tiny amounts of Vitamin C, E & K. Raisin is a dense supply of minerals like calcium, iron, manganese, potassium, magnesium copper, zinc, fluoride and boron. Click here for unique and delicious recipes - https://www.bigbasket.com/flavors/collections/231/dry-fruits-berries-nuts/",40111148,https://www.bigbasket.com/media/uploads/p/l/40111148_2-bb-royal-indian-raisinskishmish-long.jpg
874," FOODGRAINS, OIL & MASALA ", MASALAS & SPICES , WHOLE SPICES , BB POPULAR Fennel/Saunf - Big,bb Popular,40133696,https://www.bigbasket.com/pd/40133696/bb-popular-fennelsaunf-big-50-g/,"bb Popular Fennel/Saunf - Big, 50 g",20,Rs 17,15%,50 g,veg,https://www.bigbasket.com/media/uploads/p/mm/40133696_4-bb-popular-fennelsaunf-big.jpg,Saunf is the dried seeds of Fennel plant. It is very familiar with cookery and remedial uses due to its sweet-smelling and medicinal properties. These are pale greenish in colour and have a faintly sweet and energising flavour. It is more than just a normal mouth freshener.,40133696,https://www.bigbasket.com/media/uploads/p/l/40133696_4-bb-popular-fennelsaunf-big.jpg
876," FOODGRAINS, OIL & MASALA ", ORGANIC STAPLES ," ORGANIC RICE, OTHER RICE ", BB ROYAL Organic - Quinoa,bb Royal,40109379,https://www.bigbasket.com/pd/40109379/bb-royal-organic-quinoa-1-kg/,"bb Royal Organic - Quinoa, 1 kg",375,Rs 225,40%,1 kg,veg,https://www.bigbasket.com/media/uploads/p/mm/40109379_12-bb-royal-organic-quinoa.jpg,"Quinoa is one of the worlds most popular health foods.uinoa is gluten-free, high in protein and one of the few plant foods that contain all nine essential amino acids. It is also high in fibre, magnesium, B-vitamins, iron, potassium, calcium, phosphorus, vitamin E and various beneficial antioxidants.",40109379,https://www.bigbasket.com/media/uploads/p/l/40109379_12-bb-royal-organic-quinoa.jpg
877," FOODGRAINS, OIL & MASALA ", ORGANIC STAPLES ," ORGANIC RICE, OTHER RICE ", BB ROYAL Organic - Quinoa,bb Royal,40094997,https://www.bigbasket.com/pd/40094997/bb-royal-organic-quinoa-500-g/,"bb Royal Organic - Quinoa, 500 g",200,Rs 117,42%,500 g,veg,https://www.bigbasket.com/media/uploads/p/mm/40094997_10-bb-royal-organic-quinoa.jpg,"Quinoa is one of the worlds most popular health foods.uinoa is gluten-free, high in protein and one of the few plant foods that contain all nine essential amino acids. It is also high in fibre, magnesium, B-vitamins, iron, potassium, calcium, phosphorus, vitamin E and various beneficial antioxidants.",40094997,https://www.bigbasket.com/media/uploads/p/l/40094997_10-bb-royal-organic-quinoa.jpg
878," FOODGRAINS, OIL & MASALA ", ORGANIC STAPLES ," ORGANIC RICE, OTHER RICE ", BB ROYAL Organic - Quinoa,bb Royal,40077502,https://www.bigbasket.com/pd/40077502/bb-royal-organic-quinoa-200-g/,"bb Royal Organic - Quinoa, 200 g",101,Rs 53,48%,200 g,veg,https://www.bigbasket.com/media/uploads/p/mm/40077502_10-bb-royal-organic-quinoa.jpg,"Quinoa is one of the worlds most popular health foods.uinoa is gluten-free, high in protein and one of the few plant foods that contain all nine essential amino acids. It is also high in fibre, magnesium, B-vitamins, iron, potassium, calcium, phosphorus, vitamin E and various beneficial antioxidants.",40077502,https://www.bigbasket.com/media/uploads/p/l/40077502_10-bb-royal-organic-quinoa.jpg
892," FOODGRAINS, OIL & MASALA ", MASALAS & SPICES , WHOLE SPICES , BB ROYAL Cinnamon/Dalchini,bb Royal,30000305,https://www.bigbasket.com/pd/30000305/bb-royal-cinnamondalchini-50-g/,"bb Royal Cinnamon/Dalchini, 50 g",100,Rs 44,56%,50 g,veg,https://www.bigbasket.com/media/uploads/p/mm/30000305_7-bb-royal-cinnamondalchini.jpg,"Cinnamon a sweet spice completed from the bark of an Asian tree and utilised in baking and cooking. The light-brown spice contains a delicately fragrant aroma and warm, sugary flavour. It was once more precious than gold.",30000305,https://www.bigbasket.com/media/uploads/p/l/30000305_7-bb-royal-cinnamondalchini.jpg
893," FOODGRAINS, OIL & MASALA ", MASALAS & SPICES , WHOLE SPICES , BB ROYAL Cinnamon/Dalchini,bb Royal,30000277,https://www.bigbasket.com/pd/30000277/bb-royal-cinnamondalchini-100-g/,"bb Royal Cinnamon/Dalchini, 100 g",200,Rs 85,58%,100 g,veg,https://www.bigbasket.com/media/uploads/p/mm/30000277_10-bb-royal-cinnamondalchini.jpg,"Cinnamon is a well-liked ingredient in recipes and adds a slightly peppery flavour to numerous dishes. Cinnamon gives high amounts of fibre and calcium. One teaspoon gives a whopping 22% of the daily suggested value in manganese. Cinnamon is rich in necessary minerals such as manganese, iron and calcium, while also including a high content of fibre. Cinnamon is so much more than a scented spice.",_EAN_,https://www.bigbasket.com/media/uploads/p/l/30000277_10-bb-royal-cinnamondalchini.jpg
894," FOODGRAINS, OIL & MASALA ", MASALAS & SPICES , WHOLE SPICES , BB ROYAL Cinnamon/Dalchini,bb Royal,40056581,https://www.bigbasket.com/pd/40056581/bb-royal-cinnamondalchini-20-g/,"bb Royal Cinnamon/Dalchini, 20 g",50,,,20 g,veg,https://www.bigbasket.com/media/uploads/p/mm/40056581_5-bb-royal-cinnamondalchini.jpg,"Cinnamon is an aromatic spice which appears from the inner bark of a tropical tree. When dried, it twists into quills that are utilised to add a humid, distinctive flavour and fragrance to sweet dishes such as poached fruit.  It contains a stronger fragrance than whole sticks.",_EAN_,https://www.bigbasket.com/media/uploads/p/l/40056581_5-bb-royal-cinnamondalchini.jpg
895," FOODGRAINS, OIL & MASALA ", MASALAS & SPICES , WHOLE SPICES , BB ROYAL Black Cardamom/Elaichi,bb Royal,40000204,https://www.bigbasket.com/pd/40000204/bb-royal-black-cardamomelaichi-100-g/,"bb Royal Black Cardamom/Elaichi, 100 g",250,Rs 172,31%,100 g,veg,https://www.bigbasket.com/media/uploads/p/mm/40000204_4-bb-royal-black-cardamomelaichi.jpg,"BB Royal is our in house premium brand of the finest staples sourced right from the best farms and produce centers in order to get you good quality at competitive prices. Every product is carefully selected by experienced and technically competent merchandisers, cleaned and packed at our hygienic facilities in food grade plastic and sold to you at the most competitive prices in the market.",40000204,https://www.bigbasket.com/media/uploads/p/l/40000204_4-bb-royal-black-cardamomelaichi.jpg
896," FOODGRAINS, OIL & MASALA ", MASALAS & SPICES , WHOLE SPICES , BB ROYAL Cardamom/Elaichi Black/Periya Elakkai,bb Royal,40000205,https://www.bigbasket.com/pd/40000205/bb-royal-black-cardamomelaichi-50-g/,"bb Royal Cardamom/Elaichi Black/Periya Elakkai, 50 g",100,Rs 90,10,50 g,veg,https://www.bigbasket.com/media/uploads/p/mm/40000205_3-bb-royal-black-cardamomelaichi.jpg,"Black Cardamom is dried over a smoke fire and therefore contains a distinct smokey fragrance. The seeds contain sweetish, smokey taste when bitten into. The pods are fragrant but not as much as the green cardamom.",8.90417E+12,https://www.bigbasket.com/media/uploads/p/l/40000205_3-bb-royal-black-cardamomelaichi.jpg
897," FOODGRAINS, OIL & MASALA ", MASALAS & SPICES , WHOLE SPICES , BB ROYAL Cardamom/Elaichi - Black,bb Royal,40026598,https://www.bigbasket.com/pd/40026598/bb-royal-cardamomelaichi-black-20-g/,"bb Royal Cardamom/Elaichi - Black, 20 g",50,Rs 37,26%,20 g,veg,https://www.bigbasket.com/media/uploads/p/mm/40026598_7-bb-royal-cardamomelaichi-black.jpg,"Black Cardamom is dried over a smoke fire and therefore contains a distinct smokey fragrance. The seeds contain sweetish, smokey taste when bitten into. The pods are fragrant but not as much as the green cardamom.",40026598,https://www.bigbasket.com/media/uploads/p/l/40026598_7-bb-royal-cardamomelaichi-black.jpg
901," FOODGRAINS, OIL & MASALA ", DALS & PULSES , URAD & OTHER DALS , BB ROYAL White Peas/Matar/Pattani,bb Royal,10000441,https://www.bigbasket.com/pd/10000441/bb-royal-peasmatar-white-500-g-pouch/,"bb Royal White Peas/Matar/Pattani, 500 g Pouch",80,Rs 79,1%,500 g,veg,https://www.bigbasket.com/media/uploads/p/mm/10000441_11-bb-royal-peasmatar-white.jpg,"Peas White are a small but nutritionally mighty member of the legume family, is a very fine supply of cholesterol-lowering fiber. It also provide good to outstanding amounts of four important protein, two B-vitamins and minerals, all with virtually no fat. These are high in soluble fiber. Click here for unique and delicious recipes - https://www.bigbasket.com/flavors/collections/230/dals-pulses/",1000044199,https://www.bigbasket.com/media/uploads/p/l/10000441_11-bb-royal-peasmatar-white.jpg
902," FOODGRAINS, OIL & MASALA ", DALS & PULSES , URAD & OTHER DALS , BB ROYAL White Peas/Matar,bb Royal,70001286,https://www.bigbasket.com/pd/70001286/bb-royal-white-peasmatar-1-kg-pouch/,"bb Royal White Peas/Matar, 1 kg Pouch",180,Rs 155,14%,1 kg,veg,https://www.bigbasket.com/media/uploads/p/mm/70001286_3-bb-royal-white-peasmatar.jpg,"Peas White are a small but nutritionally mighty member of the legume family, is a very fine supply of cholesterol-lowering fiber. It also provide good to outstanding amounts of four important protein, two B-vitamins and minerals, all with virtually no fat. These are high in soluble fiber Click here for unique and delicious recipes - https://www.bigbasket.com/flavors/collections/230/dals-pulses/",70001286,https://www.bigbasket.com/media/uploads/p/l/70001286_3-bb-royal-white-peasmatar.jpg
903," FOODGRAINS, OIL & MASALA ", DALS & PULSES , URAD & OTHER DALS , BB ROYAL White Peas/Matar/Pattani,bb Royal,10000567,https://www.bigbasket.com/pd/10000567/bb-royal-white-peasmatar-200-g-pouch/,"bb Royal White Peas/Matar/Pattani, 200 g Pouch",40,Rs 34,15%,200 g,veg,https://www.bigbasket.com/media/uploads/p/mm/10000567_8-bb-royal-white-peasmatar.jpg,"White Peas are really small powerhouses of nutrition that are a boon for your health and the whole planet. Its also provides at least a quarter of the daily recommended amounts of copper, phosphorus, folic acid, iron, thiamin, potassium, magnesium and manganese. It is rich in soluble fiber. Click here for unique and delicious recipes - https://www.bigbasket.com/flavors/collections/230/dals-pulses/",10000567,https://www.bigbasket.com/media/uploads/p/l/10000567_8-bb-royal-white-peasmatar.jpg
906," FOODGRAINS, OIL & MASALA ", RICE & RICE PRODUCTS , BASMATI RICE , BB ROYAL Basmati Rice - Everyday,bb Royal,40128448,https://www.bigbasket.com/pd/40128448/bb-royal-basmati-rice-everyday-5-kg/,"bb Royal Basmati Rice - Everyday, 5 kg",495,Rs 316,36%,5 kg,veg,https://www.bigbasket.com/media/uploads/p/mm/40128448_4-bb-royal-basmati-rice-everyday.jpg,"Sourced from the rice-bowl-states of Punjab, Haryana and Uttarakhand, it is processed in GMP plants using Swiss technology to ensure superior quality and nutrition value. The bb Royal Everyday basmati rice leaves a lasting impression because of its aroma, flavour and fluffy texture.",40128448,https://www.bigbasket.com/media/uploads/p/l/40128448_4-bb-royal-basmati-rice-everyday.jpg
907," FOODGRAINS, OIL & MASALA ", RICE & RICE PRODUCTS , BASMATI RICE , BB ROYAL Basmati Rice - Everyday,bb Royal,40110355,https://www.bigbasket.com/pd/40110355/bb-royal-basmati-rice-everyday-1-kg/,"bb Royal Basmati Rice - Everyday, 1 kg",99,Rs 71,28%,1 kg,veg,https://www.bigbasket.com/media/uploads/p/mm/40110355_10-bb-royal-basmati-rice-everyday.jpg,"Sourced from the rice-bowl-states of Punjab, Haryana and Uttarakhand, it is processed in GMP plants using Swiss technology to ensure superior quality and nutrition value. The bb Royal Everyday basmati rice leaves a lasting impression because of its aroma, flavour and fluffy texture.",8.90426E+12,https://www.bigbasket.com/media/uploads/p/l/40110355_10-bb-royal-basmati-rice-everyday.jpg
908," FOODGRAINS, OIL & MASALA ", RICE & RICE PRODUCTS , BASMATI RICE , BB ROYAL Basmati Rice - Everyday,bb Royal,1204452,https://www.bigbasket.com/pd/1204452/bb-royal-basmati-rice-everyday-2x1-kg/,"bb Royal Basmati Rice - Everyday, 2x1 kg Multipack",198,Rs 138,30%,2x1 kg,,https://www.bigbasket.com/media/uploads/p/mm/1204452_3-bb-royal-basmati-rice-everyday.jpg,"bb Royal Everyday Basmati rice leaves a lasting impression because of its flavour and fluffy texture. Made of popular varieties Sharbathi and Mogra from the Basmati-rice-bowl sates of Punjab, Haryana and Uttarakhand, this rice is processed in GMP plants using Swiss technology to ensure superior quality and high nutritional value. BB Royal Everyday Basmati Rice has been reasonably aged making it non-sticky and fluffy when cooked. Click here for unique and delicious recipes - https://www.bigbasket.com/flavors/collections/233/rice-rice-products/",1204452,https://www.bigbasket.com/media/uploads/p/l/1204452_3-bb-royal-basmati-rice-everyday.jpg
909," FOODGRAINS, OIL & MASALA ", RICE & RICE PRODUCTS , BASMATI RICE , BB ROYAL Basmati Rice - Everyday,bb Royal,1211911,https://www.bigbasket.com/pd/1211911/bb-royal-basmati-rice-everyday-2x5-kg/,"bb Royal Basmati Rice - Everyday, 2x5 Kg Multipack",990,Rs 622,37%,2x5 Kg,,https://www.bigbasket.com/media/uploads/p/mm/1211911_1-bb-royal-basmati-rice-everyday.jpg,"Sourced from the rice-bowl-states of Punjab, Haryana and Uttarakhand, it is processed in GMP plants using Swiss technology to ensure superior quality and nutrition value. The bb Royal Mogra basmati rice leaves a lasting impression because of its aroma, flavour and fluffy texture.",1211911,https://www.bigbasket.com/media/uploads/p/l/1211911_1-bb-royal-basmati-rice-everyday.jpg
910," FOODGRAINS, OIL & MASALA ", ORGANIC STAPLES , ORGANIC DALS & PULSES ," BB ROYAL Organic - Red Masoor Dal, Unpolished",bb Royal,40135856,https://www.bigbasket.com/pd/40135856/bb-royal-organic-red-masoor-dal-unpolished-2-kg/,"bb Royal Organic - Red Masoor Dal, Unpolished, 2 kg",279,Rs 229,18%,2 kg,veg,https://www.bigbasket.com/media/uploads/p/mm/40135856_4-bb-royal-organic-red-masoor-dal-unpolished.jpg,"Masoor dal is generally used Daal in India. It is essential that the split lentil should be without skin and red in colour. As it is split it does not need prior soaking. When cooked, it turns into a flexible golden coloured dal. It has one of the maximum percentages of protein. It helps in digestion, reduce the risk of heart disease, stabilized the blood sugar, and lowers cholesterol. BB Royal Masoor dal is free from synthetic chemicals and pesticides.",40135856,https://www.bigbasket.com/media/uploads/p/l/40135856_4-bb-royal-organic-red-masoor-dal-unpolished.jpg
911," FOODGRAINS, OIL & MASALA ", ORGANIC STAPLES , ORGANIC DALS & PULSES , BB ROYAL Organic - Red Masoor Dal / Massor Paruppu / Mysore Paruppu,bb Royal,40072458,https://www.bigbasket.com/pd/40072458/bb-royal-organic-red-masoor-dal-unpolished-1-kg/,"bb Royal Organic - Red Masoor Dal / Massor Paruppu / Mysore Paruppu, 1 kg",145,Rs 117,19%,1 kg,veg,https://www.bigbasket.com/media/uploads/p/mm/40072458_11-bb-royal-organic-red-masoor-dal-unpolished.jpg,"Masoor dal is possibly the most generally used Daal in India. It is essentially the split lentil with no skin and is red in color. It is logically available with no skin. As it is split it does not need prior soaking. When cooked, it turns into a flexible golden colored dal. It has one of the maximum percentages of protein.BB Royal Masoor dal is free from synthetic chemicals and pesticides.",40072458,https://www.bigbasket.com/media/uploads/p/l/40072458_11-bb-royal-organic-red-masoor-dal-unpolished.jpg
912," FOODGRAINS, OIL & MASALA ", ORGANIC STAPLES , ORGANIC DALS & PULSES , BB ROYAL Organic - Red Masoor Dal / Massor Paruppu / Mysore Paruppu,bb Royal,40072459,https://www.bigbasket.com/pd/40072459/bb-royal-organic-red-masoor-dal-unpolished-500-g/,"bb Royal Organic - Red Masoor Dal / Massor Paruppu / Mysore Paruppu, 500 g",74,Rs 61,18%,500 g,veg,https://www.bigbasket.com/media/uploads/p/mm/40072459_11-bb-royal-organic-red-masoor-dal-unpolished.jpg,"Masoor dal is possibly the most generally used Daal in India. It is essentially the split lentil with no skin and is red in color. It is logically available with no skin. As it is split it does not need prior soaking. When cooked, it turns into a flexible golden colored dal. It has one of the maximum percentages of protein.BB Royal Masoor dal is free from synthetic chemicals and pesticides.",40072459,https://www.bigbasket.com/media/uploads/p/l/40072459_11-bb-royal-organic-red-masoor-dal-unpolished.jpg
913," FOODGRAINS, OIL & MASALA "," ATTA, FLOURS & SOOJI ", RICE & OTHER FLOURS , BB ROYAL Rice Flour/Arisimaavu/Arisipodi,bb Royal,10000458,https://www.bigbasket.com/pd/10000458/bb-royal-rice-flour-1-kg-pouch/,"bb Royal Rice Flour/Arisimaavu/Arisipodi, 1 kg Pouch",60,Rs 39,35%,1 kg,veg,https://www.bigbasket.com/media/uploads/p/mm/10000458_10-bb-royal-rice-flour.jpg,"Rice flour is made from grounded raw rice and is the perfect substitute for wheat flour, which sometimes may trigger irritation in the digestive system. A staple of Southeast Asia, Japan and southern India, rice flour is used in several recipes as a thickening agent. It is also the most preferred ingredient for gluten-free baked products as it is has a unique and sandy texture. Click here for unique and delicious recipes - https://www.bigbasket.com/flavors/collections/232/flours-sooji/",10000458,https://www.bigbasket.com/media/uploads/p/l/10000458_10-bb-royal-rice-flour.jpg
914," FOODGRAINS, OIL & MASALA "," ATTA, FLOURS & SOOJI ", RICE & OTHER FLOURS , BB ROYAL Rice Flour/Arisimaavu/Arisipodi,bb Royal,10000420,https://www.bigbasket.com/pd/10000420/bb-royal-rice-flour-500-g-pouch/,"bb Royal Rice Flour/Arisimaavu/Arisipodi, 500 g Pouch",30,Rs 20,33%,500 g,veg,https://www.bigbasket.com/media/uploads/p/mm/10000420_8-bb-royal-rice-flour.jpg,"Rice flour is one of the main foods addicted by most Asian countries. It is arranged by grinding the broken rice grains through milling. It is simple to digest with mild tastes because to its gluten free quality. It offered crunchy and light feel for extruded snacks and chips. Rice flour has handy uses, from pancake mix, baked snacks, baby foods as well as crusts for fried foods. Click here for unique and delicious recipes - https://www.bigbasket.com/flavors/collections/232/flours-sooji/",1000042,https://www.bigbasket.com/media/uploads/p/l/10000420_8-bb-royal-rice-flour.jpg
915," FOODGRAINS, OIL & MASALA ", DALS & PULSES ," TOOR, CHANNA & MOONG DAL ", BB ROYAL Moong Dal Unpolished/Payatham Paruppu,bb Royal,60000616,https://www.bigbasket.com/pd/60000616/bb-royal-moong-dal-unpolished-1-kg-pouch/,"bb Royal Moong Dal Unpolished/Payatham Paruppu, 1 kg Pouch",210,Rs 143,32%,1 kg,veg,https://www.bigbasket.com/media/uploads/p/mm/60000616_4-bb-royal-moong-dal-unpolished.jpg,"Moong Dal Is Skinned And Flat Yellow Moong Dal Which Is Simple In Food Preparation And Delicious In Serving. It Is Very Light In Digestion Compare To Other Legumes. It Is A Fine Supply For A Variety Of Minerals Vitamins And Vitamin B5. It Also Provides Significant Amounts Of Thiamine (Vitamin B1), As Well As And Vitamin B6. In Addition To This, It Includes High Levels Of The Minerals Iron, Manganese, Magnesium, Zinc And Phosphorus. Unpolished dal is always a healthier option. It may not look glossy but it gives natural taste & aroma. It can be made into a paste easily and cooking time is also less compared to polished dals. Click here for unique and delicious recipes - https://www.bigbasket.com/flavors/collections/230/dals-pulses/",60000616,https://www.bigbasket.com/media/uploads/p/l/60000616_4-bb-royal-moong-dal-unpolished.jpg
916," FOODGRAINS, OIL & MASALA ", DALS & PULSES ," TOOR, CHANNA & MOONG DAL ", BB ROYAL Moong Dal Unpolished/Payatham Paruppu,bb Royal,60000719,https://www.bigbasket.com/pd/60000719/bb-royal-moong-dal-unpolished-500-g-pouch/,"bb Royal Moong Dal Unpolished/Payatham Paruppu, 500 g Pouch",105,Rs 74,30%,500 g,veg,https://www.bigbasket.com/media/uploads/p/mm/60000719_4-bb-royal-moong-dal-unpolished.jpg,"Moong Dal Is Skinned And Flat Yellow Moong Dal Which Is Simple In Food Preparation And Delicious In Serving. It Is Very Light In Digestion Compare To Other Legumes. It Is A Fine Supply For A Variety Of Minerals Vitamins And Vitamin B5. It Also Provides Significant Amounts Of Thiamine (Vitamin B1), As Well As And Vitamin B6. In Addition To This, It Includes High Levels Of The Minerals Iron, Manganese, Magnesium, Zinc And Phosphorus. Unpolished dal is always a healthier option. It may not look glossy but it gives natural taste & aroma. It can be made into a paste easily and cooking time is also less compared to polished dals. Click here for unique and delicious recipes - https://www.bigbasket.com/flavors/collections/230/dals-pulses/",6000071999,https://www.bigbasket.com/media/uploads/p/l/60000719_4-bb-royal-moong-dal-unpolished.jpg
921," FOODGRAINS, OIL & MASALA ", ORGANIC STAPLES , ORGANIC FLOURS , BB ROYAL Organic - Besan Flour,bb Royal,40125915,https://www.bigbasket.com/pd/40125915/bb-royal-organic-besan-flour-1-kg/,"bb Royal Organic - Besan Flour, 1 kg",149,Rs 105,30%,1 kg,veg,https://www.bigbasket.com/media/uploads/p/mm/40125915_6-bb-royal-organic-besan-flour.jpg,"Besan is a ground form of chickpeas also known as chana dal. BB Royal Organic Besan is prepared using organic chickpeas and is better than any other. Apart from being an essential food ingredient, it is an efficient facial exfoliate, while also being rich in carbohydrate and protein.",40125915,https://www.bigbasket.com/media/uploads/p/l/40125915_6-bb-royal-organic-besan-flour.jpg
922," FOODGRAINS, OIL & MASALA ", ORGANIC STAPLES , ORGANIC FLOURS , BB ROYAL Organic - Besan / Kadalai Mavu,bb Royal,40072463,https://www.bigbasket.com/pd/40072463/bb-royal-organic-besan-flour-500-g/,"bb Royal Organic - Besan / Kadalai Mavu, 500 g",76,Rs 55,28%,500 g,veg,https://www.bigbasket.com/media/uploads/p/mm/40072463_9-bb-royal-organic-besan-flour.jpg,"Organic Besan (Gram) Flour is a good ingredient in an Indian kitchen. Besan is a ground form of chickpeas also known as chana dal. BB Royal Organics Besan is prepared of organic chickpeas and is better than any other. Apart from being an essential food ingredient, it is an efficient facial exfoliate. Besan is rich in carbohydrate and protein.Moreover, it is in nature produced and free from any injurious chemicals.",40072463,https://www.bigbasket.com/media/uploads/p/l/40072463_9-bb-royal-organic-besan-flour.jpg
923," FOODGRAINS, OIL & MASALA ", DALS & PULSES , URAD & OTHER DALS , BB ROYAL Urad Black Split/Chilka/Ulutham Paruppu,bb Royal,10000474,https://www.bigbasket.com/pd/10000474/bb-royal-urad-black-splitchilka-500-g-pouch/,"bb Royal Urad Black Split/Chilka/Ulutham Paruppu, 500 g Pouch",90,Rs 80,11%,500 g,veg,https://www.bigbasket.com/media/uploads/p/mm/10000474_8-bb-royal-urad-black-splitchilka.jpg,"Urad dal is the most valued pulse in India because of it rich dietary value. Urad dal is trendy amongst vegetarians as it acts like a rich protein source. It is widely utilized in different cooking preparations such as papad, dosa and vada. Click here for unique and delicious recipes - https://www.bigbasket.com/flavors/collections/230/dals-pulses/",1000047499,https://www.bigbasket.com/media/uploads/p/l/10000474_8-bb-royal-urad-black-splitchilka.jpg
925," FOODGRAINS, OIL & MASALA ", DRY FRUITS , OTHER DRY FRUITS , BB ROYAL Mixed Dry Fruits/Mixed Ularnta Pala?kal,bb Royal,10000513,https://www.bigbasket.com/pd/10000513/bb-royal-mixed-dry-fruits-100-g-pouch/,"bb Royal Mixed Dry Fruits/Mixed Ularnta Pala?kal, 100 g Pouch",150,Rs 148,2,100 g,veg,https://www.bigbasket.com/media/uploads/p/mm/10000513_5-bb-royal-mixed-dry-fruits.jpg,"Mixed dry fruits are considered as rich suppliers of nutrients and are real delicacies. Fruits present in the pack are Almonds, Raisins, Figs, Plain Pista and Cashews. Dry fruits are hygienically processed and made ready to be consumed raw or used in various food items to make them tasty. Click here for unique and delicious recipes - https://www.bigbasket.com/flavors/collections/231/dry-fruits-berries-nuts/",1000051399,https://www.bigbasket.com/media/uploads/p/l/10000513_5-bb-royal-mixed-dry-fruits.jpg
926," FOODGRAINS, OIL & MASALA ", DRY FRUITS , OTHER DRY FRUITS , BB ROYAL Mixed Dry Fruits/Mixed Ularnta Pala?kal,bb Royal,10000539,https://www.bigbasket.com/pd/10000539/bb-royal-mixed-dry-fruits-200-g-pouch/,"bb Royal Mixed Dry Fruits/Mixed Ularnta Pala?kal, 200 g Pouch",300,Rs 288,12,200 g,veg,https://www.bigbasket.com/media/uploads/p/mm/10000539_4-bb-royal-mixed-dry-fruits.jpg,"Mixed dry fruits are considered as rich suppliers of nutrients and are real delicacies. Fruits present in the pack are Almonds, Raisins, Figs, Plain Pista and Cashews. Dry fruits are hygienically processed and made ready to be consumed raw or used in various food items to make them tasty. Click here for unique and delicious recipes - https://www.bigbasket.com/flavors/collections/231/dry-fruits-berries-nuts/",1000053999,https://www.bigbasket.com/media/uploads/p/l/10000539_4-bb-royal-mixed-dry-fruits.jpg
927," FOODGRAINS, OIL & MASALA ", DRY FRUITS , OTHER DRY FRUITS , BB ROYAL Mixed Dry Fruits,bb Royal,40018891,https://www.bigbasket.com/pd/40018891/bb-royal-mixed-dry-fruits-500-g-pouch/,"bb Royal Mixed Dry Fruits, 500 g Pouch",750,Rs 405,46%,500 g,veg,https://www.bigbasket.com/media/uploads/p/mm/40018891_6-bb-royal-mixed-dry-fruits.jpg,"Mixed dry fruits are considered as rich suppliers of nutrients and are real delicacies. Fruits present in the pack are Almonds, Raisins, Figs, Plain Pista and Cashews. Dry fruits are hygienically processed and made ready to be consumed raw or used in various food items to make them tasty. Click here for unique and delicious recipes - https://www.bigbasket.com/flavors/collections/231/dry-fruits-berries-nuts/",40018891,https://www.bigbasket.com/media/uploads/p/l/40018891_6-bb-royal-mixed-dry-fruits.jpg
928," FOODGRAINS, OIL & MASALA ", MASALAS & SPICES , WHOLE SPICES , BB ROYAL Black Salt/Kala Namak Powder/Induppu,bb Royal,40000209,https://www.bigbasket.com/pd/40000209/bb-royal-black-saltkala-namak-powder-100-g/,"bb Royal Black Salt/Kala Namak Powder/Induppu, 100 g",25,Rs 17,32%,100 g,veg,https://www.bigbasket.com/media/uploads/p/mm/40000209_5-bb-royal-black-saltkala-namak-powder.jpg,BB Royal Black Salt or kala namak powder comes in a 100-gram pouch. And this salt is often considered as a more viable alternative to regular salt. It is obtained from volcanic rock salt. The BB packet salt sourced directly from salt farms and then packed hygienically.,8.90417E+12,https://www.bigbasket.com/media/uploads/p/l/40000209_5-bb-royal-black-saltkala-namak-powder.jpg
929," FOODGRAINS, OIL & MASALA ", DALS & PULSES , URAD & OTHER DALS , BB ROYAL Red Masoor Dal Whole,bb Royal,40045372,https://www.bigbasket.com/pd/40045372/bb-royal-red-masoor-dal-whole-500-g-pouch/,"bb Royal Red Masoor Dal Whole, 500 g Pouch",70,Rs 60,14%,500 g,veg,https://www.bigbasket.com/media/uploads/p/mm/40045372_14-bb-royal-red-masoor-dal-whole.jpg,"Masoor dalWhole is possibly the most generally used Dal in India. It is essentially the split lentil with no skin and is red in color. Being a wealthy source of protein, they form an important food item for all, especially in the fast of vegetarians and vegans. It is low in huge and contains big amounts of fiber. Click here for unique and delicious recipes - https://www.bigbasket.com/flavors/collections/230/dals-pulses/",40045372,https://www.bigbasket.com/media/uploads/p/l/40045372_14-bb-royal-red-masoor-dal-whole.jpg
930," FOODGRAINS, OIL & MASALA ", DALS & PULSES , URAD & OTHER DALS , BB ROYAL Red Masoor Dal Whole,bb Royal,40045373,https://www.bigbasket.com/pd/40045373/bb-royal-red-masoor-dal-whole-1-kg-pouch/,"bb Royal Red Masoor Dal Whole, 1 kg Pouch",140,Rs 114,19%,1 kg,veg,https://www.bigbasket.com/media/uploads/p/mm/40045373_11-bb-royal-red-masoor-dal-whole.jpg,"Masoor dalWhole is possibly the most generally used Dal in India. It is essentially the split lentil with no skin and is red in color. Being a wealthy source of protein, they form an important food item for all, especially in the fast of vegetarians and vegans. It is low in huge and contains big amounts of fiber. Click here for unique and delicious recipes - https://www.bigbasket.com/flavors/collections/230/dals-pulses/",40045373,https://www.bigbasket.com/media/uploads/p/l/40045373_11-bb-royal-red-masoor-dal-whole.jpg
931," FOODGRAINS, OIL & MASALA "," ATTA, FLOURS & SOOJI "," SOOJI, MAIDA & BESAN ", BB ROYAL Rava - Samba Wheat,bb Royal,40133679,https://www.bigbasket.com/pd/40133679/bb-royal-rava-samba-wheat-1-kg/,"bb Royal Rava - Samba Wheat, 1 kg",180,Rs 149,17%,1 kg,veg,https://www.bigbasket.com/media/uploads/p/mm/40133679_1-bb-royal-rava-samba-wheat.jpg,,40133679,https://www.bigbasket.com/media/uploads/p/l/40133679_1-bb-royal-rava-samba-wheat.jpg
932," FOODGRAINS, OIL & MASALA ", ORGANIC STAPLES , ORGANIC MASALAS & SPICES , BB ROYAL Organic Coriander Powder,bb Royal,40079748,https://www.bigbasket.com/pd/40079748/bb-royal-organic-coriander-powder-200-g/,"bb Royal Organic Coriander Powder, 200 g",60,Rs 57,5%,200 g,veg,https://www.bigbasket.com/media/uploads/p/mm/40079748_11-bb-royal-organic-coriander-powder.jpg,Organic Powder Coriander is derived from pure and natural coriander seeds. It is primarily used to add fragrance and taste to the recipes. It is rich in antioxidants and antibacterial as well. It provides relief from gastric problems in the stomach. It is one of the most essential ingredients in preparing different types of chutneys.  Coriander powder prevents food from spoiling as it is a preservative as well. Coriander powder assists in the release of insulin in the body and preliminary research show that it can also reduce cholesterol level. Coriander has properties which help in the cure of insomnia and anxiety. Coriander powder finds its applications in many medicines owing to its medicinal qualities.,40079748,https://www.bigbasket.com/media/uploads/p/l/40079748_11-bb-royal-organic-coriander-powder.jpg
933," FOODGRAINS, OIL & MASALA ", ORGANIC STAPLES , ORGANIC MASALAS & SPICES , BB ROYAL Organic Coriander Powder,bb Royal,40168523,https://www.bigbasket.com/pd/40168523/bb-royal-organic-coriander-powder-500-g/,"bb Royal Organic Coriander Powder, 500 g",149,Rs 133,11%,500 g,veg,https://www.bigbasket.com/media/uploads/p/mm/40168523_8-bb-royal-organic-coriander-powder.jpg,"Organic Coriander Powder is derived from the seeds of the coriander. This flavourful powder adds a mild flavour and aroma to your savouries. It has diuretic properties, which makes you get rid of digestion issues.",40168523,https://www.bigbasket.com/media/uploads/p/l/40168523_8-bb-royal-organic-coriander-powder.jpg
934," FOODGRAINS, OIL & MASALA ", ORGANIC STAPLES , ORGANIC MASALAS & SPICES , BB ROYAL Organic Coriander Powder,bb Royal,40079747,https://www.bigbasket.com/pd/40079747/bb-royal-organic-coriander-powder-100-g/,"bb Royal Organic Coriander Powder, 100 g",32,Rs 31,3%,100 g,veg,https://www.bigbasket.com/media/uploads/p/mm/40079747_11-bb-royal-organic-coriander-powder.jpg,Organic Powder Coriander is derived from pure and natural coriander seeds. It is primarily used to add fragrance and taste to the recipes. It is rich in antioxidants and antibacterial as well. It provides relief from gastric problems in the stomach. It is one of the most essential ingredients in preparing different types of chutneys.  Coriander powder prevents food from spoiling as it is a preservative as well. Coriander powder assists in the release of insulin in the body and preliminary research show that it can also reduce cholesterol level. Coriander has properties which help in the cure of insomnia and anxiety. Coriander powder finds its applications in many medicines owing to its medicinal qualities.,40079747,https://www.bigbasket.com/media/uploads/p/l/40079747_11-bb-royal-organic-coriander-powder.jpg
935," FOODGRAINS, OIL & MASALA ", ORGANIC STAPLES , ORGANIC MASALAS & SPICES , BB ROYAL Organic - Mustard/Rai Big,bb Royal,40088188,https://www.bigbasket.com/pd/40088188/bb-royal-organic-mustardrai-big-100-g/,"bb Royal Organic - Mustard/Rai Big, 100 g",25,Rs 18,28%,100 g,veg,https://www.bigbasket.com/media/uploads/p/mm/40088188_7-bb-royal-organic-mustardrai-big.jpg,"Organic Mustard adds a different flavor to food, and is a necessary part of Indian cooking. Moreover, the seeds have always been well-known for their medical properties. It is free from synthetic chemicals and pesticides.",40088188,https://www.bigbasket.com/media/uploads/p/l/40088188_7-bb-royal-organic-mustardrai-big.jpg
936," FOODGRAINS, OIL & MASALA ", ORGANIC STAPLES , ORGANIC MASALAS & SPICES , BB ROYAL Organic - Mustard/Rai Big,bb Royal,40135854,https://www.bigbasket.com/pd/40135854/bb-royal-organic-mustardrai-big-200-g/,"bb Royal Organic - Mustard/Rai Big, 200 g",49,Rs 36,27%,200 g,veg,https://www.bigbasket.com/media/uploads/p/mm/40135854_9-bb-royal-organic-mustardrai-big.jpg,"Organic Mustard adds a different flavour to the food and it is a necessary part of the Indian cooking. Moreover, the seeds have always been well-known for their medical properties. It is free from synthetic chemicals and pesticides. It contains magnesium, calcium, iron, zinc and protein. This amazing mustard seeds will prevent the risk of cancer, improves cardiovascular health, and cures aches.",40135854,https://www.bigbasket.com/media/uploads/p/l/40135854_9-bb-royal-organic-mustardrai-big.jpg
937," FOODGRAINS, OIL & MASALA ", RICE & RICE PRODUCTS , RAW RICE , BB ROYAL Sona Masoori New Rice,bb Royal,20002743,https://www.bigbasket.com/pd/20002743/bb-royal-sona-masoori-new-rice-1-kg-pouch/,"bb Royal Sona Masoori New Rice, 1 kg Pouch",60,Rs 55,8%,1 kg,veg,https://www.bigbasket.com/media/uploads/p/mm/20002743_3-bb-royal-sona-masoori-new-rice.jpg,,20002743,https://www.bigbasket.com/media/uploads/p/l/20002743_3-bb-royal-sona-masoori-new-rice.jpg
938," FOODGRAINS, OIL & MASALA ", DALS & PULSES , URAD & OTHER DALS , BB ROYAL Urad Black Whole/Sabut/Ulundhu,bb Royal,10000477,https://www.bigbasket.com/pd/10000477/bb-royal-urad-black-wholesabut-500-g-pouch/,"bb Royal Urad Black Whole/Sabut/Ulundhu, 500 g Pouch",90,Rs 75,17%,500 g,veg,https://www.bigbasket.com/media/uploads/p/mm/10000477_9-bb-royal-urad-black-wholesabut.jpg,"Urad dal is used as a key ingredient in Indian cuisine for preparing a strong diet. It is a black-skinned, off-white colored lentil with a sturdy flavor that has been split in half. It is a brilliant supply of protein and dietary fibre. It is one of the finest plant sources of protein minerals such as iron, folic acid, magnesium and potassium, and vitamin B are also there. Click here for unique and delicious recipes - https://www.bigbasket.com/flavors/collections/230/dals-pulses/",1000047799,https://www.bigbasket.com/media/uploads/p/l/10000477_9-bb-royal-urad-black-wholesabut.jpg
939," FOODGRAINS, OIL & MASALA ", DALS & PULSES , URAD & OTHER DALS , BB ROYAL Urad Black Whole/Sabut/Ulundhu,bb Royal,30000125,https://www.bigbasket.com/pd/30000125/bb-royal-urad-black-wholesabut-200-g-pouch/,"bb Royal Urad Black Whole/Sabut/Ulundhu, 200 g Pouch",40,Rs 30,25%,200 g,veg,https://www.bigbasket.com/media/uploads/p/mm/30000125_7-bb-royal-urad-black-wholesabut.jpg,,3000012599,https://www.bigbasket.com/media/uploads/p/l/30000125_7-bb-royal-urad-black-wholesabut.jpg
940," FOODGRAINS, OIL & MASALA ", MASALAS & SPICES , WHOLE SPICES , BB POPULAR Fenugreek,bb Popular,40133699,https://www.bigbasket.com/pd/40133699/bb-popular-fenugreek-50-g/,"bb Popular Fenugreek, 50 g",10,Rs 6,40%,50 g,veg,https://www.bigbasket.com/media/uploads/p/mm/40133699_1-bb-popular-fenugreek.jpg,,40133699,https://www.bigbasket.com/media/uploads/p/l/40133699_1-bb-popular-fenugreek.jpg
941," FOODGRAINS, OIL & MASALA ", DRY FRUITS , ALMONDS , BB ROYAL Almond/Badam Roasted & Salted/Badam,bb Royal,10000520,https://www.bigbasket.com/pd/10000520/bb-royal-almondbadam-roasted-salted-200-g-pouch/,"bb Royal Almond/Badam Roasted & Salted/Badam, 200 g Pouch",300,Rs 198,34%,200 g,veg,https://www.bigbasket.com/media/uploads/p/mm/10000520_5-bb-royal-almondbadam-roasted-salted.jpg,"BB Royal is our in house premium brand of the finest staples sourced right from the best farms and production centres in order to get you good quality at competitive prices. Every product is carefully selected by experienced and technically competent merchandisers, cleaned and packed at our hygienic facilities in food grade plastic and sold to you at the most competitive prices in the market. Almonds are used to make oil that is used as a moisturizer as well as a culinary ingredient. They can be used as a garnish and is a common ingredient in desserts. Most popularly used to make badam milk. Click here for unique and delicious recipes - https://www.bigbasket.com/flavors/collections/231/dry-fruits-berries-nuts/",1000052099,https://www.bigbasket.com/media/uploads/p/l/10000520_5-bb-royal-almondbadam-roasted-salted.jpg
942," FOODGRAINS, OIL & MASALA ", DRY FRUITS , ALMONDS , BB ROYAL Almond/Badam Roasted & Salted/Badam,bb Royal,10000494,https://www.bigbasket.com/pd/10000494/bb-royal-almondbadam-roasted-salted-100-gm-pouch/,"bb Royal Almond/Badam Roasted & Salted/Badam, 100 gm Pouch",150,Rs 99,34%,100 gm,veg,https://www.bigbasket.com/media/uploads/p/mm/10000494_7-bb-royal-almondbadam-roasted-salted.jpg,"Almonds - Roasted & Salted create up a key part of a strong and various diet. Their moderately long shelf life, portability and wealthy nutrient profile create nuts perfect snack ideas to aid you to keep a healthy diet. Roasted salted almonds benefit your health by increasing your intake of a few key nutrients. These fat-free roasted almonds include 0 grams of trans fat per serving. Click here for unique and delicious recipes - https://www.bigbasket.com/flavors/collections/231/dry-fruits-berries-nuts/",1000049499,https://www.bigbasket.com/media/uploads/p/l/10000494_7-bb-royal-almondbadam-roasted-salted.jpg
943," FOODGRAINS, OIL & MASALA ", RICE & RICE PRODUCTS , RAW RICE , BB ROYAL Sona Masoori Steam Rice/Niravi Arisi,bb Royal,60000036,https://www.bigbasket.com/pd/60000036/bb-royal-sona-masoori-steam-rice-10-kg-bag/,"bb Royal Sona Masoori Steam Rice/Niravi Arisi, 10 kg (6 - 9 Months Old)",600,Rs 439,27%,10 kg,veg,https://www.bigbasket.com/media/uploads/p/mm/60000036_8-bb-royal-sona-masoori-steam-rice.jpg,"Sona Masoori Silky Steam Rice Is Light Weight Aromatic Rice. It Has A Affordable Prices And Very Hygienic. It Is Easy To Digest And Sortexed Clean Quality, Broken Under 2%, Moisture 14% Max, It Is Considered To Be Of Superior Quality. Each Grain Comprises Of Water-Soluble Vitamins, Minerals And Proteins. It Is Highly Acknowledged For Nutritional Value, Easy Cooking, Pure And Low Amount Of Starch. Click here for unique and delicious recipes - https://www.bigbasket.com/flavors/collections/233/rice-rice-products/",60000036,https://www.bigbasket.com/media/uploads/p/l/60000036_8-bb-royal-sona-masoori-steam-rice.jpg
944," FOODGRAINS, OIL & MASALA ", RICE & RICE PRODUCTS , RAW RICE , BB ROYAL Sona Masoori Steam Rice/Niravi Arisi,bb Royal,60000037,https://www.bigbasket.com/pd/60000037/bb-royal-sona-masoori-steam-rice-5-kg-pouch/,"bb Royal Sona Masoori Steam Rice/Niravi Arisi, 5 kg (6 - 9 Months Old)",300,Rs 226,25%,5 kg,veg,https://www.bigbasket.com/media/uploads/p/mm/60000037_3-bb-royal-sona-masoori-steam-rice.jpg,"Sona Masoori Silky Steam Rice Is Light Weight Aromatic Rice. It Has A Affordable Prices And Very Hygienic. It Is Easy To Digest And Sortexed Clean Quality, Broken Under 2%, Moisture 14% Max, It Is Considered To Be Of Superior Quality. Each Grain Comprises Of Water-Soluble Vitamins, Minerals And Proteins. It Is Highly Acknowledged For Nutritional Value, Easy Cooking, Pure And Low Amount Of Starch. Click here for unique and delicious recipes - https://www.bigbasket.com/flavors/collections/233/rice-rice-products/",60000037,https://www.bigbasket.com/media/uploads/p/l/60000037_3-bb-royal-sona-masoori-steam-rice.jpg
945," FOODGRAINS, OIL & MASALA ", RICE & RICE PRODUCTS , RAW RICE , BB ROYAL Sona Masoori Steam Rice,bb Royal,40018886,https://www.bigbasket.com/pd/40018886/bb-royal-sona-masoori-steam-rice-25-kg-bag/,"bb Royal Sona Masoori Steam Rice, 25 kg (6 - 9 Months Old)",1500,Rs 1055,30%,25 kg,veg,https://www.bigbasket.com/media/uploads/p/mm/40018886_8-bb-royal-sona-masoori-steam-rice.jpg,,40018886,https://www.bigbasket.com/media/uploads/p/l/40018886_8-bb-royal-sona-masoori-steam-rice.jpg
950," FOODGRAINS, OIL & MASALA ", ORGANIC STAPLES ," ORGANIC RICE, OTHER RICE "," BB ROYAL Organic - Sona Masoori Semi Brown Rice, Handpounded / Pacharisi",bb Royal,40084513,https://www.bigbasket.com/pd/40084513/bb-royal-organic-sona-masoori-semi-brown-rice-handpounded-5-kg/,"bb Royal Organic - Sona Masoori Semi Brown Rice, Handpounded / Pacharisi, 5 Kg",449,Rs 369,18%,5 Kg,veg,https://www.bigbasket.com/media/uploads/p/mm/40084513_5-bb-royal-organic-sona-masoori-semi-brown-rice-handpounded.jpg,"Hand pound rice, Semi brown rice whose husk has been removed by using a stone grinder or a stone apparatus like a mortar and pestle. Pounding the rice using hands (hence the name) that helps to separate the rice from the husk. In this process, there is some breakage due to manual pounding and some bran gets removed as well. It is minimally polished (low glycemic index, like brown rice) but still retains most of its nutrients. In short, Hand Pound rice is right in the middle of White rice (fully polished) and Brown rice with white rice (high glycemic index) being the least in the nutritional profile. When the rice soaking/washing in water the bran layer will go off (Because of pounding with hand). Hand-pounded, Semi brown rice is superior to the fully polished rice in many ways. The bran is retained and because of hand-pounding process, the rice tastes so good. Hand pound rice is high in fibre, proteins and selenium. The glycemic index is low as compared to polished rice, because of which it is quite filling. Rice may lose colour while washing and soaking due to removal of bran from rice kernel",40084513,https://www.bigbasket.com/media/uploads/p/l/40084513_5-bb-royal-organic-sona-masoori-semi-brown-rice-handpounded.jpg
951," FOODGRAINS, OIL & MASALA ", ORGANIC STAPLES ," ORGANIC RICE, OTHER RICE "," BB ROYAL Organic - Sona Masoori Semi Brown Rice, Handpounded / Pacharisi",bb Royal,40082786,https://www.bigbasket.com/pd/40082786/bb-royal-organic-sona-masoori-semi-brown-rice-handpounded-1-kg/,"bb Royal Organic - Sona Masoori Semi Brown Rice, Handpounded / Pacharisi, 1 Kg",91,Rs 74,19%,1 Kg,veg,https://www.bigbasket.com/media/uploads/p/mm/40082786_4-bb-royal-organic-sona-masoori-semi-brown-rice-handpounded.jpg,"Hand pound rice, Semi brown rice whose husk has been removed by using a stone grinder or a stone apparatus like a mortar and pestle. Pounding the rice using hands (hence the name) that helps to separate the rice from the husk. In this process, there is some breakage due to manual pounding and some bran gets removed as well. It is minimally polished (low glycemic index, like brown rice) but still retains most of its nutrients. In short, Hand Pound rice is right in the middle of White rice (fully polished) and Brown rice with white rice (high glycemic index) being the least in the nutritional profile. When the rice soaking/washing in water the bran layer will go off (Because of pounding with hand). Hand-pounded, semi brown rice is superior to the fully polished rice in many ways. The bran is retained and because of hand-pounding process, the rice tastes so good. Hand pound rice is high in fibre, proteins and selenium. The glycemic index is low as compared to polished rice, because of which it is quite filling. Rice may lose colour while washing and soaking due to removal of bran from rice kernel.",40082786,https://www.bigbasket.com/media/uploads/p/l/40082786_4-bb-royal-organic-sona-masoori-semi-brown-rice-handpounded.jpg
952," FOODGRAINS, OIL & MASALA ", ORGANIC STAPLES ," ORGANIC RICE, OTHER RICE ", BB ROYAL Organic Sona Masoori Semi Brown Rice - Handpounded,bb Royal,40127667,https://www.bigbasket.com/pd/40127667/bb-royal-organic-sona-masoori-semi-brown-rice-handpounded-10-kg/,"bb Royal Organic Sona Masoori Semi Brown Rice - Handpounded, 10 Kg",825,Rs 629,24%,10 Kg,veg,https://www.bigbasket.com/media/uploads/p/mm/40127667_10-bb-royal-organic-sona-masoori-semi-brown-rice-handpounded.jpg,"Hand pound rice, Semi brown rice whose husk has been removed by using a stone grinder or a stone apparatus like a mortar and pestle. Pounding the rice using hands (hence the name) that helps to separate the rice from the husk. In this process, there is some breakage due to manual pounding and some bran gets removed as well. It is minimally polished (low glycemic index, like brown rice) but still retains most of its nutrients. In short, hand pound rice is right in the middle of white rice (fully polished) and brown rice with white rice (high glycemic index) being the least in the nutritional profile. When the rice soaking/washing in water the bran layer will go off (because of pounding with hand). Hand-pounded, semi brown rice is superior to the fully polished rice in many ways. The bran is retained and because of hand-pounding process, the rice tastes so good. Hand pound rice is high in fibre, proteins and selenium. The glycemic index is low as compared to polished rice, because of which it is quite filling. Rice may lose colour while washing and soaking due to removal of bran from rice kernel.",40127667,https://www.bigbasket.com/media/uploads/p/l/40127667_10-bb-royal-organic-sona-masoori-semi-brown-rice-handpounded.jpg
953," FOODGRAINS, OIL & MASALA ", ORGANIC STAPLES , ORGANIC MASALAS & SPICES , BB ROYAL Organic Black Pepper/Kali Mirchi,bb Royal,40114165,https://www.bigbasket.com/pd/40114165/bb-royal-organic-black-pepperkali-mirchi-50-g/,"bb Royal Organic Black Pepper/Kali Mirchi, 50 g",53,Rs 43,19%,50 g,veg,https://www.bigbasket.com/media/uploads/p/mm/40114165_9-bb-royal-organic-black-pepperkali-mirchi.jpg,"Black pepper is a dried mature fruit of the topical perennial climbing plant and is known as the king of spices. It is popular in households because of the medicinal value it possesses and the flavour. It can also accelerate the process of metabolism in the human body. Black pepper is also an ingredient in many medicinal, beauty products and everyday cooking use and comes with the assurance of no artificial colours: flavours or preservatives. This is cultivated without the use of pesticides, artificial fertilizers or chemicals.",40114165,https://www.bigbasket.com/media/uploads/p/l/40114165_9-bb-royal-organic-black-pepperkali-mirchi.jpg
962," FOODGRAINS, OIL & MASALA ", MASALAS & SPICES , WHOLE SPICES , BB ROYAL Til - White,bb Royal,40053914,https://www.bigbasket.com/pd/40053914/bb-royal-til-white-200-g/,"bb Royal Til - White, 200 g",100,Rs 75,25%,200 g,veg,https://www.bigbasket.com/media/uploads/p/mm/40053914_3-bb-royal-til-white.jpg,"Till are regular tiny seeds come in shades of red, brown and black, but the most general colour is a pale greyish-ivory.  Sesame seeds contain a nutty, sweet aroma with a milk-like, buttery flavour.",40053914,https://www.bigbasket.com/media/uploads/p/l/40053914_3-bb-royal-til-white.jpg
963," FOODGRAINS, OIL & MASALA ", RICE & RICE PRODUCTS ," POHA, SABUDANA & MURMURA ", BB ROYAL Barley/Jau/Vaarkothumai,bb Royal,10000572,https://www.bigbasket.com/pd/10000572/bb-royal-barleyjau-200-g-pouch/,"bb Royal Barley/Jau/Vaarkothumai, 200 g Pouch",20,Rs 19,5%,200 g,veg,https://www.bigbasket.com/media/uploads/p/mm/10000572_12-bb-royal-barleyjau.jpg,"BB Royal Barley is widely loved for its rich, nutty flavor, and a chewy texture which is very appealing. This versatile cereal grain is loaded with valuable nutrients and can protect you from several diseases. bigbasket sources the best quality barley from trusted sources and packs the grain carefully to enhance its longevity. Click here for unique and delicious recipes - https://www.bigbasket.com/flavors/collections/233/rice-rice-products/",8.90417E+12,https://www.bigbasket.com/media/uploads/p/l/10000572_12-bb-royal-barleyjau.jpg
966," FOODGRAINS, OIL & MASALA ", DRY FRUITS , CASHEWS , BB ROYAL Cashew/Kaju - Split,bb Royal,40111137,https://www.bigbasket.com/pd/40111137/bb-royal-cashewkaju-split-100-g/,"bb Royal Cashew/Kaju - Split, 100 g",150,Rs 118,21%,100 g,veg,https://www.bigbasket.com/media/uploads/p/mm/40111137_7-bb-royal-cashewkaju-split.jpg,"Cashew - Split (2 pc) is very wealthy in flavour. They are a common ingredient in desserts and are utilised to make oils. It includes good amounts of dietary fibre, oil and antioxidants. Cashews are wealthy in iron, selenium, phosphorus, magnesium and zinc. They are also good sources of protein, antioxidants and phytochemicals. Click here for unique and delicious recipes - https://www.bigbasket.com/flavors/collections/231/dry-fruits-berries-nuts/",40111137,https://www.bigbasket.com/media/uploads/p/l/40111137_7-bb-royal-cashewkaju-split.jpg
967," FOODGRAINS, OIL & MASALA ", DRY FRUITS , CASHEWS , BB ROYAL Cashew/Kaju - Split,bb Royal,40111138,https://www.bigbasket.com/pd/40111138/bb-royal-cashewkaju-split-200-g/,"bb Royal Cashew/Kaju - Split, 200 g",300,Rs 229,24%,200 g,veg,https://www.bigbasket.com/media/uploads/p/mm/40111138_7-bb-royal-cashewkaju-split.jpg,"Cashew - Split (2 pc) is very wealthy in flavour. They are a common ingredient in desserts and are utilised to make oils. It includes good amounts of dietary fibre, oil and antioxidants. Cashews are wealthy in iron, selenium, phosphorus, magnesium and zinc. They are also good sources of protein, antioxidants and phytochemicals. Click here for unique and delicious recipes - https://www.bigbasket.com/flavors/collections/231/dry-fruits-berries-nuts/",40111138,https://www.bigbasket.com/media/uploads/p/l/40111138_7-bb-royal-cashewkaju-split.jpg
977," FOODGRAINS, OIL & MASALA ", DRY FRUITS , OTHER DRY FRUITS , BB ROYAL Dry Dates/Chuwara/Perichampazham,bb Royal,10000515,https://www.bigbasket.com/pd/10000515/bb-royal-dry-dates-chuwara-kharik-100-g-pouch/,"bb Royal Dry Dates/Chuwara/Perichampazham, 100 g Pouch",80,Rs 49,39%,100 g,veg,https://www.bigbasket.com/media/uploads/p/mm/10000515_6-bb-royal-dry-dates-chuwara-kharik.jpg,"Dry Dates is one of the healthiest foods that can either be taken clean or consumed after drying. Dry dates are famous to be an all-in-one natural remedy for an amount of health-related problems. From increasing your energy levels to taking care of your cardiovascular health, date fruits contain multifaceted advantages to offer Click here for unique and delicious recipes - https://www.bigbasket.com/flavors/collections/231/dry-fruits-berries-nuts/",100005158,https://www.bigbasket.com/media/uploads/p/l/10000515_6-bb-royal-dry-dates-chuwara-kharik.jpg
978," FOODGRAINS, OIL & MASALA ", DRY FRUITS , OTHER DRY FRUITS , BB ROYAL Dry Dates/Chuwara/Perichampazham,bb Royal,10000541,https://www.bigbasket.com/pd/10000541/bb-royal-dry-dates-chuwara-kharik-200-g-pouch/,"bb Royal Dry Dates/Chuwara/Perichampazham, 200 g Pouch",160,Rs 94,41%,200 g,veg,https://www.bigbasket.com/media/uploads/p/mm/10000541_6-bb-royal-dry-dates-chuwara-kharik.jpg,Dry Dates is one of the most healthful foods that can either be taken clean or consumed after drying. Dry dates are famous to be an all-in-one natural remedy for a number of health-related problems. It includes a single seed about 2-2.5 cm long and 5-7 mm thick and they are filled with calories can gain adequate muscles with no putting on much weight. Click here for unique and delicious recipes - https://www.bigbasket.com/flavors/collections/231/dry-fruits-berries-nuts/,1000054199,https://www.bigbasket.com/media/uploads/p/l/10000541_6-bb-royal-dry-dates-chuwara-kharik.jpg
979," FOODGRAINS, OIL & MASALA ", RICE & RICE PRODUCTS ," POHA, SABUDANA & MURMURA ", BB ROYAL Jowar/Cholam,bb Royal,20000569,https://www.bigbasket.com/pd/20000569/bb-royal-jowar-500-g-pouch/,"bb Royal Jowar/Cholam, 500 g Pouch",40,Rs 28,30%,500 g,veg,https://www.bigbasket.com/media/uploads/p/mm/20000569_6-bb-royal-jowar.jpg,"BB Royal Jowar is loaded with nutrients and is a great alternative for those who suffer from wheat allergies. Jowar is usually consumed along with the hull, is rich in antioxidants and free of gluten. bigbasket makes sure that you get only the best quality jowar which is as good as wheat, oats, barley and corn. Click here for unique and delicious recipes - https://www.bigbasket.com/flavors/collections/230/dals-pulses/",8.90417E+12,https://www.bigbasket.com/media/uploads/p/l/20000569_6-bb-royal-jowar.jpg
980," FOODGRAINS, OIL & MASALA ", RICE & RICE PRODUCTS ," POHA, SABUDANA & MURMURA ", BB ROYAL Jowar,bb Royal,30000207,https://www.bigbasket.com/pd/30000207/bb-royal-jowar-1-kg-pouch/,"bb Royal Jowar, 1 kg Pouch",90,Rs 54,40%,1 kg,veg,https://www.bigbasket.com/media/uploads/p/mm/30000207_3-bb-royal-jowar.jpg,"Jowar is one of the five top cereal crops in the world, along with oats, wheat, corn and barley. It is usually eaten with the hull, which keeps the majority of the nutrients. It is wealthy in antioxidants and all varieties are gluten-free, a gorgeous alternative for wheat allergy sufferers. Click here for unique and delicious recipes - https://www.bigbasket.com/flavors/collections/230/dals-pulses/",20000320001,https://www.bigbasket.com/media/uploads/p/l/30000207_3-bb-royal-jowar.jpg
982," FOODGRAINS, OIL & MASALA ", ORGANIC STAPLES , ORGANIC DALS & PULSES , BB ROYAL Organic - Urad Dal White (Split) / Ulutham Paruppu,bb Royal,40072509,https://www.bigbasket.com/pd/40072509/bb-royal-organic-urad-dal-white-split-unpolished-500-g/,"bb Royal Organic - Urad Dal White (Split) / Ulutham Paruppu, 500 g",100,Rs 82,18%,500 g,veg,https://www.bigbasket.com/media/uploads/p/mm/40072509_13-bb-royal-organic-urad-dal-white-split-unpolished.jpg,"Urad dal split is a skinned, fawn colored lentil with a strong flavor that has been split in half. This Urad dal includes fat, protein and carbohydrates that your body requires. It is rich in vitamins and dietary fibers, which also improve digestion. It aids in reducing cholesterol and develops cardiovascular health. It is free from synthetic chemicals and pesticides.",40072509,https://www.bigbasket.com/media/uploads/p/l/40072509_13-bb-royal-organic-urad-dal-white-split-unpolished.jpg
983," FOODGRAINS, OIL & MASALA ", ORGANIC STAPLES , ORGANIC DALS & PULSES ," BB ROYAL Organic - Urad Dal White (Split), Unpolished",bb Royal,40135861,https://www.bigbasket.com/pd/40135861/bb-royal-organic-urad-dal-white-split-unpolished-1-kg/,"bb Royal Organic - Urad Dal White (Split), Unpolished, 1 kg",199,Rs 150,25%,1 kg,veg,https://www.bigbasket.com/media/uploads/p/mm/40135861_9-bb-royal-organic-urad-dal-white-split-unpolished.jpg,"Urad dal (white) is a kind of bean, which is mostly used in the Southern part of Asia. Urad dal is used as a major ingredient in Indian cuisine for preparing a healthy diet. Urad dal has fat, iron, calcium, vitamin B, the richest source of proteins, magnesium and potassium and carbohydrates, which are required for the body. It is free from synthetic chemicals and pesticides.",40135861,https://www.bigbasket.com/media/uploads/p/l/40135861_9-bb-royal-organic-urad-dal-white-split-unpolished.jpg
987," FOODGRAINS, OIL & MASALA ", MASALAS & SPICES , WHOLE SPICES , BB ROYAL Mace/Javitri/Jaadipathri,bb Royal,30000293,https://www.bigbasket.com/pd/30000293/bb-royal-macejavitri-20-g/,"bb Royal Mace/Javitri/Jaadipathri, 20 g",80,Rs 74,8%,20 g,veg,https://www.bigbasket.com/media/uploads/p/mm/30000293_7-bb-royal-macejavitri.jpg,"Javantri consists of the necessary oils, which gives out its peculiar rich aroma and a strong, warm taste. It is hard to grind, so it is generally roasted until brittle, then ground. Its mildly sweet taste is commonly used in infusions, such as tasting milk for a white sauce or marinated with meats. Chutneys and Pickles are also generally spiced with javantri.",3000029399,https://www.bigbasket.com/media/uploads/p/l/30000293_7-bb-royal-macejavitri.jpg
991," FOODGRAINS, OIL & MASALA ", MASALAS & SPICES , WHOLE SPICES , BB POPULAR Ajwain - Whole,bb Popular,40084967,https://www.bigbasket.com/pd/40084967/bb-popular-ajwain-whole-100-g/,"bb Popular Ajwain - Whole, 100 g",50,Rs 47,6%,100 g,veg,https://www.bigbasket.com/media/uploads/p/mm/40084967_27-bb-popular-ajwain-whole.jpg,"Ajwain seeds are egg-shaped and grey in colour. It has a pungent and slightly bitter taste with a distinctive aroma. It has a sharp, hot and burning taste on the tongue. It is used to add flavour to lots of dishes.",40084967,https://www.bigbasket.com/media/uploads/p/l/40084967_27-bb-popular-ajwain-whole.jpg
992," FOODGRAINS, OIL & MASALA ", DRY FRUITS , OTHER DRY FRUITS ," BB POPULAR Pista - California, Roasted & Salted",bb Popular,40178360,https://www.bigbasket.com/pd/40178360/bb-popular-pista-california-roasted-salted-500-g/,"bb Popular Pista - California, Roasted & Salted, 500 g",1000,Rs 880,12%,500 g,veg,https://www.bigbasket.com/media/uploads/p/mm/40178360_3-bb-popular-pista-california-roasted-salted.jpg,"Pista Salted is a drupe, containing an elongated seed, which is the edible portion. It has a tough, whitish external shell. It is a nutrient dense, antioxidants and full of fibre. They are an outstanding supply of enzymes, vitamins and minerals. They are simple to digest and clean the blood and the digestive area. The nuts are enriched with lots of health-benefiting nutrients that are necessary for optimum health.",8.90426E+12,https://www.bigbasket.com/media/uploads/p/l/40178360_3-bb-popular-pista-california-roasted-salted.jpg
993," FOODGRAINS, OIL & MASALA ", DRY FRUITS , OTHER DRY FRUITS ," BB POPULAR Pista - California, Roasted & Salted",bb Popular,40019557,https://www.bigbasket.com/pd/40019557/bb-popular-pista-california-roasted-salted-100-g-pouch/,"bb Popular Pista - California, Roasted & Salted, 100 g Pouch",200,Rs 180,20,100 g,veg,https://www.bigbasket.com/media/uploads/p/mm/40019557_3-bb-popular-pista-california-roasted-salted.jpg,"Pista Salted is a drupe, containing an elongated seed, which is the edible portion. It has a tough, whitish external shell. It is a nutrient dense, antioxidants and full of fibre. They are an outstanding supply of enzymes, vitamins and minerals. They are simple to digest and clean the blood and the digestive area. The nuts are enriched with lots of health-benefiting nutrients that are necessary for optimum health.",40019557,https://www.bigbasket.com/media/uploads/p/l/40019557_3-bb-popular-pista-california-roasted-salted.jpg
994," FOODGRAINS, OIL & MASALA ", DRY FRUITS , OTHER DRY FRUITS ," BB POPULAR Pista - California, Roasted & Salted",bb Popular,40178359,https://www.bigbasket.com/pd/40178359/bb-popular-pista-california-roasted-salted-200-g/,"bb Popular Pista - California, Roasted & Salted, 200 g",400,Rs 355,11%,200 g,veg,https://www.bigbasket.com/media/uploads/p/mm/40178359_4-bb-popular-pista-california-roasted-salted.jpg,"Pista Salted is a drupe, containing an elongated seed, which is the edible portion. It has a tough, whitish external shell. It is a nutrient-dense, antioxidants and full of fibre. They are an outstanding supply of enzymes, vitamins and minerals. They are simple to digest and clean the blood and the digestive area. The nuts are enriched with lots of health-benefiting nutrients that are necessary for optimum health.",8.90426E+12,https://www.bigbasket.com/media/uploads/p/l/40178359_4-bb-popular-pista-california-roasted-salted.jpg
1005," FOODGRAINS, OIL & MASALA ", ORGANIC STAPLES , ORGANIC MASALAS & SPICES , BB ROYAL Organic - Saunf,bb Royal,40135857,https://www.bigbasket.com/pd/40135857/bb-royal-organic-saunf-500-g/,"bb Royal Organic - Saunf, 500 g",180,Rs 169,11,500 g,veg,https://www.bigbasket.com/media/uploads/p/mm/40135857_7-bb-royal-organic-saunf.jpg,"Organic Saunf is hygienically processed fragrant spice which is also known as one of the key ingredients of Chinese 5 spice powder. This is quite frequently used in many Indian recipes. The carminative and digestive properties of fennel or saunf are well-known; hence it is served after meals to help in the process of digestion. This also acts as a mouth refresher and is a key element of Benarasi-Paan. Fennel seeds help to reduce your weight, relieves anaemia and indigestion.",40135857,https://www.bigbasket.com/media/uploads/p/l/40135857_7-bb-royal-organic-saunf.jpg
1006," FOODGRAINS, OIL & MASALA ", ORGANIC STAPLES , ORGANIC MASALAS & SPICES , BB ROYAL Organic - Saunf / Perunjeeragam,bb Royal,40083066,https://www.bigbasket.com/pd/40083066/bb-royal-organic-saunf-100-g/,"bb Royal Organic - Saunf / Perunjeeragam, 100 g",37,Rs 33,11%,100 g,veg,https://www.bigbasket.com/media/uploads/p/mm/40083066_9-bb-royal-organic-saunf.jpg,Organic Saunf is hygienically processed fragrant spice which is also known as one of the key ingredients of Chinese 5 spice powder. This is quite frequently used in many Indian recipes. The carminative and digestive properties of fennel or saunf are well-known; hence it is served after meals to help in the process of digestion. This also acts as a mouth refresher and is a key element of benarasi-paan.,40083066,https://www.bigbasket.com/media/uploads/p/l/40083066_9-bb-royal-organic-saunf.jpg
1007," FOODGRAINS, OIL & MASALA ", ORGANIC STAPLES , ORGANIC MASALAS & SPICES , BB ROYAL Organic - Saunf,bb Royal,40093613,https://www.bigbasket.com/pd/40093613/bb-royal-organic-saunf-200-g/,"bb Royal Organic - Saunf, 200 g",74,Rs 69,7%,200 g,veg,https://www.bigbasket.com/media/uploads/p/mm/40093613_8-bb-royal-organic-saunf.jpg,Organic Saunf is hygienically processed fragrant spice which is also known as one of the key ingredients of Chinese 5 spice powder. This is quite frequently used in many Indian recipes. The carminative and digestive properties of fennel or saunf are well-known; hence it is served after meals to help in the process of digestion. This also acts as a mouth refresher and is a key element of benarasi-paan.,40093613,https://www.bigbasket.com/media/uploads/p/l/40093613_8-bb-royal-organic-saunf.jpg
1008," FOODGRAINS, OIL & MASALA ", DALS & PULSES , URAD & OTHER DALS , BB ROYAL Masoor Black Whole/Sabut/Massor Paruppu/Mysore Paruppu,bb Royal,10000571,https://www.bigbasket.com/pd/10000571/bb-royal-masoor-black-wholesabut-500-g-pouch/,"bb Royal Masoor Black Whole/Sabut/Massor Paruppu/Mysore Paruppu, 500 g Pouch",70,Rs 57,19%,500 g,veg,https://www.bigbasket.com/media/uploads/p/mm/10000571_12-bb-royal-masoor-black-wholesabut.jpg,"Masoor Whole Black is one of the most normally used lentils in India. It has high levels of proteins, including the important amino acids isoleucine and lysine, which are a necessary supply of inexpensive protein. It is also rich in Folate, iron, potassium, vitamin B1, and other minerals, all with nearly no fat. Click here for unique and delicious recipes - https://www.bigbasket.com/flavors/collections/230/dals-pulses/",8.90417E+12,https://www.bigbasket.com/media/uploads/p/l/10000571_12-bb-royal-masoor-black-wholesabut.jpg
1009," FOODGRAINS, OIL & MASALA ", DALS & PULSES , URAD & OTHER DALS , BB ROYAL Masoor Black Whole/Sabut,bb Royal,70001285,https://www.bigbasket.com/pd/70001285/bb-royal-masoor-black-wholesabut-1-kg-pouch/,"bb Royal Masoor Black Whole/Sabut, 1 kg Pouch",140,Rs 110,21%,1 kg,veg,https://www.bigbasket.com/media/uploads/p/mm/70001285_8-bb-royal-masoor-black-wholesabut.jpg,"Masoor Whole Black is one of the most normally used lentils in India. It has high levels of proteins, including the important amino acids isoleucine and lysine, which are a necessary supply of inexpensive protein. It is also rich in Folate, iron, potassium, vitamin B1, and other minerals, all with nearly no fat. Click here for unique and delicious recipes - https://www.bigbasket.com/flavors/collections/230/dals-pulses/",70001285,https://www.bigbasket.com/media/uploads/p/l/70001285_8-bb-royal-masoor-black-wholesabut.jpg
1010," FOODGRAINS, OIL & MASALA ", DALS & PULSES , URAD & OTHER DALS , BB ROYAL Masoor Black Whole/Sabut/Massor Paruppu/Mysore Paruppu,bb Royal,60000023,https://www.bigbasket.com/pd/60000023/bb-royal-masoor-black-wholesabut-200-g-pouch/,"bb Royal Masoor Black Whole/Sabut/Massor Paruppu/Mysore Paruppu, 200 g Pouch",35,Rs 24,31%,200 g,veg,https://www.bigbasket.com/media/uploads/p/mm/60000023_7-bb-royal-masoor-black-wholesabut.jpg,,60000023,https://www.bigbasket.com/media/uploads/p/l/60000023_7-bb-royal-masoor-black-wholesabut.jpg
1014," FOODGRAINS, OIL & MASALA ", MASALAS & SPICES , WHOLE SPICES , BB ROYAL Phool Makhana,bb Royal,40128952,https://www.bigbasket.com/pd/40128952/bb-royal-phool-makhana-200-g/,"bb Royal Phool Makhana, 200 g",360,Rs 249,31%,200 g,veg,https://www.bigbasket.com/media/uploads/p/mm/40128952_1-bb-royal-phool-makhana.jpg,"Makhanas, also known as popped lotus seeds, is an organic, non-cereal food which can be relished as a healthy, nutritious snack. They are loaded with antioxidants and are normally used to make makhana kheer, a sweet dish which is commonly consumed after fasting. They can be eaten raw, boiled or can be seasoned with herbs and spices of your choice and relished as a light snack.",40128952,https://www.bigbasket.com/media/uploads/p/l/40128952_1-bb-royal-phool-makhana.jpg
1015," FOODGRAINS, OIL & MASALA ", DRY FRUITS , CASHEWS , BB ROYAL Cashew/Kaju - Broken,bb Royal,40112392,https://www.bigbasket.com/pd/40112392/bb-royal-cashewkaju-broken-100-g-pouch/,"bb Royal Cashew/Kaju - Broken, 100 g Pouch",150,Rs 92,39%,100 g,veg,https://www.bigbasket.com/media/uploads/p/mm/40112392_6-bb-royal-cashewkaju-broken.jpg,"Cashew nut prevents blood disease, is good for heart health, protects the eye, and are good for the skin. It is beneficial for weight loss also. Cashew nut is a powerhouse of vitamins, mineral, and other essential nutrients. Click here for unique and delicious recipes - https://www.bigbasket.com/flavors/collections/231/dry-fruits-berries-nuts/",40112392,https://www.bigbasket.com/media/uploads/p/l/40112392_6-bb-royal-cashewkaju-broken.jpg
1016," FOODGRAINS, OIL & MASALA ", DRY FRUITS , CASHEWS , BB ROYAL Cashew/Kaju - Broken,bb Royal,40112393,https://www.bigbasket.com/pd/40112393/bb-royal-cashewkaju-broken-200-g-pouch/,"bb Royal Cashew/Kaju - Broken, 200 g Pouch",300,Rs 178,41%,200 g,veg,https://www.bigbasket.com/media/uploads/p/mm/40112393_4-bb-royal-cashewkaju-broken.jpg,"Cashew nut prevents blood disease, is good for heart health, protects the eye, and are good for the skin. It is beneficial for weight loss also. Cashew nut is a powerhouse of vitamins, mineral, and other essential nutrients. Click here for unique and delicious recipes - https://www.bigbasket.com/flavors/collections/231/dry-fruits-berries-nuts/",40112393,https://www.bigbasket.com/media/uploads/p/l/40112393_4-bb-royal-cashewkaju-broken.jpg
1018," FOODGRAINS, OIL & MASALA ", RICE & RICE PRODUCTS , RAW RICE , BB ROYAL HMT Kolam Rice/Kolam Arisi,bb Royal,30000225,https://www.bigbasket.com/pd/30000225/bb-royal-hmt-kolam-rice-1-kg-pouch/,"bb Royal HMT Kolam Rice/Kolam Arisi, 1 kg (12 - 17 Months Old)",75,Rs 68,9%,1 kg,veg,https://www.bigbasket.com/media/uploads/p/mm/30000225_6-bb-royal-hmt-kolam-rice.jpg,,3000022599,https://www.bigbasket.com/media/uploads/p/l/30000225_6-bb-royal-hmt-kolam-rice.jpg
1019," FOODGRAINS, OIL & MASALA ", RICE & RICE PRODUCTS , RAW RICE , BB ROYAL HMT Kolam Rice,bb Royal,30000226,https://www.bigbasket.com/pd/30000226/bb-royal-hmt-kolam-rice-10-kg-bag/,"bb Royal HMT Kolam Rice, 10 kg (12 - 17 Months Old)",750,Rs 637.50,15%,10 kg,veg,https://www.bigbasket.com/media/uploads/p/mm/30000226_8-bb-royal-hmt-kolam-rice.jpg,,30000226,https://www.bigbasket.com/media/uploads/p/l/30000226_8-bb-royal-hmt-kolam-rice.jpg
1020," FOODGRAINS, OIL & MASALA ", RICE & RICE PRODUCTS , RAW RICE , BB ROYAL HMT Kolam Rice/Kolam Arisi,bb Royal,30000227,https://www.bigbasket.com/pd/30000227/bb-royal-hmt-kolam-rice-5-kg-bag/,"bb Royal HMT Kolam Rice/Kolam Arisi, 5 kg (12 - 17 Months Old)",375,Rs 318.75,15%,5 kg,veg,https://www.bigbasket.com/media/uploads/p/mm/30000227_7-bb-royal-hmt-kolam-rice.jpg,,3000022799,https://www.bigbasket.com/media/uploads/p/l/30000227_7-bb-royal-hmt-kolam-rice.jpg
1025," FOODGRAINS, OIL & MASALA ", MASALAS & SPICES , WHOLE SPICES , BB POPULAR Ajwain Whole,bb Popular,40133682,https://www.bigbasket.com/pd/40133682/bb-popular-ajwain-whole-50-g/,"bb Popular Ajwain Whole, 50 g",25,Rs 24,4%,50 g,veg,https://www.bigbasket.com/media/uploads/p/mm/40133682_6-bb-popular-ajwain-whole.jpg,"Ajwain is one of the main herbs in Indian cuisine which gives out a hot pungent flavour. It has a strong flavour which goes well with any Indian dish, especially North Indian dishes. Slightly bitter with a distinctive taste, Ajwain is procured carefully from farmers, sorted and packed with care so that the nutritional value remains intact.",40133682,https://www.bigbasket.com/media/uploads/p/l/40133682_6-bb-popular-ajwain-whole.jpg
1032," FOODGRAINS, OIL & MASALA ", MASALAS & SPICES , POWDERED SPICES , BB POPULAR Coconut Powder - Desiccated,bb Popular,40133685,https://www.bigbasket.com/pd/40133685/bb-popular-coconut-powder-desiccated-100-g/,"bb Popular Coconut Powder - Desiccated, 100 g",40,Rs 34,15%,100 g,veg,https://www.bigbasket.com/media/uploads/p/mm/40133685_5-bb-popular-coconut-powder-desiccated.jpg,"Desiccated coconut is crunchy and is snow white in colour. It contains a sweet, pleasant and fresh flavour of the nut. Desiccated coconut, due to its iron and fibre content, is good for health. It also helps to control blood cholesterol level.",40133685,https://www.bigbasket.com/media/uploads/p/l/40133685_5-bb-popular-coconut-powder-desiccated.jpg
1033," FOODGRAINS, OIL & MASALA ", MASALAS & SPICES , WHOLE SPICES , BB ROYAL Ananas Flower/Anashuppu,bb Royal,40000202,https://www.bigbasket.com/pd/40000202/bb-royal-ananas-flowerstar-anise-100-g/,"bb Royal Ananas Flower/Anashuppu, 100 g",150,Rs 135,15,100 g,veg,https://www.bigbasket.com/media/uploads/p/mm/40000202_5-bb-royal-ananas-flowerstar-anise.jpg,"Ananas Flower is one of the central flavors in Chinese cooking. It includes a sturdy anise taste, with a liquorices-like scent. It is a star-shaped, dark brown pod that includes a pea-size seed in each of its eight segents.",8.90417E+12,https://www.bigbasket.com/media/uploads/p/l/40000202_5-bb-royal-ananas-flowerstar-anise.jpg
1034," FOODGRAINS, OIL & MASALA ", MASALAS & SPICES , WHOLE SPICES , BB ROYAL Ananas Flower/Anashuppu,bb Royal,40000203,https://www.bigbasket.com/pd/40000203/bb-royal-ananas-flowerstar-anise-50-g/,"bb Royal Ananas Flower/Anashuppu, 50 g",75,Rs 72,4%,50 g,veg,https://www.bigbasket.com/media/uploads/p/mm/40000203_5-bb-royal-ananas-flowerstar-anise.jpg,"Ananas Flower is the unusual fruit of a small oriental tree. Tough skinned and rust-coloured, they measure up to 3 cm long. The fruit is picked before it can ripen, and dried. The stars are available whole or ground to a red-brown powder. The fruit is anti-bacterial, carminative, diuretic and stomachic. It is considered useful in flatulence and spasmodic.",8.90417E+12,https://www.bigbasket.com/media/uploads/p/l/40000203_5-bb-royal-ananas-flowerstar-anise.jpg
1035," FOODGRAINS, OIL & MASALA ", MASALAS & SPICES , WHOLE SPICES , BB ROYAL Dry Red Chilli - Stemless,bb Royal,20000442,https://www.bigbasket.com/pd/20000442/bb-royal-dry-red-chilli-stemless-500-g/,"bb Royal Dry Red Chilli - Stemless, 500 g",300,Rs 220,27%,500 g,veg,https://www.bigbasket.com/media/uploads/p/mm/20000442_5-bb-royal-dry-red-chilli-stemless.jpg,"Red Chillies is an integral part of the Indian diet and have been used for several generations. Red Chilli is known to have originated in Central America thousands of years ago. Apart from adding pungent taste to the food, they have a high nutritional value. Red chillies have antioxidants, vitamin C and carotenoids, which aid in improving insulin regulation. It is sharp, sizzling and stimulating. It is broadly utilised in the preparation of a wide range of dishes and sometimes for garnishing. Red Chillies are widely used in Indian, Mexican, Mediterranean and Middle Eastern cooking.",20000442,https://www.bigbasket.com/media/uploads/p/l/20000442_5-bb-royal-dry-red-chilli-stemless.jpg
1044," FOODGRAINS, OIL & MASALA ", MASALAS & SPICES , POWDERED SPICES , BB POPULAR Coconut Powder - Desiccated,bb Popular,40133686,https://www.bigbasket.com/pd/40133686/bb-popular-coconut-powder-desiccated-200-g/,"bb Popular Coconut Powder - Desiccated, 200 g",80,Rs 67,16%,200 g,veg,https://www.bigbasket.com/media/uploads/p/mm/40133686_1-bb-popular-coconut-powder-desiccated.jpg,"Desiccated coconut is crunchy and is snow white in colour. It contains a sweet, pleasant and fresh flavour of the nut. Desiccated coconut, due to its iron and fibre content, is good for health. It also helps to control blood cholesterol level.",40133686,https://www.bigbasket.com/media/uploads/p/l/40133686_1-bb-popular-coconut-powder-desiccated.jpg
1045," FOODGRAINS, OIL & MASALA ", MASALAS & SPICES , WHOLE SPICES , BB ROYAL Dry Copra/Khopra,bb Royal,20000568,https://www.bigbasket.com/pd/20000568/bb-royal-dry-coprakhopra-500-g/,"bb Royal Dry Copra/Khopra, 500 g",250,Rs 189,24%,500 g,veg,https://www.bigbasket.com/media/uploads/p/mm/20000568_6-bb-royal-dry-coprakhopra.jpg,"BB Royal is our in house premium brand of the finest staples sourced right from the best farms and production centres in order to get you good quality at competitive prices. Every product is carefully selected by experienced and technically competent merchandisers, cleaned and packed at our hygienic facilities in food grade plastic and sold to you at the most competitive prices in the market.",20000568,https://www.bigbasket.com/media/uploads/p/l/20000568_6-bb-royal-dry-coprakhopra.jpg
1056," FOODGRAINS, OIL & MASALA ", ORGANIC STAPLES , ORGANIC FLOURS , BB ROYAL Organic - Jowar Flour,bb Royal,40125920,https://www.bigbasket.com/pd/40125920/bb-royal-organic-jowar-flour-1-kg/,"bb Royal Organic - Jowar Flour, 1 kg",90,Rs 64,29%,1 kg,veg,https://www.bigbasket.com/media/uploads/p/mm/40125920_6-bb-royal-organic-jowar-flour.jpg,"Jowar flour is a healthy atta that is gluten free and contains a high protein content. It is also high in anti-oxidants and Vitamins E & B complex. Rotis made by jowar flour are soft, which in India is popularly known as jowar ki roti. It is high in magnesium and calcium, while being free from synthetic chemicals and pesticides.",40125920,https://www.bigbasket.com/media/uploads/p/l/40125920_6-bb-royal-organic-jowar-flour.jpg
1057," FOODGRAINS, OIL & MASALA ", ORGANIC STAPLES , ORGANIC FLOURS , BB ROYAL Organic - Jowar Flour / Cholam,bb Royal,40076866,https://www.bigbasket.com/pd/40076866/bb-royal-organic-jowar-flour-500-g/,"bb Royal Organic - Jowar Flour / Cholam, 500 g",46,Rs 34,26%,500 g,veg,https://www.bigbasket.com/media/uploads/p/mm/40076866_5-bb-royal-organic-jowar-flour.jpg,"Jowar flour is a healthy atta and gluten free. It has higher content of protein. It is high in anti-oxidants, Vitamin E & B complex. Rotis made by jowar flour are soft. In India, it is used to make jowar ki roti in villages as well as urban areas. It is high in magnesium, calcium and calories. It is free from synthetic chemicals and pesticides.",40076866,https://www.bigbasket.com/media/uploads/p/l/40076866_5-bb-royal-organic-jowar-flour.jpg
1058," FOODGRAINS, OIL & MASALA ", ORGANIC STAPLES , ORGANIC FLOURS , BB ROYAL Organic - Jowar Flour,bb Royal,1208908,https://www.bigbasket.com/pd/1208908/bb-royal-organic-jowar-flour-2x1-kg/,"bb Royal Organic - Jowar Flour, 2x1 kg Multipack",180,Rs 128,29%,2x1 kg,,https://www.bigbasket.com/media/uploads/p/mm/1208908_1-bb-royal-organic-jowar-flour.jpg,"Jowar flour is healthy atta that is gluten-free and contains a high protein content. It is also high in anti-oxidants and Vitamins E & B complex. Rotis made by jowar flour are soft, which in India is popularly known as jowar ki roti. It is high in magnesium and calcium while being free from synthetic chemicals and pesticides.",1208908,https://www.bigbasket.com/media/uploads/p/l/1208908_1-bb-royal-organic-jowar-flour.jpg
1059," FOODGRAINS, OIL & MASALA ", ORGANIC STAPLES , ORGANIC MASALAS & SPICES , BB ROYAL Organic - Black Pepper Powder,bb Royal,1205379,https://www.bigbasket.com/pd/1205379/bb-royal-organic-black-pepper-powder-2x100-g/,"bb Royal Organic - Black Pepper Powder, 2x100 g (Multipack)",320,,,2x100 g,,https://www.bigbasket.com/media/uploads/p/mm/1205379_1-bb-royal-organic-black-pepper-powder.jpg,"Black Pepper Powder is one of the most commonly used spice and seasoning across the world. Pure and sure is a range of certified organic food products stemmed from our aim of providing complete solutions across organic supply chain. By offering end consumers quality organic food products which are sourced directly from farmers, we make sure our involvement in the supply chain from farm to hands. Our products guarantee purity and reach your hands without the use of chemical fertilizers, additives or artificial ingredients. We go one step further to satisfy our customers- In areas where our supplies are limited, we source premium organic products from across the globe and deliver a complete range of pure products that sure serves you the best. By sowing our vision, we harvest quality and spread healthy organic practices.",1205379,https://www.bigbasket.com/media/uploads/p/l/1205379_1-bb-royal-organic-black-pepper-powder.jpg
1060," FOODGRAINS, OIL & MASALA ", ORGANIC STAPLES , ORGANIC MASALAS & SPICES , BB ROYAL Organic - Black Pepper Powder,bb Royal,40100967,https://www.bigbasket.com/pd/40100967/bb-royal-organic-black-pepper-powder-100-g/,"bb Royal Organic - Black Pepper Powder, 100 g",160,Rs 93,42%,100 g,veg,https://www.bigbasket.com/media/uploads/p/mm/40100967_8-bb-royal-organic-black-pepper-powder.jpg,"Black Pepper Powder is one of the most commonly used spice and seasoning across the world. Pure and sure is a range of certified organic food products stemmed from our aim of providing complete solutions across the organic supply chain. By offering end consumers quality organic food products which are sourced directly from farmers, we make sure our involvement in the supply chain from farm to hands. Our products guarantee purity and reach your hands without the use of chemical fertilizers, additives or artificial ingredients. We go one step further to satisfy our customers- In areas where our supplies are limited, we source premium organic products from across the globe and deliver a complete range of pure products that sure serves you the best. By sowing our vision, we harvest quality and spread healthy organic practices.",40100967,https://www.bigbasket.com/media/uploads/p/l/40100967_8-bb-royal-organic-black-pepper-powder.jpg
1061," FOODGRAINS, OIL & MASALA ", RICE & RICE PRODUCTS , BASMATI RICE ," BB ROYAL Rice - Basmati, 1121 Dubar",bb Royal,1204432,https://www.bigbasket.com/pd/1204432/bb-royal-rice-basmati-1121-dubar-2x1-kg/,"bb Royal Rice - Basmati, 1121 Dubar, 2x1 kg Multipack",260,Rs 184,29%,2x1 kg,,https://www.bigbasket.com/media/uploads/p/mm/1204432_3-bb-royal-rice-basmati-1121-dubar.jpg,"bb Royal Dubar Basmati rice leaves a lasting impression because of its flavour and fluffy texture. This rice is completely of the 1121 variety ensuring great quality and taste. Sourced from the states of Punjab, Haryana and Uttarakhand, this rice is processed using Swiss technology to ensure superior quality and high nutritional value. With its wonderful aroma and size, this rice is best suitable for all varieties of dishes ranging from Dal Chawal and Jeera Rice to Pulao and Biryani.",1204432,https://www.bigbasket.com/media/uploads/p/l/1204432_3-bb-royal-rice-basmati-1121-dubar.jpg
1062," FOODGRAINS, OIL & MASALA ", RICE & RICE PRODUCTS , BASMATI RICE ," BB ROYAL Basmati Rice - 1121, Dubar",bb Royal,40128445,https://www.bigbasket.com/pd/40128445/bb-royal-basmati-rice-1121-dubar-1-kg/,"bb Royal Basmati Rice - 1121, Dubar, 1 kg",130,Rs 94,28%,1 kg,veg,https://www.bigbasket.com/media/uploads/p/mm/40128445_5-bb-royal-basmati-rice-1121-dubar.jpg,"Sourced from the rice-bowl-states of Punjab, Haryana and Uttarakhand, it is processed in GMP plants using Swiss technology to ensure superior quality and nutrition value. The bb Royal 1121 Dubar basmati rice leaves a lasting impression because of its aroma, flavour and fluffy texture.",40128445,https://www.bigbasket.com/media/uploads/p/l/40128445_5-bb-royal-basmati-rice-1121-dubar.jpg
1067," FOODGRAINS, OIL & MASALA ", RICE & RICE PRODUCTS ," POHA, SABUDANA & MURMURA ", BB ROYAL Bajra,bb Royal,30000201,https://www.bigbasket.com/pd/30000201/bb-royal-bajra-1-kg-pouch/,"bb Royal Bajra, 1 kg Pouch",80,Rs 56,30%,1 kg,veg,https://www.bigbasket.com/media/uploads/p/mm/30000201_4-bb-royal-bajra.jpg,"Bajra is a strong cereal with many health benefits. Bajra or Pearl millet is popular in rural area. The grains are brownish, small and resemble tiny pearls. It can be utilized in everything from breakfast porridges to flat breads and even desserts. Click here for unique and delicious recipes - https://www.bigbasket.com/flavors/collections/230/dals-pulses/",30000201,https://www.bigbasket.com/media/uploads/p/l/30000201_4-bb-royal-bajra.jpg
1068," FOODGRAINS, OIL & MASALA ", RICE & RICE PRODUCTS ," POHA, SABUDANA & MURMURA ", BB ROYAL Bajra/Cambu(Kambu),bb Royal,20000499,https://www.bigbasket.com/pd/20000499/bb-royal-bajra-500-g-pouch/,"bb Royal Bajra/Cambu(Kambu), 500 g Pouch",30,Rs 29,3%,500 g,veg,https://www.bigbasket.com/media/uploads/p/mm/20000499_4-bb-royal-bajra.jpg,"Bajra is a strong cereal with many health benefits. Bajra or Pearl millet is popular in rural area. The grains are brownish, small and resemble tiny pearls. It can be utilized in everything from breakfast porridges to flat breads and even desserts. Click here for unique and delicious recipes - https://www.bigbasket.com/flavors/collections/230/dals-pulses/",8.90417E+12,https://www.bigbasket.com/media/uploads/p/l/20000499_4-bb-royal-bajra.jpg
1070," FOODGRAINS, OIL & MASALA ", ORGANIC STAPLES ," ORGANIC RICE, OTHER RICE ", BB ROYAL Organic - Red Raw Rice / Pacharisi,bb Royal,40072485,https://www.bigbasket.com/pd/40072485/bb-royal-organic-red-raw-rice-1-kg/,"bb Royal Organic - Red Raw Rice / Pacharisi, 1 kg",96,Rs 70,27%,1 kg,veg,https://www.bigbasket.com/media/uploads/p/mm/40072485_8-bb-royal-organic-red-raw-rice.jpg,"These medium sized grains of red rice have antioxidants, fibre, protein and minerals. With its distinctive colour and complex nutty flavour, Red Rice is the perfect foundation for a healthy and colorful meal. It is free from synthetic chemicals and pesticides.",40072485,https://www.bigbasket.com/media/uploads/p/l/40072485_8-bb-royal-organic-red-raw-rice.jpg
1071," FOODGRAINS, OIL & MASALA ", ORGANIC STAPLES , ORGANIC MASALAS & SPICES , BB ROYAL Organic - Jeera Powder / Jeeragam,bb Royal,40091827,https://www.bigbasket.com/pd/40091827/bb-royal-organic-cuminjeera-powder-100-g/,"bb Royal Organic - Jeera Powder / Jeeragam, 100 g",53,Rs 47,11%,100 g,veg,https://www.bigbasket.com/media/uploads/p/mm/40091827_9-bb-royal-organic-cuminjeera-powder.jpg,"Packed with flavour and loaded with health benefits, cumin's culinary history goes back to the age of the pharaohs. Organic spices are handpicked from the finest certified organic farms and are grown without the use of chemical pesticides or fertilizers. With organics, you are guaranteed the purest and most flavourful spices.",40091827,https://www.bigbasket.com/media/uploads/p/l/40091827_9-bb-royal-organic-cuminjeera-powder.jpg
1072," FOODGRAINS, OIL & MASALA ", ORGANIC STAPLES , ORGANIC MASALAS & SPICES , BB ROYAL Organic Cumin/Jeera Powder,bb Royal,40168524,https://www.bigbasket.com/pd/40168524/bb-royal-organic-cuminjeera-powder-200-g/,"bb Royal Organic Cumin/Jeera Powder, 200 g",102,Rs 90,12%,200 g,veg,https://www.bigbasket.com/media/uploads/p/mm/40168524_7-bb-royal-organic-cuminjeera-powder.jpg,"Packed with flavour and loaded with health benefits, cumin's culinary history goes back to the age of the pharaohs. Organic spices are handpicked from the finest certified organic farms and are grown without the use of chemical pesticides or fertilizers. With organics, you are guaranteed the purest and most flavourful spices.",40168524,https://www.bigbasket.com/media/uploads/p/l/40168524_7-bb-royal-organic-cuminjeera-powder.jpg
1080," FOODGRAINS, OIL & MASALA ", ORGANIC STAPLES ," ORGANIC SUGAR, JAGGERY "," BB ROYAL Organic Misri - Whole, Sugar Candy",bb Royal,40168529,https://www.bigbasket.com/pd/40168529/bb-royal-organic-misri-whole-sugar-candy-200-g/,"bb Royal Organic Misri - Whole, Sugar Candy, 200 g",42,Rs 40,5%,200 g,veg,https://www.bigbasket.com/media/uploads/p/mm/40168529_5-bb-royal-organic-misri-whole-sugar-candy.jpg,"Misri Whole is big known for its sweet taste and distinctive features. The product is pure, natural and chemical free with no impurities. It is considered to as medicinal sugar & includes natural honesty of minerals and vitamins therein sugarcane extract which hygienically filled.",40168529,https://www.bigbasket.com/media/uploads/p/l/40168529_5-bb-royal-organic-misri-whole-sugar-candy.jpg
1081," FOODGRAINS, OIL & MASALA ", ORGANIC STAPLES ," ORGANIC SUGAR, JAGGERY ", BB ROYAL Organic - Misri Whole/Sugar Candy / Kalkandu,bb Royal,40092211,https://www.bigbasket.com/pd/40092211/bb-royal-organic-misri-whole-sugar-candy-100-g/,"bb Royal Organic - Misri Whole/Sugar Candy / Kalkandu, 100 g",23,Rs 22,4%,100 g,veg,https://www.bigbasket.com/media/uploads/p/mm/40092211_10-bb-royal-organic-misri-whole-sugar-candy.jpg,"Misri Whole is big known for its sweet taste and distinctive features. The product is pure, natural and chemical free with no impurities. It is considered to as medicinal sugar & includes natural honesty of minerals and vitamins therein sugarcane extract which hygienically filled.",40092211,https://www.bigbasket.com/media/uploads/p/l/40092211_10-bb-royal-organic-misri-whole-sugar-candy.jpg
1082," FOODGRAINS, OIL & MASALA ", ORGANIC STAPLES ," ORGANIC SUGAR, JAGGERY "," BB ROYAL Organic Misri - Whole, Sugar Candy",bb Royal,40176445,https://www.bigbasket.com/pd/40176445/bb-royal-organic-misri-whole-sugar-candy-500-g/,"bb Royal Organic Misri - Whole, Sugar Candy, 500 g",99,Rs 89,10%,500 g,veg,https://www.bigbasket.com/media/uploads/p/mm/40176445_2-bb-royal-organic-misri-whole-sugar-candy.jpg,"Misri Whole is big known for its sweet taste and distinctive features. The product is pure, natural and chemical free with no impurities. It is considered to as medicinal sugar & includes natural honesty of minerals and vitamins therein sugarcane extract which hygienically filled.",40176445,https://www.bigbasket.com/media/uploads/p/l/40176445_2-bb-royal-organic-misri-whole-sugar-candy.jpg
1086," FOODGRAINS, OIL & MASALA ", DALS & PULSES , URAD & OTHER DALS , BB ROYAL Double Beans White/Mochakottai,bb Royal,10000481,https://www.bigbasket.com/pd/10000481/bb-royal-beans-double-white-200-g-pouch/,"bb Royal Double Beans White/Mochakottai, 200 g Pouch",80,Rs 60,25%,200 g,veg,https://www.bigbasket.com/media/uploads/p/mm/10000481_11-bb-royal-beans-double-white.jpg,,10000481,https://www.bigbasket.com/media/uploads/p/l/10000481_11-bb-royal-beans-double-white.jpg
1091," FOODGRAINS, OIL & MASALA ", ORGANIC STAPLES ," ORGANIC EDIBLE OIL, GHEE ", BB ROYAL ORGANIC Organic Cold Pressed Sunflower Cooking Oil,BB Royal Organic,40181478,https://www.bigbasket.com/pd/40181478/bb-royal-organic-organic-cold-pressed-sunflower-cooking-oil-1-l-spout-pack/,"BB Royal Organic Organic Cold Pressed Sunflower Cooking Oil, 1 L Spout Pack",299,Rs 249,17%,1 L,veg,https://www.bigbasket.com/media/uploads/p/mm/40181478_6-bb-royal-organic-organic-cold-pressed-sunflower-cooking-oil.jpg,"BB Royal Organic Sunflower Oil is extracted by pressing certified organic sunflower seeds in expeller under the low-temperature condition known as cold pressing/ expeller pressing and filtered through four-stage filtration without using any refining agent, resulting in healthy and nutritious oil with mild & pleasant flavour. This has appreciable quantities of Vitamin E, low in saturated fats, free from cholesterol and transfat. It is suitable for high-temperature cooking methods such as stir-frying and deep frying. Organic Sunflower oil is high in PUFA that lowers the level of bad cholesterol (LDL) in our body.",8.90426E+12,https://www.bigbasket.com/media/uploads/p/l/40181478_6-bb-royal-organic-organic-cold-pressed-sunflower-cooking-oil.jpg
1092," FOODGRAINS, OIL & MASALA ", ORGANIC STAPLES , ORGANIC MASALAS & SPICES , BB ROYAL Organic - Cinnamon Powder,bb Royal,40135841,https://www.bigbasket.com/pd/40135841/bb-royal-organic-cinnamon-powder-100-g/,"bb Royal Organic - Cinnamon Powder, 100 g",75,Rs 62,17%,100 g,veg,https://www.bigbasket.com/media/uploads/p/mm/40135841_5-bb-royal-organic-cinnamon-powder.jpg,"Cinnamon Powder is a delicious ingredient for both sweet and savoury dishes. Cinnamon powder is added in all kinds of Indian recipes as it provides a distinctive smell and a flavour to the dishes. It is loaded with antioxidants and other goodness. It fights against fungal and bacterial infections. Also, it protects the body from cancer, maintains the blood sugar levels, and cuts the risk of heart disease.",40135841,https://www.bigbasket.com/media/uploads/p/l/40135841_5-bb-royal-organic-cinnamon-powder.jpg
1093," FOODGRAINS, OIL & MASALA ", ORGANIC STAPLES , ORGANIC MASALAS & SPICES , BB ROYAL Organic - Cinnamon Powder,bb Royal,40100963,https://www.bigbasket.com/pd/40100963/bb-royal-organic-cinnamon-powder-50-g/,"bb Royal Organic - Cinnamon Powder, 50 g",38,Rs 34,11%,50 g,veg,https://www.bigbasket.com/media/uploads/p/mm/40100963_8-bb-royal-organic-cinnamon-powder.jpg,"Cinnamon powder can be a powerful and delicious ingredient for both savoury and sweet dishes. The organic spice has amazing medical benefits. The spice is loaded with antioxidants, it can improve sensitivity to insulin and helps in lowering blood sugar levels and so much more! BB Royal’s Organic Cinnamon Powder is premium spice, packed with flavour. You can use cinnamon powder in baking delicacies including cinnamon rolls, cinnamon cookies, as well as add it to a variety of savoury dishes. BB Royal is a premium brand of organic staples by Big Basket. The entire range of products is sourced from the best of farms and produce to ensure high quality standards. - Qualified buyers with years of experience handpick all products under BB Royal after rigorous scrutiny. - All BB Royal products are cleaned and packed in hygienic facilities in high quality food grade packaging. - There is a no questions asked return policy on all BB Royal products in a bid to provide you nothing but the best!",40100963,https://www.bigbasket.com/media/uploads/p/l/40100963_8-bb-royal-organic-cinnamon-powder.jpg
1094," FOODGRAINS, OIL & MASALA ", DRY FRUITS , CASHEWS , BB ROYAL Cashew/Kaju Roasted and Salted/Mundhiri,bb Royal,10000501,https://www.bigbasket.com/pd/10000501/bb-royal-cashewkaju-roasted-salted-100-gm-pouch/,"bb Royal Cashew/Kaju Roasted and Salted/Mundhiri, 100 gm Pouch",150,Rs 149,1,100 gm,veg,https://www.bigbasket.com/media/uploads/p/mm/10000501_6-bb-royal-cashewkaju-roasted-salted.jpg,"Cashew Roasted and Salted are a suitable and delicious snack, either on their own or in a snack blend. They can be strong when you eat them in moderation as part of a balanced diet, and they contain similar nutrition information. It includes an abundance of nutritional benefits, including all three macronutrients, carbohydrates, fat and protein. Click here for unique and delicious recipes - https://www.bigbasket.com/flavors/collections/231/dry-fruits-berries-nuts/",1000050199,https://www.bigbasket.com/media/uploads/p/l/10000501_6-bb-royal-cashewkaju-roasted-salted.jpg
1095," FOODGRAINS, OIL & MASALA ", DRY FRUITS , CASHEWS , BB ROYAL Cashew/Kaju Roasted and Salted/Mundhiri,bb Royal,10000527,https://www.bigbasket.com/pd/10000527/bb-royal-cashewkaju-roasted-salted-200-gm-pouch/,"bb Royal Cashew/Kaju Roasted and Salted/Mundhiri, 200 gm Pouch",300,Rs 285,15,200 gm,veg,https://www.bigbasket.com/media/uploads/p/mm/10000527_6-bb-royal-cashewkaju-roasted-salted.jpg,"Cashew Roasted and Salted is a suitable and tasty snack, either on their own or in a snack mix. They can be strong when you consume them in moderation as part of a balanced diet, and they include similar diet information. It includes an abundance of dietary benefits, including all three carbohydrates, macronutrients, fat and protein. Click here for unique and delicious recipes - https://www.bigbasket.com/flavors/collections/231/dry-fruits-berries-nuts/",1000052799,https://www.bigbasket.com/media/uploads/p/l/10000527_6-bb-royal-cashewkaju-roasted-salted.jpg
1096," FOODGRAINS, OIL & MASALA "," SALT, SUGAR & JAGGERY ", SUGAR & JAGGERY , BB ROYAL Jaggery - Kolhapuri,bb Royal,40071221,https://www.bigbasket.com/pd/40071221/bb-royal-jaggery-kolhapuri-900-g/,"bb Royal Jaggery - Kolhapuri, 900 g",112,Rs 89,21%,900 g,veg,https://www.bigbasket.com/media/uploads/p/mm/40071221_8-bb-royal-jaggery-kolhapuri.jpg,"The benefits of jaggery include its ability to cleanse your body, act as a digestive agent, sweeten your food ina healthy manner, and provide good amounts of minerals.",40071221,https://www.bigbasket.com/media/uploads/p/l/40071221_8-bb-royal-jaggery-kolhapuri.jpg
1097," FOODGRAINS, OIL & MASALA ", MASALAS & SPICES , WHOLE SPICES , BB POPULAR Black Mustard/Rai - Big,bb Popular,40133692,https://www.bigbasket.com/pd/40133692/bb-popular-black-mustardrai-big-100-g/,"bb Popular Black Mustard/Rai - Big, 100 g",20,Rs 13,35%,100 g,veg,https://www.bigbasket.com/media/uploads/p/mm/40133692_6-bb-popular-black-mustardrai-big.jpg,"Black mustard seeds have the strongest flavour, while white mustard seeds, which are essentially yellow in colour, are the mildest and are the ones used to make American yellow mustard. These are indeed extremely rich in phytonutrients, minerals, vitamins and anti-oxidants. They are mainly used for culinary purposes.",40133692,https://www.bigbasket.com/media/uploads/p/l/40133692_6-bb-popular-black-mustardrai-big.jpg
1106," FOODGRAINS, OIL & MASALA ", ORGANIC STAPLES , ORGANIC MASALAS & SPICES , BB ROYAL Organic - Till White,bb Royal,40089603,https://www.bigbasket.com/pd/40089603/bb-royal-organic-till-white-100-g/,"bb Royal Organic - Till White, 100 g",39,Rs 38,3%,100 g,veg,https://www.bigbasket.com/media/uploads/p/mm/40089603_8-bb-royal-organic-till-white.jpg,"Sesame or white til is an important ingredient in South Asian cooking. With BB Royal Organic, you can get yourself organic sesame for the fresh taste of nature. BB Royal Organic is behind various products that are completely natural and organic.",40089603,https://www.bigbasket.com/media/uploads/p/l/40089603_8-bb-royal-organic-till-white.jpg
1107," FOODGRAINS, OIL & MASALA ", ORGANIC STAPLES , ORGANIC MASALAS & SPICES , BB ROYAL Organic - Till White,bb Royal,40098407,https://www.bigbasket.com/pd/40098407/bb-royal-organic-till-white-200-g/,"bb Royal Organic - Till White, 200 g",76,Rs 74,3%,200 g,veg,https://www.bigbasket.com/media/uploads/p/mm/40098407_8-bb-royal-organic-till-white.jpg,"Sesame or white til is an important ingredient in South Asian cooking. With BB Royal Organic, you can get yourself organic sesame for the fresh taste of nature. BB Royal Organic is behind various products that are completely natural and organic.",40098407,https://www.bigbasket.com/media/uploads/p/l/40098407_8-bb-royal-organic-till-white.jpg
1112," FOODGRAINS, OIL & MASALA ", ORGANIC STAPLES , ORGANIC MASALAS & SPICES , BB ROYAL Organic - Cloves / Lavangam/Krambu,bb Royal,40072505,https://www.bigbasket.com/pd/40072505/bb-royal-organic-cloves-50-g/,"bb Royal Organic - Cloves / Lavangam/Krambu, 50 g",99,Rs 82,17%,50 g,veg,https://www.bigbasket.com/media/uploads/p/mm/40072505_12-bb-royal-organic-cloves.jpg,"Cloves are the aromatic flower buds of a tree in the family Myrtaceae, Syzygium aromaticum. They are native to the Maluku Islands in Indonesia, and are commonly used as a spice. Cloves are commercially harvested primarily in Bangladesh, Indonesia, India, Madagascar, Zanzibar, Pakistan, Sri Lanka, and Tanzania.",40072505,https://www.bigbasket.com/media/uploads/p/l/40072505_12-bb-royal-organic-cloves.jpg
1113," FOODGRAINS, OIL & MASALA ", ORGANIC STAPLES , ORGANIC MASALAS & SPICES , BB ROYAL Organic - Cloves,bb Royal,1208916,https://www.bigbasket.com/pd/1208916/bb-royal-organic-cloves-2x50-g/,"bb Royal Organic - Cloves, 2x50 g Multipack",198,Rs 164,17%,2x50 g,,https://www.bigbasket.com/media/uploads/p/mm/1208916_1-bb-royal-organic-cloves.jpg,"Cloves are the aromatic flower buds of a tree in the family Myrtaceae, Syzygium aromaticum. They are native to the Maluku Islands in Indonesia and are commonly used as a spice. Cloves are commercially harvested primarily in Bangladesh, Indonesia, India, Madagascar, Zanzibar, Pakistan, Sri Lanka, and Tanzania.",1208916,https://www.bigbasket.com/media/uploads/p/l/1208916_1-bb-royal-organic-cloves.jpg
1114," FOODGRAINS, OIL & MASALA ", ORGANIC STAPLES , ORGANIC MASALAS & SPICES , BB ROYAL Organic - Cloves,bb Royal,40093900,https://www.bigbasket.com/pd/40093900/bb-royal-organic-cloves-20-g/,"bb Royal Organic - Cloves, 20 g",41,Rs 36,12%,20 g,veg,https://www.bigbasket.com/media/uploads/p/mm/40093900_9-bb-royal-organic-cloves.jpg,"Cloves are the aromatic flower buds of a tree in the family Myrtaceae, Syzygium aromaticum. They are native to the Maluku Islands in Indonesia, and are commonly used as a spice. Cloves are commercially harvested primarily in Bangladesh, Indonesia, India, Madagascar, Zanzibar, Pakistan, Sri Lanka, and Tanzania.",40093900,https://www.bigbasket.com/media/uploads/p/l/40093900_9-bb-royal-organic-cloves.jpg
1115," FOODGRAINS, OIL & MASALA ", ORGANIC STAPLES , ORGANIC DALS & PULSES , BB ROYAL Organic - Rajma Chitra / Rajma,bb Royal,40072456,https://www.bigbasket.com/pd/40072456/bb-royal-organic-rajma-chitra-500-g/,"bb Royal Organic - Rajma Chitra / Rajma, 500 g",110,Rs 83,25%,500 g,veg,https://www.bigbasket.com/media/uploads/p/mm/40072456_7-bb-royal-organic-rajma-chitra.jpg,"BB Royal Organic presents you the best quality Rajma which carries necessary vitamins and nutrients that you require on an everyday level. We offer quality rajma highly well-known for their wonderful taste, elegant look and simple to cook quality. It is free of synthetic chemicals and pesticides.",40072456,https://www.bigbasket.com/media/uploads/p/l/40072456_7-bb-royal-organic-rajma-chitra.jpg
1116," FOODGRAINS, OIL & MASALA ", ORGANIC STAPLES , ORGANIC DALS & PULSES , BB ROYAL Organic - Mixed Dal,bb Royal,40135852,https://www.bigbasket.com/pd/40135852/bb-royal-organic-mixed-dal-1-kg/,"bb Royal Organic - Mixed Dal, 1 kg",200,Rs 142,29%,1 kg,veg,https://www.bigbasket.com/media/uploads/p/mm/40135852_8-bb-royal-organic-mixed-dal.jpg,"This product is a mix of organic dals such as moong dal, toor dal, urad black split, channa dal, and masoor dal. The mixed dal contains a lot of health benefits and it will boost the overall health. It plays a very important role in the vegetarian diet in the Indian cuisine.",40135852,https://www.bigbasket.com/media/uploads/p/l/40135852_8-bb-royal-organic-mixed-dal.jpg
1117," FOODGRAINS, OIL & MASALA ", ORGANIC STAPLES , ORGANIC DALS & PULSES , BB ROYAL Organic - Mixed Dal,bb Royal,40089599,https://www.bigbasket.com/pd/40089599/bb-royal-organic-mixed-dal-500-g/,"bb Royal Organic - Mixed Dal, 500 g",100,Rs 72,28%,500 g,veg,https://www.bigbasket.com/media/uploads/p/mm/40089599_9-bb-royal-organic-mixed-dal.jpg,"Mixed dal or pulses are a wholesome addition to your diet. The organic staple has high fibre content that helps in lowering cholesterol, high protein content, is a rich source of folate, and helps in maintaining gut health. BB Royal’s Organic Mixed Dal is premium staple, packed with combined nutrients of moong dal, toor dal, urad black split, channa dal and masoor dal. You can use mixed dal to make a variety of savoury dishes to be served with rotis, rice or parathas. BB Royal is a premium brand of organic staples by Big Basket. The entire range of products is sourced from the best of farms and produce to ensure high quality standards. - Qualified buyers with years of experience handpick all products under BB Royal after rigorous scrutiny. - All BB Royal products are cleaned and packed in hygienic facilities in high quality food grade packaging. - There is a no questions asked return policy on all BB Royal products in a bid to provide you nothing but the best!",40089599,https://www.bigbasket.com/media/uploads/p/l/40089599_9-bb-royal-organic-mixed-dal.jpg
1118," FOODGRAINS, OIL & MASALA ", RICE & RICE PRODUCTS ," POHA, SABUDANA & MURMURA ", BB ROYAL Wheat Sharbati/Godhumai,bb Royal,30000233,https://www.bigbasket.com/pd/30000233/bb-royal-wheat-sharbati-5-kg-bag/,"bb Royal Wheat Sharbati/Godhumai, 5 kg Bag",300,Rs 236,21%,5 kg,veg,https://www.bigbasket.com/media/uploads/p/mm/30000233_6-bb-royal-wheat-sharbati.jpg,Sharbati Wheat is golden amber coloured grains that are heavy on the palms and hard. This grain is acknowledged for its attributes like extra long grains and rich protein grain. Sharbathi Wheat contains a lot of fibres that make your food easier to digest; still retaining the great taste. Click here for unique and delicious recipes - https://www.bigbasket.com/flavors/collections/230/dals-pulses/,30000233,https://www.bigbasket.com/media/uploads/p/l/30000233_6-bb-royal-wheat-sharbati.jpg
1119," FOODGRAINS, OIL & MASALA ", RICE & RICE PRODUCTS ," POHA, SABUDANA & MURMURA ", BB ROYAL Wheat Sharbati,bb Royal,20000578,https://www.bigbasket.com/pd/20000578/bb-royal-wheat-sharbati-1-kg-pouch/,"bb Royal Wheat Sharbati, 1 kg Pouch",60,Rs 50,17%,1 kg,veg,https://www.bigbasket.com/media/uploads/p/mm/20000578_4-bb-royal-wheat-sharbati.jpg,Sharbati Wheat is golden amber coloured grains that are important on the palms and hard. This grain is recognized for its attributes like more long grains and high protein grain. It has a lot of fibres that make your food easier to absorb; still retaining the great flavour. Click here for unique and delicious recipes - https://www.bigbasket.com/flavors/collections/230/dals-pulses/,20000578,https://www.bigbasket.com/media/uploads/p/l/20000578_4-bb-royal-wheat-sharbati.jpg
1121," FOODGRAINS, OIL & MASALA ", ORGANIC STAPLES , ORGANIC DALS & PULSES , BB ROYAL Organic - Green Moong Dal (Split),bb Royal,40135844,https://www.bigbasket.com/pd/40135844/bb-royal-organic-green-moong-dal-split-1-kg/,"bb Royal Organic - Green Moong Dal (Split), 1 kg",179,Rs 139,22%,1 kg,veg,https://www.bigbasket.com/media/uploads/p/mm/40135844_6-bb-royal-organic-green-moong-dal-split.jpg,"Moong beans are a well-liked food among the vegetarians since it includes a lot of proteins and fibre. It is one of the easiest dals to digest and for this reason, it is frequently given to people recovering from an illness, especially a stomach upset. It contains antioxidants, which are extremely healthy for the good functioning of the human body. It is an excellent balanced diet and could be included in our daily. It is free from synthetic chemicals and pesticides.",40135844,https://www.bigbasket.com/media/uploads/p/l/40135844_6-bb-royal-organic-green-moong-dal-split.jpg
1122," FOODGRAINS, OIL & MASALA ", ORGANIC STAPLES , ORGANIC DALS & PULSES , BB ROYAL Organic - Green Moong Dal (Split),bb Royal,40072501,https://www.bigbasket.com/pd/40072501/bb-royal-organic-green-moong-dal-split-500-g/,"bb Royal Organic - Green Moong Dal (Split), 500 g",91,Rs 75,18%,500 g,veg,https://www.bigbasket.com/media/uploads/p/mm/40072501_17-bb-royal-organic-green-moong-dal-split.jpg,"Moong beans are a well-liked food among vegetarians since it includes a lot of proteins and fiber. It is one of the easiest dals to digest and for this reason it is frequently given to people recovering from an illness, specially a stomach upset. It contains antioxidants which is extremely healthy for the good functioning of the human body. It is an excellent balanced diet and could be included in our daily. It is free from synthetic chemicals and pesticides.",40072501,https://www.bigbasket.com/media/uploads/p/l/40072501_17-bb-royal-organic-green-moong-dal-split.jpg
1125," FOODGRAINS, OIL & MASALA ", DALS & PULSES , URAD & OTHER DALS , BB ROYAL Masoor Dal,bb Royal,40058664,https://www.bigbasket.com/pd/40058664/bb-royal-masoor-dal-200-g/,"bb Royal Masoor Dal, 200 g",37,Rs 24,35%,200 g,veg,https://www.bigbasket.com/media/uploads/p/mm/40058664_8-bb-royal-masoor-dal.jpg,,40058664,https://www.bigbasket.com/media/uploads/p/l/40058664_8-bb-royal-masoor-dal.jpg
1126," FOODGRAINS, OIL & MASALA ", DALS & PULSES , URAD & OTHER DALS , BB ROYAL Masoor Dal/Massor Paruppu/Mysore Paruppu,bb Royal,20000435,https://www.bigbasket.com/pd/20000435/bb-royal-masoor-dal-1-kg-pouch/,"bb Royal Masoor Dal/Massor Paruppu/Mysore Paruppu, 1 kg Pouch",160,Rs 115,28%,1 kg,veg,https://www.bigbasket.com/media/uploads/p/mm/20000435_13-bb-royal-masoor-dal.jpg,"Masoor Dal is one of the most well-known Indian lentils. This dal is with no skin and red in color. This dal is supple and cooks very speedily with a nice, earthy taste It has a dietary fiber, vitamin B1, Folate and minerals all with almost no fat. Click here for unique and delicious recipes - https://www.bigbasket.com/flavors/collections/230/dals-pulses/",2000043599,https://www.bigbasket.com/media/uploads/p/l/20000435_13-bb-royal-masoor-dal.jpg
1127," FOODGRAINS, OIL & MASALA ", DALS & PULSES , URAD & OTHER DALS , BB ROYAL Masoor Dal/Massor Paruppu/Mysore Paruppu,bb Royal,10000439,https://www.bigbasket.com/pd/10000439/bb-royal-masoor-dal-500-g-pouch/,"bb Royal Masoor Dal/Massor Paruppu/Mysore Paruppu, 500 g Pouch",80,Rs 58,28%,500 g,veg,https://www.bigbasket.com/media/uploads/p/mm/10000439_17-bb-royal-masoor-dal.jpg,"bb Royal brings the finest quality of Masoor Dal, one of the most used lentils in the Indian kitchen. The split red lentils are thoroughly cleaned and vacuum packed so that you can directly use it from packet. Click here for unique and delicious recipes - https://www.bigbasket.com/flavors/collections/230/dals-pulses/",1000043999,https://www.bigbasket.com/media/uploads/p/l/10000439_17-bb-royal-masoor-dal.jpg
1133," FOODGRAINS, OIL & MASALA "," SALT, SUGAR & JAGGERY ", SUGAR & JAGGERY , BB ROYAL Misri/Sugar Diamond/Kalkandu,bb Royal,20000570,https://www.bigbasket.com/pd/20000570/bb-royal-misri-sugar-diamond-200-g/,"bb Royal Misri/Sugar Diamond/Kalkandu, 200 g",30,Rs 23,23%,200 g,veg,https://www.bigbasket.com/media/uploads/p/mm/20000570_7-bb-royal-misri-sugar-diamond.jpg,"Misri tables are known for its sweet taste and unique features. The product is natural, pure and chemical free with no impurities. It is considered to as healing sugar and contains natural goodness of vitamins and minerals present in sugarcane extract which hygienically packed.",2000057099,https://www.bigbasket.com/media/uploads/p/l/20000570_7-bb-royal-misri-sugar-diamond.jpg
1134," FOODGRAINS, OIL & MASALA ", MASALAS & SPICES , WHOLE SPICES , BB ROYAL Nutmeg/Jayaphal,bb Royal,40128953,https://www.bigbasket.com/pd/40128953/bb-royal-nutmegjayaphal-50-g/,"bb Royal Nutmeg/Jayaphal, 50 g",100,Rs 79,21%,50 g,veg,https://www.bigbasket.com/media/uploads/p/mm/40128953_1-bb-royal-nutmegjayaphal.jpg,"Nutmeg has a hot & spicy fragrance and a nutty taste that can be used in sweet and savoury cooking. The tough brown seed from the nutmeg tree also has hints of hot, spicy & sweet flavours. Nutmeg has been used as a remedy for various ailments and to improve the overall health in general.",40128953,https://www.bigbasket.com/media/uploads/p/l/40128953_1-bb-royal-nutmegjayaphal.jpg
1135," FOODGRAINS, OIL & MASALA ", MASALAS & SPICES , WHOLE SPICES , BB ROYAL Nutmeg/Jayaphal/Jathikai,bb Royal,40000621,https://www.bigbasket.com/pd/40000621/bb-royal-nutmegjayaphal-20-g/,"bb Royal Nutmeg/Jayaphal/Jathikai, 20 g",40,Rs 33,18%,20 g,veg,https://www.bigbasket.com/media/uploads/p/mm/40000621_3-bb-royal-nutmegjayaphal.jpg,"Nutmeg has a hot, spicy fragrance and taste and can be used in sweet and savory cooking. The tough brown seed from the nutmeg tree has a hot, spicy sweet taste. Nutmeg has been used as a remedy for various ailments or to improve health in general.",40000621,https://www.bigbasket.com/media/uploads/p/l/40000621_3-bb-royal-nutmegjayaphal.jpg
1141," FOODGRAINS, OIL & MASALA ", DRY FRUITS , OTHER DRY FRUITS , BB ROYAL Extra Premium - Walnut/Akhrot - Inshell/Akhrot/Nattuakrot Kottai,bb Royal,10000536,https://www.bigbasket.com/pd/10000536/bb-royal-walnutakhrot-inshell-200-g/,"bb Royal Extra Premium - Walnut/Akhrot - Inshell/Akhrot/Nattuakrot Kottai, 200 g",250,Rs 194,22%,200 g,veg,https://www.bigbasket.com/media/uploads/p/mm/10000536_4-bb-royal-walnutakhrot-inshell.jpg,"This walnut is a large, light-coloured nut, fun to crack and delicious right from the shell. Click here for unique and delicious recipes - https://www.bigbasket.com/flavors/collections/231/dry-fruits-berries-nuts/",1000053699,https://www.bigbasket.com/media/uploads/p/l/10000536_4-bb-royal-walnutakhrot-inshell.jpg
1142," FOODGRAINS, OIL & MASALA ", DRY FRUITS , OTHER DRY FRUITS , BB ROYAL Walnut/Akhrot - Inshell,bb Royal,40077273,https://www.bigbasket.com/pd/40077273/bb-royal-walnutakhrot-inshell-500-g/,"bb Royal Walnut/Akhrot - Inshell, 500 g",625,Rs 480,23%,500 g,veg,https://www.bigbasket.com/media/uploads/p/mm/40077273_1-bb-royal-walnutakhrot-inshell.jpg,"Walnuts in the shell keep reasonably well for at least nine months after harvesting. They keep much improved than walnut kernels (flesh) that have not been vacuum packed. The seed is a shrunken shell enclosing the edible kernel which is covered by a thin bitter tasting sheath. Walnuts, in general, have a bitter nutty taste. Click here for unique and delicious recipes - https://www.bigbasket.com/flavors/collections/231/dry-fruits-berries-nuts/",40077273,https://www.bigbasket.com/media/uploads/p/l/40077273_1-bb-royal-walnutakhrot-inshell.jpg
1145," FOODGRAINS, OIL & MASALA ", MASALAS & SPICES , WHOLE SPICES , BB POPULAR Mustard - Small,bb Popular,40133689,https://www.bigbasket.com/pd/40133689/bb-popular-mustard-small-50-g/,"bb Popular Mustard - Small, 50 g",10,Rs 8,20%,50 g,veg,https://www.bigbasket.com/media/uploads/p/mm/40133689_6-bb-popular-mustard-small.jpg,,40133689,https://www.bigbasket.com/media/uploads/p/l/40133689_6-bb-popular-mustard-small.jpg
1146," FOODGRAINS, OIL & MASALA ", DRY FRUITS , RAISINS , BB ROYAL Abjosh/Abjosh,bb Royal,10000514,https://www.bigbasket.com/pd/10000514/bb-royal-abjoshmunakka-100-g-pouch/,"bb Royal Abjosh/Abjosh, 100 g Pouch",100,Rs 99,1,100 g,veg,https://www.bigbasket.com/media/uploads/p/mm/10000514_5-bb-royal-abjoshmunakka.jpg,"Abjosh is generally a different colour from the natural green raisins. It is utilised mostly in cookery and toppings. Dry fruits have considerable quantities of vital nutrients in a normal proportion. They are a first-rate supply of minerals, enzymes and vitamins. They are simple to digest and clean the blood and the digestive part. Persons who have this ordinary diet will always get pleasure from good health. Click here for unique and delicious recipes - https://www.bigbasket.com/flavors/collections/231/dry-fruits-berries-nuts/",1000051499,https://www.bigbasket.com/media/uploads/p/l/10000514_5-bb-royal-abjoshmunakka.jpg
1147," FOODGRAINS, OIL & MASALA ", DRY FRUITS , RAISINS , BB ROYAL Abjosh/Abjosh,bb Royal,10000540,https://www.bigbasket.com/pd/10000540/bb-royal-abjoshmunakka-200-g-pouch/,"bb Royal Abjosh/Abjosh, 200 g Pouch",200,Rs 190,10,200 g,veg,https://www.bigbasket.com/media/uploads/p/mm/10000540_5-bb-royal-abjoshmunakka.jpg,"Abjosh is dried grapes which have a wrinkly appearance to them. They are sweet and are much loved by the young and old alike. Abjosh is usually a different colour from the usual green raisins. They are an excellent source of minerals, vitamins and enzymes. They are easy to digest and clean the blood and the digestive area. Click here for unique and delicious recipes - https://www.bigbasket.com/flavors/collections/231/dry-fruits-berries-nuts/",1000054099,https://www.bigbasket.com/media/uploads/p/l/10000540_5-bb-royal-abjoshmunakka.jpg
1154," FOODGRAINS, OIL & MASALA ", MASALAS & SPICES , WHOLE SPICES , BB ROYAL Shahjeera,bb Royal,40056532,https://www.bigbasket.com/pd/40056532/bb-royal-shahjeera-100-g/,"bb Royal Shahjeera, 100 g",150,Rs 101,33%,100 g,,https://www.bigbasket.com/media/uploads/p/mm/40056532_4-bb-royal-shahjeera.jpg,"Shahjeera or Siya jeera is widely used for flavoring bread, biscuits, cakes and cheese. Other than a great spice. Shahjeeara is the black assortment of cumin seeds. The fruits, frequently used whole, have a pungent, anise-like flavor and smell that comes from important oils, frequently carvone and limonene. Caraway is also utilized in liquors, desserts, curry, casseroles and other foods. They have enjoyable odor, fragrant flavor, somewhat sharp flavor and leave a somewhat hot feeling in the mouth.",40056532,https://www.bigbasket.com/media/uploads/p/l/40056532_4-bb-royal-shahjeera.jpg
1155," FOODGRAINS, OIL & MASALA ", MASALAS & SPICES , WHOLE SPICES , BB ROYAL Shahjeera,bb Royal,20000453,https://www.bigbasket.com/pd/20000453/bb-royal-shahjeera-20-g/,"bb Royal Shahjeera, 20 g",30,Rs 22,27%,20 g,veg,https://www.bigbasket.com/media/uploads/p/mm/20000453_4-bb-royal-shahjeera.jpg,"Shahjeeara (Caraway Seeds) is the black assortment of cumin seeds. The fruits, frequently used whole, have a pungent, anise-like flavour and smell that comes from important oils, frequently carvone and limonene. Caraway is also utilized in liquors, desserts, curry, casseroles and other foods. They have enjoyable odour, fragrant flavour, somewhat sharp flavour and leave a somewhat hot feeling in the mouth.",8.90417E+12,https://www.bigbasket.com/media/uploads/p/l/20000453_4-bb-royal-shahjeera.jpg
1156," FOODGRAINS, OIL & MASALA ", MASALAS & SPICES , WHOLE SPICES , BB ROYAL Shahjeera,bb Royal,20000454,https://www.bigbasket.com/pd/20000454/bb-royal-shahjeera-50-g/,"bb Royal Shahjeera, 50 g",75,Rs 53,29%,50 g,veg,https://www.bigbasket.com/media/uploads/p/mm/20000454_4-bb-royal-shahjeera.jpg,"Shahjeera, as the name says, is also identified as royal cumin due to its robust cumin smell and taste. Down to Earth BB Royal Shahjeera has a strong flavour and an interesting, extravagant aroma mostly used for biryani or as a seasoning. It can be used for flavouring biscuits, pickling spice, pieces of bread etc. and is also a superb cure for digestive problems.",2000045499,https://www.bigbasket.com/media/uploads/p/l/20000454_4-bb-royal-shahjeera.jpg
1162," FOODGRAINS, OIL & MASALA ", DRY FRUITS , CASHEWS , BB ROYAL Masala Cashew/Kaju - Black Pepper,bb Royal,10000528,https://www.bigbasket.com/pd/10000528/bb-royal-masala-cashewkaju-black-pepper-200-g-pouch/,"bb Royal Masala Cashew/Kaju - Black Pepper, 200 g Pouch",300,Rs 291,9,200 g,veg,https://www.bigbasket.com/media/uploads/p/mm/10000528_4-bb-royal-masala-cashewkaju-black-pepper.jpg,"BB Royal is our in house premium brand of the finest staples sourced right from the best farms and production centres in order to get you good quality at competitive prices. Every product is carefully selected by experienced and technically competent merchandisers, cleaned and packed at our hygienic facilities in food grade plastic and sold to you at the most competitive prices in the market. Masala cashews are flavoured cashews that have been roasted and coated with spicy pepper masala, making them a tasty snack. Click here for unique and delicious recipes - https://www.bigbasket.com/flavors/collections/231/dry-fruits-berries-nuts/",10000528,https://www.bigbasket.com/media/uploads/p/l/10000528_4-bb-royal-masala-cashewkaju-black-pepper.jpg
1163," FOODGRAINS, OIL & MASALA ", DRY FRUITS , CASHEWS , BB ROYAL Masala Cashew/Kaju Black Pepper/Masala Mundiri,bb Royal,10000502,https://www.bigbasket.com/pd/10000502/bb-royal-masala-cashewkaju-black-pepper-100-g-pouch/,"bb Royal Masala Cashew/Kaju Black Pepper/Masala Mundiri, 100 g Pouch",150,Rs 146,4,100 g,veg,https://www.bigbasket.com/media/uploads/p/mm/10000502_5-bb-royal-masala-cashewkaju-black-pepper.jpg,"Masala Cashews are a quick nutritious snack; this particular variety is perfectly coated in black pepper. It is a tasty Indian snack roasted to perfection with the goodness of spices such as dry mango powder (amchur), Black pepper etc. Cashews are an outstanding supply of fibre & protein. Cashews are a fine supply of minerals like sodium, potassium, calcium. Click here for unique and delicious recipes - https://www.bigbasket.com/flavors/collections/231/dry-fruits-berries-nuts/",1000050299,https://www.bigbasket.com/media/uploads/p/l/10000502_5-bb-royal-masala-cashewkaju-black-pepper.jpg
1164," FOODGRAINS, OIL & MASALA ", ORGANIC STAPLES , ORGANIC MASALAS & SPICES , BB ROYAL Organic Garlic Powder - Dehydrated,bb Royal,40179088,https://www.bigbasket.com/pd/40179088/bb-royal-organic-garlic-powder-dehydrated-50-g/,"bb Royal Organic Garlic Powder - Dehydrated, 50 g",29,Rs 27,7%,50 g,veg,https://www.bigbasket.com/media/uploads/p/mm/40179088_3-bb-royal-organic-garlic-powder-dehydrated.jpg,Garlic Powder is derived from dehydrated garlic. It is used for flavour enhancement. Addition of Garlic to food helps improve immunity and fight common cold and cough. Garlic has been used in eastern medicine and traditional Indian recipes. It is a common spice that has been loved through the generations. BBRoyal dehydrated garlic powder is a superior quality of garlic powder that can be used to add flavour and taste to food. It can be used in a variety of foods and has medicinal value. It can be used for seasoning and dressing and also used in the marination.,40179088,https://www.bigbasket.com/media/uploads/p/l/40179088_3-bb-royal-organic-garlic-powder-dehydrated.jpg
1165," FOODGRAINS, OIL & MASALA ", ORGANIC STAPLES , ORGANIC MASALAS & SPICES , BB ROYAL Organic Garlic Powder - Dehydrated,bb Royal,40179087,https://www.bigbasket.com/pd/40179087/bb-royal-organic-garlic-powder-dehydrated-20-g/,"bb Royal Organic Garlic Powder - Dehydrated, 20 g",12,Rs 11,8%,20 g,veg,https://www.bigbasket.com/media/uploads/p/mm/40179087_4-bb-royal-organic-garlic-powder-dehydrated.jpg,Garlic Powder is derived from dehydrated garlic. It is used for flavour enhancement. Addition of Garlic to food helps improve immunity and fight common cold and cough. Garlic has been used in eastern medicine and traditional Indian recipes. It is a common spice that has been loved through the generations. BBRoyal dehydrated garlic powder is a superior quality of garlic powder that can be used to add flavour and taste to food. It can be used in a variety of foods and has medicinal value. It can be used for seasoning and dressing and also used in the marination.,40179087,https://www.bigbasket.com/media/uploads/p/l/40179087_4-bb-royal-organic-garlic-powder-dehydrated.jpg
1169," FOODGRAINS, OIL & MASALA ", RICE & RICE PRODUCTS , RAW RICE , BB ROYAL Broken Rice,bb Royal,30000214,https://www.bigbasket.com/pd/30000214/bb-royal-broken-rice-1-kg-pouch/,"bb Royal Broken Rice, 1 kg Pouch",50,Rs 44,12%,1 kg,veg,https://www.bigbasket.com/media/uploads/p/mm/30000214_5-bb-royal-broken-rice.jpg,,20000690001,https://www.bigbasket.com/media/uploads/p/l/30000214_5-bb-royal-broken-rice.jpg
1170," FOODGRAINS, OIL & MASALA ", DALS & PULSES , URAD & OTHER DALS , BB ROYAL Moth Whole/Matki,bb Royal,30010371,https://www.bigbasket.com/pd/30010371/bb-royal-moth-wholematki-500-g-pouch/,"bb Royal Moth Whole/Matki, 500 g Pouch",85,Rs 80,6%,500 g,veg,https://www.bigbasket.com/media/uploads/p/mm/30010371_3-bb-royal-moth-wholematki.jpg,Click here for unique and delicious recipes - https://www.bigbasket.com/flavors/collections/230/dals-pulses/,30010371,https://www.bigbasket.com/media/uploads/p/l/30010371_3-bb-royal-moth-wholematki.jpg
1171," FOODGRAINS, OIL & MASALA ", DALS & PULSES , URAD & OTHER DALS , BB ROYAL Mot Dal/Matki/Moth Beans,bb Royal,10000484,https://www.bigbasket.com/pd/10000484/bb-royal-matkimoth-whole-200-g-pouch/,"bb Royal Mot Dal/Matki/Moth Beans, 200 g Pouch",37,Rs 33,11%,200 g,veg,https://www.bigbasket.com/media/uploads/p/mm/10000484_8-bb-royal-matkimoth-whole.jpg,"Whole Mataki or Mot dal is a small, brown-colored, oblong-shaped bean, which is especially familiar in Indian cuisine. These have a superior attention of vitamins, proteins, minerals and enzymes. Sprouts are simply digestible. It also has dietary fiber, Folate, all with virtually no fat. They are a fine supply of potassium and iron. Click here for unique and delicious recipes - https://www.bigbasket.com/flavors/collections/230/dals-pulses/",1000048499,https://www.bigbasket.com/media/uploads/p/l/10000484_8-bb-royal-matkimoth-whole.jpg
1173," FOODGRAINS, OIL & MASALA ", RICE & RICE PRODUCTS ," POHA, SABUDANA & MURMURA ", BB ROYAL Salted Puffed Rice/Murmure,bb Royal,40018897,https://www.bigbasket.com/pd/40018897/bb-royal-salted-puffed-ricemurmure-500-g-pouch/,"bb Royal Salted Puffed Rice/Murmure, 500 g Pouch",75,Rs 71,5%,500 g,veg,https://www.bigbasket.com/media/uploads/p/mm/40018897_2-bb-royal-salted-puffed-ricemurmure.jpg,"BB Royal is our in house premium brand of the finest staples sourced right from the best farms and produce centers in order to get you good quality at competitive prices. Every product is carefully selected by experienced and technically competent merchandisers, cleaned and packed at our hygienic facilities in food grade plastic and sold to you at the most competitive prices in the market. Click here for unique and delicious recipes - https://www.bigbasket.com/flavors/collections/233/rice-rice-products/",8.90417E+12,https://www.bigbasket.com/media/uploads/p/l/40018897_2-bb-royal-salted-puffed-ricemurmure.jpg
1174," FOODGRAINS, OIL & MASALA ", RICE & RICE PRODUCTS ," POHA, SABUDANA & MURMURA ", BB ROYAL Salted Puffed Rice/Murmure,bb Royal,30000212,https://www.bigbasket.com/pd/30000212/bb-royal-salted-puffed-ricemurmure-200-g-pouch/,"bb Royal Salted Puffed Rice/Murmure, 200 g Pouch",30,Rs 29,3%,200 g,,https://www.bigbasket.com/media/uploads/p/mm/30000212_5-bb-royal-salted-puffed-ricemurmure.jpg,"Puffed Rice is a cereal generally made by heating rice kernels under high pressure in the presence of steam, to form puffed grains. It is prepared from the best quality organic rice. It is completely healthy and unadulterated. When puffed rice is eaten along with fiber wealthy sprouts, it manages blood glucose fluctuations to a huge extent. It is also used in making crunchy chikki balls which are a hit amongst kids. Click here for unique and delicious recipes - https://www.bigbasket.com/flavors/collections/233/rice-rice-products/",20000580001,https://www.bigbasket.com/media/uploads/p/l/30000212_5-bb-royal-salted-puffed-ricemurmure.jpg
1177," FOODGRAINS, OIL & MASALA ", ORGANIC STAPLES , ORGANIC MASALAS & SPICES , BB ROYAL Organic - Bay Leaf / Punnai Ilai,bb Royal,40083065,https://www.bigbasket.com/pd/40083065/bb-royal-organic-bay-leaftej-patta-50-g/,"bb Royal Organic - Bay Leaf / Punnai Ilai, 50 g",24,Rs 22,8%,50 g,veg,https://www.bigbasket.com/media/uploads/p/mm/40083065_8-bb-royal-organic-bay-leaftej-patta.jpg,"Organic Bay leaf leaves are strong and contain a sharp, bitter taste. Their flavour and aroma are somewhat similar to the cinnamon bark but slightly milder. Clean or dried bay leaves are utilised in cooking for their distinctive taste and fragrance. The flavour is strengthened with the length of cooking time.",40083065,https://www.bigbasket.com/media/uploads/p/l/40083065_8-bb-royal-organic-bay-leaftej-patta.jpg
1178," FOODGRAINS, OIL & MASALA ", ORGANIC STAPLES , ORGANIC MASALAS & SPICES , BB ROYAL Organic Bay leaf/Tej Patta,bb Royal,40114162,https://www.bigbasket.com/pd/40114162/bb-royal-organic-bay-leaftej-patta-20-g/,"bb Royal Organic Bay leaf/Tej Patta, 20 g",11,Rs 9.90,10%,20 g,veg,https://www.bigbasket.com/media/uploads/p/mm/40114162_4-bb-royal-organic-bay-leaftej-patta.jpg,"Organic Bay leaf leaves are strong and contain a sharp, bitter taste. Their flavour and aroma are somewhat similar to the cinnamon bark but slightly milder. Clean or dried bay leaves are utilised in cooking for their distinctive taste and fragrance. The flavour is strengthened with the length of cooking time.",40114162,https://www.bigbasket.com/media/uploads/p/l/40114162_4-bb-royal-organic-bay-leaftej-patta.jpg
1179," FOODGRAINS, OIL & MASALA ", ORGANIC STAPLES , ORGANIC MASALAS & SPICES , BB ROYAL Organic Bay Leaf/Tej Patta,bb Royal,40176441,https://www.bigbasket.com/pd/40176441/bb-royal-organic-bay-leaftej-patta-100-g/,"bb Royal Organic Bay Leaf/Tej Patta, 100 g",45,Rs 40,11%,100 g,veg,https://www.bigbasket.com/media/uploads/p/mm/40176441_4-bb-royal-organic-bay-leaftej-patta.jpg,"Organic Bay leaf leaves are strong and contain a sharp, bitter taste. Their flavour and aroma are somewhat similar to the cinnamon bark but slightly milder. Clean or dried bay leaves are utilised in cooking for their distinctive taste and fragrance. The flavour is strengthened with the length of cooking time.",40176441,https://www.bigbasket.com/media/uploads/p/l/40176441_4-bb-royal-organic-bay-leaftej-patta.jpg
1180," FOODGRAINS, OIL & MASALA ", MASALAS & SPICES , WHOLE SPICES , BB ROYAL Badam Pisin/Almond Gum/Picina,bb Royal,30000287,https://www.bigbasket.com/pd/30000287/bb-royal-gaundalmond-gumbadam-pisin-50-g/,"bb Royal Badam Pisin/Almond Gum/Picina, 50 g",30,Rs 29,3%,50 g,veg,https://www.bigbasket.com/media/uploads/p/mm/30000287_8-bb-royal-gaundalmond-gumbadam-pisin.jpg,"Gums and resins exude from tree trunks of specific trees and collected in gum and sticky form. Gum can be simply dissolved or dispersed in the water for giving a thickening and gelling effect but do not dissolve in alcohol or ether. All these Natural Glee Gums are widely utilised for industrial use only as thickening agents, gelling agents, emulsifiers and the stabilisers. It is soluble in dietary fibre and high in organic ingredients & nutrients. It is edible, pure and hygienically processed. Its powder is utilised all over the world for its medicinal properties.",3000028799,https://www.bigbasket.com/media/uploads/p/l/30000287_8-bb-royal-gaundalmond-gumbadam-pisin.jpg
1193," FOODGRAINS, OIL & MASALA ", DRY FRUITS , OTHER DRY FRUITS , BB ROYAL Seeds - Sunflower,bb Royal,40112396,https://www.bigbasket.com/pd/40112396/bb-royal-seeds-sunflower-200-g/,"bb Royal Seeds - Sunflower, 200 g",100,Rs 99,1,200 g,veg,https://www.bigbasket.com/media/uploads/p/mm/40112396_2-bb-royal-seeds-sunflower.jpg,"Sunflower seeds are anti-inflammatory and they help in cancer prevention. It maintains good bone and nerve health, improves cholesterol level, promotes healthy detoxification, and supports skin health. Sunflower seeds are also beneficial for cardiovascular diseases. Click here for unique and delicious recipes - https://www.bigbasket.com/flavors/collections/231/dry-fruits-berries-nuts/",40112396,https://www.bigbasket.com/media/uploads/p/l/40112396_2-bb-royal-seeds-sunflower.jpg
1199," FOODGRAINS, OIL & MASALA ", RICE & RICE PRODUCTS , RAW RICE , BB POPULAR New Rice - Sona Masoori,bb Popular,40128963,https://www.bigbasket.com/pd/40128963/bb-popular-new-rice-sona-masoori-1-kg/,"bb Popular New Rice - Sona Masoori, 1 kg",55,Rs 53,4%,1 kg,veg,https://www.bigbasket.com/media/uploads/p/mm/40128963_2-bb-popular-new-rice-sona-masoori.jpg,,40128963,https://www.bigbasket.com/media/uploads/p/l/40128963_2-bb-popular-new-rice-sona-masoori.jpg
1200," FOODGRAINS, OIL & MASALA ", MASALAS & SPICES , WHOLE SPICES , BB ROYAL Mustard/Rai - Yellow,bb Royal,40026600,https://www.bigbasket.com/pd/40026600/bb-royal-mustardrai-yellow-200-g/,"bb Royal Mustard/Rai - Yellow, 200 g",50,Rs 36,28%,200 g,veg,https://www.bigbasket.com/media/uploads/p/mm/40026600_4-bb-royal-mustardrai-yellow.jpg,Mustard seeds are an extremely popular ingredient in all cuisine. They're known to contain various benefits since they're low in calories and high in nutritional value and contain a lot of antibacterial and antiseptic qualities.,40026600,https://www.bigbasket.com/media/uploads/p/l/40026600_4-bb-royal-mustardrai-yellow.jpg
1201," FOODGRAINS, OIL & MASALA ", MASALAS & SPICES , WHOLE SPICES , BB ROYAL Mustard/Rye Yellow/Kaduku,bb Royal,40001278,https://www.bigbasket.com/pd/40001278/bb-royal-mustardrai-yellow-100-g/,"bb Royal Mustard/Rye Yellow/Kaduku, 100 g",25,Rs 19,24%,100 g,veg,https://www.bigbasket.com/media/uploads/p/mm/40001278_5-bb-royal-mustardrai-yellow.jpg,Mustard seeds are extremely popular ingredient in all cuisine. They're known to contain various benefits since they're low in calories and high in nutritional value and contain a lot of antibacterial and antiseptic qualities.,40001278,https://www.bigbasket.com/media/uploads/p/l/40001278_5-bb-royal-mustardrai-yellow.jpg
1203," FOODGRAINS, OIL & MASALA ", DRY FRUITS , OTHER DRY FRUITS , BB ROYAL Watermelon/Tarbuj Seeds,bb Royal,40053894,https://www.bigbasket.com/pd/40053894/bb-royal-watermelontarbuj-seeds-100-g/,"bb Royal Watermelon/Tarbuj Seeds, 100 g",60,Rs 42,30%,100 g,veg,https://www.bigbasket.com/media/uploads/p/mm/40053894_1-bb-royal-watermelontarbuj-seeds.jpg,"Watermelon seeds are filled with nutrients as well as fatty acids, vital proteins and lots of minerals. Approximately 100 gram of watermelon seeds has 600 calories the same as having 10 loaves of bread.  Fat content in 100 gram of watermelon seeds is around 80% of the daily dietary requirement of fats. Watermelon seeds contain lycopene which is superior for your face and also assists in improving male fertility. These seeds are superb sources of multivitamin B and can change some of the supplements. Vitamin B therein watermelon seeds include folate, niacin, riboflavin, thiamine, vitamin B6 and pantothenic acid.",40053894,https://www.bigbasket.com/media/uploads/p/l/40053894_1-bb-royal-watermelontarbuj-seeds.jpg
1207," FOODGRAINS, OIL & MASALA ", MASALAS & SPICES , WHOLE SPICES ," BB ROYAL Marathi Moggu/Ilavu, Puulaa, Mullilavu",bb Royal,40000219,https://www.bigbasket.com/pd/40000219/bb-royal-marathi-moggu-50-g/,"bb Royal Marathi Moggu/Ilavu, Puulaa, Mullilavu, 50 g",80,Rs 72,10%,50 g,veg,https://www.bigbasket.com/media/uploads/p/mm/40000219_2-bb-royal-marathi-moggu.jpg,Marathi Moggu is a spice utilized in some of Karnataka and Andhra cherished dishes. It is brownish in color and appears somewhat like a larger version of a clove. Marathi Moggu is almost always fried in oil before using to release its full taste. Its taste is most similar to that of a combination of mustard and black pepper. It has a sharp piquant flavor and also adds pungency. It contains peculiar aroma and saltiness to comestibles.,40000219,https://www.bigbasket.com/media/uploads/p/l/40000219_2-bb-royal-marathi-moggu.jpg
1221," FOODGRAINS, OIL & MASALA ", DRY FRUITS , OTHER DRY FRUITS , BB ROYAL Dates - Red,bb Royal,40076869,https://www.bigbasket.com/pd/40076869/bb-royal-dates-red-500-g/,"bb Royal Dates - Red, 500 g",250,Rs 186,26%,500 g,veg,https://www.bigbasket.com/media/uploads/p/mm/40076869_1-bb-royal-dates-red.jpg,"Dates add Sugar,fats,protiens and numerous essential vitamins to your diet and can be consumed by all individuals. Dates, when accomanied with the paste of cucumber,help in the weight gain process. Click here for unique and delicious recipes - https://www.bigbasket.com/flavors/collections/231/dry-fruits-berries-nuts/",40076869,https://www.bigbasket.com/media/uploads/p/l/40076869_1-bb-royal-dates-red.jpg
1225," FOODGRAINS, OIL & MASALA ", ORGANIC STAPLES ," ORGANIC EDIBLE OIL, GHEE ", BB ROYAL ORGANIC Organic Cold Pressed Sesame Cooking Oil,BB Royal Organic,40181477,https://www.bigbasket.com/pd/40181477/bb-royal-organic-organic-cold-pressed-sesame-cooking-oil-1-l-spout-pack/,"BB Royal Organic Organic Cold Pressed Sesame Cooking Oil, 1 L Spout Pack",429,Rs 364.65,15%,1 L,veg,https://www.bigbasket.com/media/uploads/p/mm/40181477_6-bb-royal-organic-organic-cold-pressed-sesame-cooking-oil.jpg,"Sesame Oil is also known as Til oil or Gingelly oil. It is extracted from certified organic sesame seeds by pressing in expeller under the low-temperature condition known as cold pressing/ expeller pressing and filtered through four-stage filtration without using any refining agent, resulting in healthy and nutritious oil with mild and pleasant flavour. Sesame oil is also known as the queen of oils with its healing anti-fungal, antiviral, healing and medicinal properties. It is a concentrated source of energy, is very digestible, provides essential fatty acids and is a good source of Vitamin E and polyunsaturated fatty acids (MUFA), which help to regulate blood cholesterol.",8.90426E+12,https://www.bigbasket.com/media/uploads/p/l/40181477_6-bb-royal-organic-organic-cold-pressed-sesame-cooking-oil.jpg
1227," FOODGRAINS, OIL & MASALA ", MASALAS & SPICES , WHOLE SPICES , BB ROYAL Stone Flower,bb Royal,40075202,https://www.bigbasket.com/pd/40075202/bb-royal-stone-flower-100-g/,"bb Royal Stone Flower, 100 g",180,Rs 154,14%,100 g,veg,https://www.bigbasket.com/media/uploads/p/mm/40075202_1-bb-royal-stone-flower.jpg,"Stone flowers are very popular in Indian delicacies and snacks. It has a strong earthy aroma and a very dry, light fluffy texture and feels to it. The spice gives the signature black colour to the masala.",40075202,https://www.bigbasket.com/media/uploads/p/l/40075202_1-bb-royal-stone-flower.jpg
1228," FOODGRAINS, OIL & MASALA ", MASALAS & SPICES , WHOLE SPICES , BB ROYAL Stone Flower,bb Royal,40075203,https://www.bigbasket.com/pd/40075203/bb-royal-stone-flower-50-g/,"bb Royal Stone Flower, 50 g",90,Rs 81,10%,50 g,veg,https://www.bigbasket.com/media/uploads/p/mm/40075203_1-bb-royal-stone-flower.jpg,"Stone flowers are very popular in Indian delicacies and snacks. It has a strong earthy aroma and a very dry, light fluffy texture and feels to it. The spice gives the signature black colour to the masala.",40075203,https://www.bigbasket.com/media/uploads/p/l/40075203_1-bb-royal-stone-flower.jpg
1231," FOODGRAINS, OIL & MASALA ", ORGANIC STAPLES , ORGANIC MASALAS & SPICES , BB ROYAL Organic - Fennel /Saunf Powder,bb Royal,40100965,https://www.bigbasket.com/pd/40100965/bb-royal-organic-fennel-saunf-powder-50-g/,"bb Royal Organic - Fennel /Saunf Powder, 50 g",25,Rs 24,4%,50 g,veg,https://www.bigbasket.com/media/uploads/p/mm/40100965_9-bb-royal-organic-fennel-saunf-powder.jpg,Organic Saunf is hygienically processed fragrant spice which is also known as one of the key ingredients of Chinese 5 spice powder. This is quite frequently used in many Indian recipes.,40100965,https://www.bigbasket.com/media/uploads/p/l/40100965_9-bb-royal-organic-fennel-saunf-powder.jpg
1232," FOODGRAINS, OIL & MASALA ", DALS & PULSES , URAD & OTHER DALS , BB POPULAR Rajma Red Desi,bb Popular,40085070,https://www.bigbasket.com/pd/40085070/bb-popular-rajma-red-desi-500-g/,"bb Popular Rajma Red Desi, 500 g",70,,,500 g,,https://www.bigbasket.com/media/uploads/p/mm/40085070_3-bb-popular-rajma-red-desi.jpg,"Red rajma is better than the normal rajma with especially soft texture and more delicate flavor. These are low in fat & cholesterol, rich in protein and antioxidants. It is a very superior supplier of cholesterol-lowering fiber, folate, dietary fiber and manganese. Click here for unique and delicious recipes - https://www.bigbasket.com/flavors/collections/230/dals-pulses/",40085070,https://www.bigbasket.com/media/uploads/p/l/40085070_3-bb-popular-rajma-red-desi.jpg
1234," FOODGRAINS, OIL & MASALA ", RICE & RICE PRODUCTS ," POHA, SABUDANA & MURMURA ", BB ROYAL Poha/Avalakki/Aval/Chivda - Thin,bb Royal,10000429,https://www.bigbasket.com/pd/10000429/bb-royal-pohaavalakkiavalchivda-thin-500-g-pouch/,"bb Royal Poha/Avalakki/Aval/Chivda - Thin, 500 g Pouch",40,Rs 36,10%,500 g,veg,https://www.bigbasket.com/media/uploads/p/mm/10000429_17-bb-royal-pohaavalakkiavalchivda-thin.jpg,"Poha is a cereal made with flattened, de-husked rice, generally eaten for breakfast or brunch. Thin Poha/ Chivda grains are oval-shaped & bigger in size as it’s beaten more. It is highly nutritious enriched with Vitamins A & C, calcium, carbohydrates. Thin poha/Chivda is preferred in making a variety of snacks, namkeen mixture and sweet delicacies like Kheer. It’s easy to digest, soft to chew and takes little time in cooking. It gives good energy as it contains low saturated fat which does not affect your cholesterol levels. It is a healthy snack because it is lactose, cholesterol, sodium and fat-free. Your Favourite Poha/Avalakki/Aval/Chivda now comes with Bb Royal's trust, sourced from the finest farm, prepared in hygienic and qualitative packaging to ensure safe transits. https://www.bigbasket.com/flavors/collections/233/rice-rice-products/",10000429,https://www.bigbasket.com/media/uploads/p/l/10000429_17-bb-royal-pohaavalakkiavalchivda-thin.jpg
1236," FOODGRAINS, OIL & MASALA ", ORGANIC STAPLES , ORGANIC DALS & PULSES , BB ROYAL Organic - Horse Gram/Kulthi,bb Royal,40134030,https://www.bigbasket.com/pd/40134030/bb-royal-organic-horse-gramkulthi-500-g/,"bb Royal Organic - Horse Gram/Kulthi, 500 g",80,Rs 59,26%,500 g,veg,https://www.bigbasket.com/media/uploads/p/mm/40134030_7-bb-royal-organic-horse-gramkulthi.jpg,"Organic horse gram is a variety of bean generally used in many south Indian dishes. It is a reddish oval-shaped, brown coloured, flattened and glossy skinned lentil. The edible seeds are very nutritious and are used for multiple cooking purposes.",40134030,https://www.bigbasket.com/media/uploads/p/l/40134030_7-bb-royal-organic-horse-gramkulthi.jpg
1239," FOODGRAINS, OIL & MASALA ", MASALAS & SPICES , WHOLE SPICES , BB ROYAL Black Salt/Kala Namak Whole/Induppu,bb Royal,40000208,https://www.bigbasket.com/pd/40000208/bb-royal-black-saltkala-namak-100-g/,"bb Royal Black Salt/Kala Namak Whole/Induppu, 100 g",20,Rs 15,25%,100 g,,https://www.bigbasket.com/media/uploads/p/mm/40000208_4-bb-royal-black-saltkala-namak.jpg,Black Salt is an individual category of Indian mineral salt. It is really pinkish grey rather than black and has a very typical sulfurous mineral flavor. It has been utilized for centuries in Indian cuisine as food preparation and finishing salt.,8.90417E+12,https://www.bigbasket.com/media/uploads/p/l/40000208_4-bb-royal-black-saltkala-namak.jpg
1240," FOODGRAINS, OIL & MASALA ", MASALAS & SPICES , WHOLE SPICES , BB ROYAL Black Salt/Kala Namak Whole/Induppu,bb Royal,20000483,https://www.bigbasket.com/pd/20000483/bb-royal-black-saltkala-namak-whole-50-g/,"bb Royal Black Salt/Kala Namak Whole/Induppu, 50 g",10,Rs 8,20%,50 g,veg,https://www.bigbasket.com/media/uploads/p/mm/20000483_3-bb-royal-black-saltkala-namak-whole.jpg,Black Whole Salt are chunks of pinkish grey salt. It is a salt rich in minerals and has a smoky slightly tangy flavour. It is a black mineral salt that has a unique sulfurous taste. The high percentage of sodium chloride gives the salt its distinctive colour and smell. Black salt boasts many health properties. It does not increase the sodium levels in the body.,2000048399,https://www.bigbasket.com/media/uploads/p/l/20000483_3-bb-royal-black-saltkala-namak-whole.jpg
1242," FOODGRAINS, OIL & MASALA ", DALS & PULSES , URAD & OTHER DALS , BB POPULAR Masoor Dal,bb Popular,40044730,https://www.bigbasket.com/pd/40044730/bb-popular-masoor-dal-2-kg-pouch/,"bb Popular Masoor Dal, 2 kg Pouch",300,Rs 210,30%,2 kg,,https://www.bigbasket.com/media/uploads/p/mm/40044730_5-bb-popular-masoor-dal.jpg,"Masoor dal Red helps you lose weight. It helps in cleansing your skin by removing impurities. The high amounts of fiber in the red lentils help in lowering cholesterol while the potassium helps in lowering high blood pressure. Red lentils have low glycemic index, which makes them an ideal food for people with diabetes. It boosts the immune power. Click here for unique and delicious recipes - https://www.bigbasket.com/flavors/collections/230/dals-pulses/",40044730,https://www.bigbasket.com/media/uploads/p/l/40044730_5-bb-popular-masoor-dal.jpg
1243," FOODGRAINS, OIL & MASALA ", DALS & PULSES , URAD & OTHER DALS , BB POPULAR Masoor Dal,bb Popular,30010365,https://www.bigbasket.com/pd/30010365/bb-popular-masoor-dal-1-kg-pouch/,"bb Popular Masoor Dal, 1 kg Pouch",150,Rs 110,27%,1 kg,veg,https://www.bigbasket.com/media/uploads/p/mm/30010365_9-bb-popular-masoor-dal.jpg,"Packed with protein, our Masoor Dal is extremely light to eat and easy to digest. Processed with natural goodness, it is naturally healthy with superior quality grains. It does not undergo any artificial polishing and retains its goodness and protein content. A highly nutritious pulse found in almost all Indian kitchens, Masoor Dal is used to make delicious tadka dal, soups and khichdi. Enjoy a healthy and energetic life by eating a wholesome meal with the goodness of this orange dal. One of India's favourite dals, Masoor Dal is also an important source of protein, dietary fiber and minerals. It’s delicious aroma, earthly taste and quick cooking nature is a delight to eat with both chapati and rice. Savour the goodness of protein without any artificial polishing.",30010365,https://www.bigbasket.com/media/uploads/p/l/30010365_9-bb-popular-masoor-dal.jpg
1244," FOODGRAINS, OIL & MASALA ", DALS & PULSES , URAD & OTHER DALS , BB POPULAR Masoor Dal,bb Popular,30010366,https://www.bigbasket.com/pd/30010366/bb-popular-masoor-dal-500-g-pouch/,"bb Popular Masoor Dal, 500 g Pouch",75,Rs 52.53,30%,500 g,veg,https://www.bigbasket.com/media/uploads/p/mm/30010366_9-bb-popular-masoor-dal.jpg,Click here for unique and delicious recipes - https://www.bigbasket.com/flavors/collections/230/dals-pulses/,30010366,https://www.bigbasket.com/media/uploads/p/l/30010366_9-bb-popular-masoor-dal.jpg
1249," FOODGRAINS, OIL & MASALA ", RICE & RICE PRODUCTS , RAW RICE , BB ROYAL Varagu/Kodo Millet,bb Royal,40191734,https://www.bigbasket.com/pd/40191734/bb-royal-varagukodo-millet-500-g-pouch/,"bb Royal Varagu/Kodo Millet, 500 g Pouch",80,Rs 49,39%,500 g,veg,https://www.bigbasket.com/media/uploads/p/mm/40191734_1-bb-royal-varagukodo-millet.jpg,"Kodo millet is a monocot and an annual grass that grows to heights of approximately four feet, Kodo millet has a high antioxidant content, Being very rich in dietary fibre and protein. It is low in fat, high in fibre. So, Kodo millet is ideal for controlling blood sugar.",__ EAN__,https://www.bigbasket.com/media/uploads/p/l/40191734_1-bb-royal-varagukodo-millet.jpg
1252," FOODGRAINS, OIL & MASALA ", ORGANIC STAPLES , ORGANIC DRY FRUITS , BB ROYAL Organic Sunflower Seeds,bb Royal,40168546,https://www.bigbasket.com/pd/40168546/bb-royal-organic-sunflower-seeds-100-g/,"bb Royal Organic Sunflower Seeds, 100 g",66,Rs 55,17%,100 g,veg,https://www.bigbasket.com/media/uploads/p/mm/40168546_4-bb-royal-organic-sunflower-seeds.jpg,"Sunflower seeds are high in energy and contain many essential nutrients They are an excellent source of vitamin E, magnesium and selenium. They are rich in mono-unsaturated fats and proteins and also contain phytosterols which help in lowering cholesterol in the body.",40168546,https://www.bigbasket.com/media/uploads/p/l/40168546_4-bb-royal-organic-sunflower-seeds.jpg
1253," FOODGRAINS, OIL & MASALA ", ORGANIC STAPLES , ORGANIC DRY FRUITS , BB ROYAL Organic Sunflower Seeds,bb Royal,40168547,https://www.bigbasket.com/pd/40168547/bb-royal-organic-sunflower-seeds-200-g/,"bb Royal Organic Sunflower Seeds, 200 g",130,Rs 103,21%,200 g,veg,https://www.bigbasket.com/media/uploads/p/mm/40168547_6-bb-royal-organic-sunflower-seeds.jpg,"Sunflower seeds are high in energy and contain many essential nutrients They are an excellent source of vitamin E, magnesium and selenium. They are rich in mono-unsaturated fats and proteins and also contain phytosterols which help in lowering cholesterol in the body.",40168547,https://www.bigbasket.com/media/uploads/p/l/40168547_6-bb-royal-organic-sunflower-seeds.jpg
1265," FOODGRAINS, OIL & MASALA ", DRY FRUITS , OTHER DRY FRUITS ," BB ROYAL Dry Dates - Chuwara, Kharik",bb Royal,40018889,https://www.bigbasket.com/pd/40018889/bb-royal-dry-dates-chuwara-kharik-500-g-pouch/,"bb Royal Dry Dates - Chuwara, Kharik, 500 g Pouch",400,Rs 234,42%,500 g,veg,https://www.bigbasket.com/media/uploads/p/mm/40018889_3-bb-royal-dry-dates-chuwara-kharik.jpg,"Dry dates or chuwara are also known as khajur which has long been consumed for their medicinal properties.  BB Royal Dates are procured from reliable farms, cleaned, dried and packed with care so that the taste and health values of this fruit are preserved. It is known to do wonders for people suffering from constipation and can cure alcoholic intoxication as well. Click here for unique and delicious recipes - https://www.bigbasket.com/flavors/collections/231/dry-fruits-berries-nuts/",40018889,https://www.bigbasket.com/media/uploads/p/l/40018889_3-bb-royal-dry-dates-chuwara-kharik.jpg
1266," FOODGRAINS, OIL & MASALA ", ORGANIC STAPLES , ORGANIC DALS & PULSES , BB ROYAL Organic Tur/Toor Dal - Unpolished,bb Royal,40180370,https://www.bigbasket.com/pd/40180370/bb-royal-organic-turtoor-dal-unpolished-1-kg/,"bb Royal Organic Tur/Toor Dal - Unpolished, 1 kg",225,Rs 160,29%,1 kg,,https://www.bigbasket.com/media/uploads/p/mm/40180370_3-bb-royal-organic-turtoor-dal-unpolished.jpg,"Tur Dal is one of the staple foods to add its importance in Indian cuisines. Tur dal is basically rich in fibre, carbohydrates, protein, calcium, and fat. The flavour and the taste of Tur dal are unique and are one of the most appetising dals. It is free of synthetic chemicals and pesticides.",40180370,https://www.bigbasket.com/media/uploads/p/l/40180370_3-bb-royal-organic-turtoor-dal-unpolished.jpg
1270," FOODGRAINS, OIL & MASALA ", ORGANIC STAPLES , ORGANIC MASALAS & SPICES , BB ROYAL Organic - Black Cardamom Ealachi (Whole),bb Royal,40100957,https://www.bigbasket.com/pd/40100957/bb-royal-organic-black-cardamom-ealachi-whole-20-g/,"bb Royal Organic - Black Cardamom Ealachi (Whole), 20 g",47,Rs 46,2%,20 g,veg,https://www.bigbasket.com/media/uploads/p/mm/40100957_4-bb-royal-organic-black-cardamom-ealachi-whole.jpg,Black Cardamom Whole by BB Royal Organic is organically cultivated for purity and come filled with brightness and health.,40100957,https://www.bigbasket.com/media/uploads/p/l/40100957_4-bb-royal-organic-black-cardamom-ealachi-whole.jpg
1271," FOODGRAINS, OIL & MASALA ", ORGANIC STAPLES , ORGANIC MASALAS & SPICES , BB ROYAL Organic - Black Cardamom Elaichi (Whole),bb Royal,40184719,https://www.bigbasket.com/pd/40184719/bb-royal-organic-black-cardamom-elaichi-whole-50-g/,"bb Royal Organic - Black Cardamom Elaichi (Whole), 50 g",101,Rs 99,2,50 g,veg,https://www.bigbasket.com/media/uploads/p/mm/40184719_2-bb-royal-organic-black-cardamom-elaichi-whole.jpg,Black Cardamom Whole by BB Royal Organic is organically cultivated for purity and come filled with brightness and health.,40184719,https://www.bigbasket.com/media/uploads/p/l/40184719_2-bb-royal-organic-black-cardamom-elaichi-whole.jpg
1286," FOODGRAINS, OIL & MASALA ", ORGANIC STAPLES ," ORGANIC RICE, OTHER RICE ", BB ROYAL Organic - Rice HMT Kolam,bb Royal,40176640,https://www.bigbasket.com/pd/40176640/bb-royal-organic-rice-hmt-kolam-5-kg/,"bb Royal Organic - Rice HMT Kolam, 5 kg",499,Rs 379,24%,5 kg,veg,https://www.bigbasket.com/media/uploads/p/mm/40176640_4-bb-royal-organic-rice-hmt-kolam.jpg,Organic kolam rice is good for a healthy and hearty life. The non-sticky soft-textured kolam rice from the house of bb royal has an amazing flavour and a delicious taste.,40176640,https://www.bigbasket.com/media/uploads/p/l/40176640_4-bb-royal-organic-rice-hmt-kolam.jpg
1289," FOODGRAINS, OIL & MASALA ", RICE & RICE PRODUCTS , RAW RICE , BB ROYAL Rice Surti Kolam,bb Royal,30000229,https://www.bigbasket.com/pd/30000229/bb-royal-rice-surti-kolam-1-kg-bag/,"bb Royal Rice Surti Kolam, 1 kg (12 - 17 Months Old)",90,Rs 80,11%,1 kg,veg,https://www.bigbasket.com/media/uploads/p/mm/30000229_8-bb-royal-rice-surti-kolam.jpg,,20000840001,https://www.bigbasket.com/media/uploads/p/l/30000229_8-bb-royal-rice-surti-kolam.jpg
1290," FOODGRAINS, OIL & MASALA ", RICE & RICE PRODUCTS , RAW RICE , BB ROYAL Rice Surti Kolam,bb Royal,30000230,https://www.bigbasket.com/pd/30000230/bb-royal-rice-surti-kolam-10-kg-bag/,"bb Royal Rice Surti Kolam, 10 kg (12 - 17 Months Old)",900,Rs 753,16%,10 kg,veg,https://www.bigbasket.com/media/uploads/p/mm/30000230_8-bb-royal-rice-surti-kolam.jpg,,20000830001,https://www.bigbasket.com/media/uploads/p/l/30000230_8-bb-royal-rice-surti-kolam.jpg
1291," FOODGRAINS, OIL & MASALA ", RICE & RICE PRODUCTS , RAW RICE , BB ROYAL Rice Surti Kolam,bb Royal,30000231,https://www.bigbasket.com/pd/30000231/bb-royal-rice-surti-kolam-5-kg-bag/,"bb Royal Rice Surti Kolam, 5 kg (12 - 17 Months Old)",450,Rs 388,14%,5 kg,veg,https://www.bigbasket.com/media/uploads/p/mm/30000231_10-bb-royal-rice-surti-kolam.jpg,,20000850001,https://www.bigbasket.com/media/uploads/p/l/30000231_10-bb-royal-rice-surti-kolam.jpg
1292," FOODGRAINS, OIL & MASALA ", ORGANIC STAPLES , ORGANIC DALS & PULSES , BB ROYAL Organic - Soyabean Whole,bb Royal,40100575,https://www.bigbasket.com/pd/40100575/bb-royal-organic-soyabean-whole-500-g/,"bb Royal Organic - Soyabean Whole, 500 g",65,Rs 55,15%,500 g,veg,https://www.bigbasket.com/media/uploads/p/mm/40100575_6-bb-royal-organic-soyabean-whole.jpg,Organic Soya Beans contains 40 percent protein. It has the highest protein content amongst plant products. soya is often used to replace the animal proteins in an individuals diet. Soybean is the only vegetable food that contains all eight essential amino acids. It is a good source of enriched Calcium and Vitamin B12.,40100575,https://www.bigbasket.com/media/uploads/p/l/40100575_6-bb-royal-organic-soyabean-whole.jpg
1303," FOODGRAINS, OIL & MASALA ", ORGANIC STAPLES ," ORGANIC SUGAR, JAGGERY ", BB ROYAL Powder - Natural Rocksalt / Uppu,bb Royal,40082788,https://www.bigbasket.com/pd/40082788/bb-royal-powder-natural-rocksalt-500-g/,"bb Royal Powder - Natural Rocksalt / Uppu, 500 g",50,Rs 39,22%,500 g,veg,https://www.bigbasket.com/media/uploads/p/mm/40082788_3-bb-royal-powder-natural-rocksalt.jpg,"Rock salt / saindhava lavana or rock salt is considered best among all salts, it is the advised for daily use as per ayurveda, its qualities, usage and health benefits are quite different from regular salt, let us find out, sanskrit synonyms",40082788,https://www.bigbasket.com/media/uploads/p/l/40082788_3-bb-royal-powder-natural-rocksalt.jpg
1304," FOODGRAINS, OIL & MASALA ", ORGANIC STAPLES ," ORGANIC SUGAR, JAGGERY ", BB ROYAL Powder - Natural Rocksalt,bb Royal,1205381,https://www.bigbasket.com/pd/1205381/bb-royal-powder-natural-rocksalt-2x500-g/,"bb Royal Powder - Natural Rocksalt, 2x500 g Multipack",100,Rs 78,22%,2x500 g,,https://www.bigbasket.com/media/uploads/p/mm/1205381_1-bb-royal-powder-natural-rocksalt.jpg,"Rock salt / saindhava lavana or rock salt is considered best among all salts, it is the advised for daily use as per ayurveda, its qualities, usage and health benefits are quite different from regular salt, let us find out, sanskrit synonyms",1205381,https://www.bigbasket.com/media/uploads/p/l/1205381_1-bb-royal-powder-natural-rocksalt.jpg
1305," FOODGRAINS, OIL & MASALA ", ORGANIC STAPLES , ORGANIC FLOURS , BB ROYAL Organic Bajra Atta,bb Royal,40168530,https://www.bigbasket.com/pd/40168530/bb-royal-organic-bajra-atta-500-g/,"bb Royal Organic Bajra Atta, 500 g",45,Rs 39,13%,500 g,veg,https://www.bigbasket.com/media/uploads/p/mm/40168530_3-bb-royal-organic-bajra-atta.jpg,Bajra flour or millet flour is made from a small round grain resembling mustard seed. It has a slightly nutty flavour. The millet is small-seeded species of cereal crops.,40168530,https://www.bigbasket.com/media/uploads/p/l/40168530_3-bb-royal-organic-bajra-atta.jpg
1309," FOODGRAINS, OIL & MASALA ", MASALAS & SPICES , WHOLE SPICES , BB ROYAL Fennel/Saunf Sugar Coated,bb Royal,40061794,https://www.bigbasket.com/pd/40061794/bb-royal-fennelsaunf-sugar-coated-100-g/,"bb Royal Fennel/Saunf Sugar Coated, 100 g",30,,,100 g,,https://www.bigbasket.com/media/uploads/p/mm/40061794_2-bb-royal-fennelsaunf-sugar-coated.jpg,"Saunf is a cooling and sweet-smelling herb that is utilised in different cooking preparations as well. It has a perfumed smell and taste. It is a greenish-brown, small oval seed from a plant in the parsley family. It is eaten for its carminative and digestive properties and is generally served at the end of a meal as a mouth freshener. ",40061794,https://www.bigbasket.com/media/uploads/p/l/40061794_2-bb-royal-fennelsaunf-sugar-coated.jpg
1311," FOODGRAINS, OIL & MASALA ", DRY FRUITS , OTHER DRY FRUITS , BB ROYAL Dry Apricots/Khumani/Khumani,bb Royal,10000535,https://www.bigbasket.com/pd/10000535/bb-royal-apricotskhumani-200-g-pouch/,"bb Royal Dry Apricots/Khumani/Khumani, 200 g Pouch",200,Rs 185,15,200 g,veg,https://www.bigbasket.com/media/uploads/p/mm/10000535_5-bb-royal-apricotskhumani.jpg,"Apricots are small, smooth golden orange skinned, soft juicy fleshed fruits. They possess a sweet flavour with a mild acridity. They are an excellent source of potassium, iron, magnesium and carotenoids. They also contain considerable amounts of dietary fibre and antioxidants. Click here for unique and delicious recipes - https://www.bigbasket.com/flavors/collections/231/dry-fruits-berries-nuts/",1405356,https://www.bigbasket.com/media/uploads/p/l/10000535_5-bb-royal-apricotskhumani.jpg
1315," FOODGRAINS, OIL & MASALA ", ORGANIC STAPLES ," ORGANIC EDIBLE OIL, GHEE ", BB ROYAL ORGANIC Organic Cold Pressed Groundnut Cooking Oil,BB Royal Organic,40181476,https://www.bigbasket.com/pd/40181476/bb-royal-organic-organic-cold-pressed-groundnut-cooking-oil-1-l-spout-pack/,"BB Royal Organic Organic Cold Pressed Groundnut Cooking Oil, 1 L Spout Pack",399,Rs 299,25%,1 L,veg,https://www.bigbasket.com/media/uploads/p/mm/40181476_6-bb-royal-organic-organic-cold-pressed-groundnut-cooking-oil.jpg,"BB Royal Organic Groundnut Oil is extracted by pressing certified organic groundnuts seeds in expeller under the low-temperature condition known as cold pressing/ expeller pressing and filtered through four-stage filtration without using any refining agent, resulting in healthy and nutritious oil. This pleasant nutty aroma, sweet-flavoured taste groundnut oil is low in saturated fats, free from cholesterol and trans fat, contains essential fatty acid (linoleic acid-omega-6) making it as one of the healthiest cooking oil. It is one of the cooking oil with a high smoking point of 450 °F making this oil suitable for high-temperature cooking methods such as stir-frying and deep-frying. Groundnut oil is high in MUFA that lowers the level of bad cholesterol (LDL) in our body without lowering the level of good cholesterol (HDL).",8.90426E+12,https://www.bigbasket.com/media/uploads/p/l/40181476_6-bb-royal-organic-organic-cold-pressed-groundnut-cooking-oil.jpg
1318," FOODGRAINS, OIL & MASALA ", ORGANIC STAPLES , ORGANIC DALS & PULSES , BB ROYAL Organic - Green Peas / Pattani,bb Royal,40077485,https://www.bigbasket.com/pd/40077485/bb-royal-organic-green-peas-500-g/,"bb Royal Organic - Green Peas / Pattani, 500 g",199,Rs 197,2,500 g,veg,https://www.bigbasket.com/media/uploads/p/mm/40077485_4-bb-royal-organic-green-peas.jpg,"Organic Green peas are pale green coloured, rounded, mildly sweet tasting, mature legumes that have most of their moisture removed. They are low in calories and contain negligible amounts of sodium, fat and cholesterol. Vitamins A, C, K and B6 are present in plenty and which are free from harmful pesticides and chemicals.",40077485,https://www.bigbasket.com/media/uploads/p/l/40077485_4-bb-royal-organic-green-peas.jpg
1320," FOODGRAINS, OIL & MASALA ", ORGANIC STAPLES , ORGANIC MASALAS & SPICES , BB ROYAL Organic - Amla Powder,bb Royal,40094688,https://www.bigbasket.com/pd/40094688/bb-royal-organic-amla-powder-100-g/,"bb Royal Organic - Amla Powder, 100 g",49,Rs 39,20%,100 g,veg,https://www.bigbasket.com/media/uploads/p/mm/40094688_5-bb-royal-organic-amla-powder.jpg,"Pave the way to a healthy lifestyle with bb Royal Organic Amla Powder which boosts your immunity. It has eight times more Vitamin C than an orange, twice the antioxidant power of Acai Berry, and around 17 times that of a Pomegranate. Amla is translucent green fruit, which derives its name from the Sanskrit word ‘Amlaki’ meaning 'nectar of life'. It is also known as the Indian gooseberry and its popular for its anti-oxidant and healing properties. Apart from a myriad of health and beauty benefits from healing jaundice to hydrating skin, it supports healthy eyesight, helps in relieving inflammation of stomach and colon, cleanses the intestine and thus, it truly deserves the status of a superfood. Amla powder is also used in various ayurvedic medicines and Doctors of Ayurveda claims it also helps in eliminating the underlying cause of many diseases. Bigbasket has a wide range of GMO-Free organic staples. These staples do not contain synthetic pesticides. Go organic! Live healthy!",40094688,https://www.bigbasket.com/media/uploads/p/l/40094688_5-bb-royal-organic-amla-powder.jpg
1321," FOODGRAINS, OIL & MASALA ", ORGANIC STAPLES , ORGANIC MASALAS & SPICES , BB ROYAL Organic - Amla Powder,bb Royal,1205378,https://www.bigbasket.com/pd/1205378/bb-royal-organic-amla-powder-2x100-g/,"bb Royal Organic - Amla Powder, 2x100 g Multipack",98,Rs 78,20%,2x100 g,,https://www.bigbasket.com/media/uploads/p/mm/1205378_1-bb-royal-organic-amla-powder.jpg,"Amla(Indian Gooseberry) is considered to one of the strongent rejuvenation & anti-oxidant herb. It is rice herbal source of Vitamin V & Iron. It helps in increasing red blood cells & rebulidingas well as maintaining new tissues. It supports healthy eyesight, helps in relieving inflammation of stomach and colon, Cleanse the intestine",1205378,https://www.bigbasket.com/media/uploads/p/l/1205378_1-bb-royal-organic-amla-powder.jpg
1322," FOODGRAINS, OIL & MASALA ", ORGANIC STAPLES ," ORGANIC RICE, OTHER RICE ", BB ROYAL Organic - Barley / Vaarkothumai,bb Royal,40077432,https://www.bigbasket.com/pd/40077432/bb-royal-organic-barley-200-g/,"bb Royal Organic - Barley / Vaarkothumai, 200 g",25,Rs 23,8%,200 g,veg,https://www.bigbasket.com/media/uploads/p/mm/40077432_6-bb-royal-organic-barley.jpg,"Barley is a wonderfully versatile cereal grain with a rich nutlike flavour and a tempting chewy, pasta-like reliability. It is obviously high in maltose, a sugar that provides as the basis for both malt syrup sweeteners.  When fermented, barley is used as a part of the beer and other alcoholic drinks. It is a very superior source of molybdenum, selenium, manganese and dietary fibre, and delivers copper, chromium, vitamin B1, magnesium, phosphorus and niacin. It helps you lose weight because of essential amino acids. It helps stabilise blood pressure and reduces symptoms of arthritis. It helps to prevent Osteoporosis and it is rich in phosphorus, calcium, and Vitamin C which are great for healthy bones and teeth.",40077432,https://www.bigbasket.com/media/uploads/p/l/40077432_6-bb-royal-organic-barley.jpg
1323," FOODGRAINS, OIL & MASALA ", ORGANIC STAPLES ," ORGANIC RICE, OTHER RICE ", BB ROYAL Organic Barley,bb Royal,40125917,https://www.bigbasket.com/pd/40125917/bb-royal-organic-barley-500-g/,"bb Royal Organic Barley, 500 g",60,Rs 51,15%,500 g,veg,https://www.bigbasket.com/media/uploads/p/mm/40125917_6-bb-royal-organic-barley.jpg,"Barley is a wonderful, versatile cereal grain with a rich nutlike flavour and a tempting chewy, pasta-like reliability. It is high in maltose, a sugar that provides as the basis for both malt syrup and sweeteners. When fermented, barley is used as a part of the beer and other alcoholic drinks. It is a very superior source of molybdenum, selenium, manganese and dietary fibre, and also a good source of copper, chromium, vitamin B1, magnesium, phosphorus and niacin.",40125917,https://www.bigbasket.com/media/uploads/p/l/40125917_6-bb-royal-organic-barley.jpg
1324," FOODGRAINS, OIL & MASALA ", MASALAS & SPICES , WHOLE SPICES , BB POPULAR Cassia - Split,bb Popular,40133703,https://www.bigbasket.com/pd/40133703/bb-popular-cassia-split-50-g/,"bb Popular Cassia - Split, 50 g",40,Rs 30,25%,50 g,veg,https://www.bigbasket.com/media/uploads/p/mm/40133703_3-bb-popular-cassia-split.jpg,"Cassia is an aromatic spice which appears from the inner bark of a tropical tree. When dried, it twists into quills that are utilised to add a humid, distinctive flavour and fragrance to sweet dishes such as poached fruit. It contains a stronger fragrance than whole sticks.",40133703,https://www.bigbasket.com/media/uploads/p/l/40133703_3-bb-popular-cassia-split.jpg
1325," FOODGRAINS, OIL & MASALA ", DRY FRUITS , CASHEWS , BB ROYAL Masala Cashew/Kaju Red Chilli/Mundhiri,bb Royal,10000503,https://www.bigbasket.com/pd/10000503/bb-royal-masala-cashewkaju-red-chilli-100-g-pouch/,"bb Royal Masala Cashew/Kaju Red Chilli/Mundhiri, 100 g Pouch",150,Rs 149,1,100 g,veg,https://www.bigbasket.com/media/uploads/p/mm/10000503_5-bb-royal-masala-cashewkaju-red-chilli.jpg,"Red Chilly Cashew is only for the brave and yet a beloved, these cashews are covered with the red chilly pepper powder. It has some amounts of vitamin C and provitamin A. They are extremely high in potassium and high in magnesium and iron. Red chilli cashews make tasty snacks and are generally used in curries, chutneys, salads and chat. Click here for unique and delicious recipes - https://www.bigbasket.com/flavors/collections/231/dry-fruits-berries-nuts/",1000050399,https://www.bigbasket.com/media/uploads/p/l/10000503_5-bb-royal-masala-cashewkaju-red-chilli.jpg
1331," FOODGRAINS, OIL & MASALA ", ORGANIC STAPLES , ORGANIC FLOURS , BB ROYAL Organic - Red Rice Flour,bb Royal,40106316,https://www.bigbasket.com/pd/40106316/bb-royal-organic-red-rice-flour-500-g/,"bb Royal Organic - Red Rice Flour, 500 g",39,Rs 38,3%,500 g,veg,https://www.bigbasket.com/media/uploads/p/mm/40106316_6-bb-royal-organic-red-rice-flour.jpg,"Red rice flour is the milled product from premium quality red raw rice, and is a wholesome addition to your diet. The organic staple contains antioxidants, is a rich source of Vitamin B6, is rich is fibre, and helps in keeping high cholesterol, blood sugar levels, obesity, asthma, risk of heart disease in check. BB Royal’s Organic Red Rice Flour is premium staple, packed with nutrients. You can use red rice flour to make a variety of dishes including bread, cakes, fresh pasta and so on. BB Royal is a premium brand of organic staples by Big Basket. The entire range of products is sourced from the best of farms and produce to ensure high quality standards. - Qualified buyers with years of experience handpick all products under BB Royal after rigorous scrutiny. - All BB Royal products are cleaned and packed in hygienic facilities in high quality food grade packaging. - There is a no questions asked return policy on all BB Royal products in a bid to provide you nothing but the best!",40106316,https://www.bigbasket.com/media/uploads/p/l/40106316_6-bb-royal-organic-red-rice-flour.jpg
1335," FOODGRAINS, OIL & MASALA ", ORGANIC STAPLES , ORGANIC FLOURS , BB ROYAL Organic - Maize flour/Makka Atta,bb Royal,40135848,https://www.bigbasket.com/pd/40135848/bb-royal-organic-maize-flourmakka-atta-1-kg/,"bb Royal Organic - Maize flour/Makka Atta, 1 kg",89,Rs 65,27%,1 kg,veg,https://www.bigbasket.com/media/uploads/p/mm/40135848_3-bb-royal-organic-maize-flourmakka-atta.jpg,"Maize flour is derived from the ground and desiccated seed of the maize plant. It is the second most produced and consumed flour after wheat flour. It is a good source of anti-oxidants, vitamins and minerals. Also, it promotes eye health, prevents anaemia, increase your energy, facilitates weight gain, and maintains your overall health.",40135848,https://www.bigbasket.com/media/uploads/p/l/40135848_3-bb-royal-organic-maize-flourmakka-atta.jpg
1336," FOODGRAINS, OIL & MASALA ", ORGANIC STAPLES , ORGANIC FLOURS , BB ROYAL Organic - Maize flour/Makka Atta,bb Royal,40091826,https://www.bigbasket.com/pd/40091826/bb-royal-organic-maize-flourmakka-atta-500-g/,"bb Royal Organic - Maize flour/Makka Atta, 500 g",46,Rs 35,24%,500 g,veg,https://www.bigbasket.com/media/uploads/p/mm/40091826_5-bb-royal-organic-maize-flourmakka-atta.jpg,"Maize flour is derived from the ground and desiccated seed of the maize plant, and is a wholesome addition to your diet. The organic staple is the second most produced and consumed after wheat flour. It is naturally rich in dietary fibre, Vitamin B, Omega 6 unsaturated fat, magnesium and vegetable proteins. BB Royal’s Organic Maize Flour/ Makka Atta is premium staple, packed with nutrients. You can use maize flour to make a variety of confectionaries, as a binding agent for puddings and fritters, or as a thickener for soups and gravies. BB Royal is a premium brand of organic staples by Big Basket. The entire range of products is sourced from the best of farms and produce to ensure high quality standards. - Qualified buyers with years of experience handpick all products under BB Royal after rigorous scrutiny. - All BB Royal products are cleaned and packed in hygienic facilities in high quality food grade packaging. - There is a no questions asked return policy on all BB Royal products in a bid to provide you nothing but the best!",40091826,https://www.bigbasket.com/media/uploads/p/l/40091826_5-bb-royal-organic-maize-flourmakka-atta.jpg
1337," FOODGRAINS, OIL & MASALA ", ORGANIC STAPLES , ORGANIC DRY FRUITS , BB ROYAL Organic Watermelon Seeds,bb Royal,40168552,https://www.bigbasket.com/pd/40168552/bb-royal-organic-watermelon-seeds-200-g/,"bb Royal Organic Watermelon Seeds, 200 g",99,Rs 80,19%,200 g,veg,https://www.bigbasket.com/media/uploads/p/mm/40168552_5-bb-royal-organic-watermelon-seeds.jpg,"A healthy snack on the go, these are seeds found in the watermelon fruit and offer great benefits, low in calories and high in nutrients. The black seeds are sprouted, dried and the shell removed and hence more beneficial than the raw black seed found in the fruit. Watermelon seeds are rich in numerous micronutrients and are even more special because of their protein and vitamin B content.",40168552,https://www.bigbasket.com/media/uploads/p/l/40168552_5-bb-royal-organic-watermelon-seeds.jpg
1338," FOODGRAINS, OIL & MASALA ", ORGANIC STAPLES , ORGANIC DRY FRUITS , BB ROYAL Organic Watermelon Seeds,bb Royal,40168551,https://www.bigbasket.com/pd/40168551/bb-royal-organic-watermelon-seeds-100-g/,"bb Royal Organic Watermelon Seeds, 100 g",50,Rs 47,6%,100 g,veg,https://www.bigbasket.com/media/uploads/p/mm/40168551_4-bb-royal-organic-watermelon-seeds.jpg,"A healthy snack on the go, these are seeds found in the watermelon fruit and offer great benefits, low in calories and high in nutrients. The black seeds are sprouted, dried and the shell removed and hence more beneficial than the raw black seed found in the fruit. Watermelon seeds are rich in numerous micronutrients and are even more special because of their protein and vitamin B content. Click here for unique and delicious recipes - https://www.bigbasket.com/flavors/collections/231/dry-fruits-berries-nuts/",40168551,https://www.bigbasket.com/media/uploads/p/l/40168551_4-bb-royal-organic-watermelon-seeds.jpg
1345," FOODGRAINS, OIL & MASALA ", ORGANIC STAPLES ," ORGANIC EDIBLE OIL, GHEE ", BB ROYAL ORGANIC Cold Pressed Kachi Ghani Mustard Cooking Oil,BB Royal Organic,40181475,https://www.bigbasket.com/pd/40181475/bb-royal-organic-cold-pressed-kachi-ghani-mustard-cooking-oil-1-l-spout-pack/,"BB Royal Organic Cold Pressed Kachi Ghani Mustard Cooking Oil, 1 L Spout Pack",299,Rs 199,33%,1 L,veg,https://www.bigbasket.com/media/uploads/p/mm/40181475_8-bb-royal-organic-cold-pressed-kachi-ghani-mustard-cooking-oil.jpg,"BB Royal Organic Mustard oil is extracted by pressing certified organic mustard seeds in expeller under the low-temperature condition known as cold pressing/ expeller pressing and filtered through four-stage filtration resulting in healthy and nutritious oil with distinctive pungent taste which imparts its goodness to the food when we cook in it. Mustard oil still remains the best oil for cooking with its high smoking point, and always will be with its balanced nutrition profile and if it’s Organic, it’s an added advantage. It provides essential fatty acids and polyunsaturated fatty acids (MUFA), which help to regulate blood cholesterol.",8.90426E+12,https://www.bigbasket.com/media/uploads/p/l/40181475_8-bb-royal-organic-cold-pressed-kachi-ghani-mustard-cooking-oil.jpg
1347," FOODGRAINS, OIL & MASALA ", MASALAS & SPICES , WHOLE SPICES , BB POPULAR Cloves/Laung,bb Popular,40085008,https://www.bigbasket.com/pd/40085008/bb-popular-cloveslaung-100-g/,"bb Popular Cloves/Laung, 100 g",150,Rs 120,20%,100 g,veg,https://www.bigbasket.com/media/uploads/p/mm/40085008_8-bb-popular-cloveslaung.jpg,"Cloves are an extremely common kind of spices that are broadly used for cooking and other purposes. The dehydrated, unopened flower bud of the tropical myrtle tree family is utilised to flavour a broad variety of sugary and savoury dishes.",40085008,https://www.bigbasket.com/media/uploads/p/l/40085008_8-bb-popular-cloveslaung.jpg
1348," FOODGRAINS, OIL & MASALA ", MASALAS & SPICES , WHOLE SPICES , BB POPULAR Cloves/Laung,bb Popular,40085009,https://www.bigbasket.com/pd/40085009/bb-popular-cloveslaung-50-g/,"bb Popular Cloves/Laung, 50 g",75,Rs 63,16%,50 g,veg,https://www.bigbasket.com/media/uploads/p/mm/40085009_8-bb-popular-cloveslaung.jpg,"Cloves are an extremely common kind of spices that are broadly used for cooking and other purposes. The dehydrated, unopened flower bud of the tropical myrtle tree family is utilised to flavour a broad variety of sugary and savoury dishes.",40085009,https://www.bigbasket.com/media/uploads/p/l/40085009_8-bb-popular-cloveslaung.jpg
1355," FOODGRAINS, OIL & MASALA ", ORGANIC STAPLES , ORGANIC MASALAS & SPICES , BB ROYAL Organic - Kalonji,bb Royal,40179081,https://www.bigbasket.com/pd/40179081/bb-royal-organic-kalonji-100-g/,"bb Royal Organic - Kalonji, 100 g",50,Rs 47,6%,100 g,veg,https://www.bigbasket.com/media/uploads/p/mm/40179081_4-bb-royal-organic-kalonji.jpg,"Kalonji adds a lot of flavour and aroma to many dishes. It makes the good amazingly delicious.  Apt from that, it is filled with health benefits. It reduces joint pain, controls blood pressure, keeps check on diabetes.",40179081,https://www.bigbasket.com/media/uploads/p/l/40179081_4-bb-royal-organic-kalonji.jpg
1356," FOODGRAINS, OIL & MASALA ", ORGANIC STAPLES , ORGANIC MASALAS & SPICES , BB ROYAL Organic - Kalonji,bb Royal,40179082,https://www.bigbasket.com/pd/40179082/bb-royal-organic-kalonji-200-g/,"bb Royal Organic - Kalonji, 200 g",99,Rs 92,7%,200 g,veg,https://www.bigbasket.com/media/uploads/p/mm/40179082_4-bb-royal-organic-kalonji.jpg,"Kalonji adds a lot of flavour and aroma to many dishes. It makes the good amazingly delicious.  Apt from that, it is filled with health benefits. It reduces joint pain, controls blood pressure, keeps check on diabetes.",40179082,https://www.bigbasket.com/media/uploads/p/l/40179082_4-bb-royal-organic-kalonji.jpg
1358," FOODGRAINS, OIL & MASALA ", RICE & RICE PRODUCTS , BOILED & STEAM RICE , BB ROYAL Steam Rice - Kolam,bb Royal,40088546,https://www.bigbasket.com/pd/40088546/bb-royal-steam-rice-kolam-1-kg/,"bb Royal Steam Rice - Kolam, 1 kg",70,Rs 57,19%,1 kg,veg,https://www.bigbasket.com/media/uploads/p/mm/40088546_2-bb-royal-steam-rice-kolam.jpg,"Steam kolam rice Known for its nutritional value and longer shelf life, steam kolam rice is also valued for its soft texture, freshness, and rich aroma. The rice grains are soft and easily digestible. Click here for unique and delicious recipes - https://www.bigbasket.com/flavors/collections/233/rice-rice-products/",40088546,https://www.bigbasket.com/media/uploads/p/l/40088546_2-bb-royal-steam-rice-kolam.jpg
1365," FOODGRAINS, OIL & MASALA ", ORGANIC STAPLES , ORGANIC FLOURS , BB ROYAL Organic - Wheat Broken / Dhaliya,bb Royal,40072513,https://www.bigbasket.com/pd/40072513/bb-royal-organic-wheat-broken-dhaliya-500-g/,"bb Royal Organic - Wheat Broken / Dhaliya, 500 g",41,Rs 38,7%,500 g,veg,https://www.bigbasket.com/media/uploads/p/mm/40072513_10-bb-royal-organic-wheat-broken-dhaliya.jpg,"Organic Wheat dalia is a strong food selection, though it is not particularly high in protein source (9-12%) but it is an outstanding source of carbohydrate, starch, rich in fiber and gluten and so it releases glucose very gradually in the blood, hence helps in maintaining blood sugar level and decrease cholesterol level. It is free from synthetic chemicals and pesticides.",40072513,https://www.bigbasket.com/media/uploads/p/l/40072513_10-bb-royal-organic-wheat-broken-dhaliya.jpg
1366," FOODGRAINS, OIL & MASALA ", ORGANIC STAPLES , ORGANIC FLOURS , BB ROYAL Organic - Wheat Broken / Dhaliya,bb Royal,40135862,https://www.bigbasket.com/pd/40135862/bb-royal-organic-wheat-broken-dhaliya-1-kg/,"bb Royal Organic - Wheat Broken / Dhaliya, 1 kg",79,Rs 73,8%,1 kg,veg,https://www.bigbasket.com/media/uploads/p/mm/40135862_4-bb-royal-organic-wheat-broken-dhaliya.jpg,"Organic Wheat Dalia is a strong food selection, though it is not particularly high in protein source (9-12%) but, it is an outstanding source of carbohydrate, starch, rich in fibre and gluten. This helps to release glucose very gradually in the blood and hence helps in maintaining the blood sugar level and also, decreases the cholesterol level. It is free from synthetic chemicals and pesticides.",40135862,https://www.bigbasket.com/media/uploads/p/l/40135862_4-bb-royal-organic-wheat-broken-dhaliya.jpg
1367," FOODGRAINS, OIL & MASALA ", DALS & PULSES , URAD & OTHER DALS , BB ROYAL Gundu Mochai - White,bb Royal,40130699,https://www.bigbasket.com/pd/40130699/bb-royal-gundu-mochai-white-200-g/,"bb Royal Gundu Mochai - White, 200 g",42,Rs 28,33%,200 g,veg,https://www.bigbasket.com/media/uploads/p/mm/40130699_7-bb-royal-gundu-mochai-white.jpg,,40130699,https://www.bigbasket.com/media/uploads/p/l/40130699_7-bb-royal-gundu-mochai-white.jpg
1371," FOODGRAINS, OIL & MASALA ", MASALAS & SPICES , WHOLE SPICES , BB POPULAR Mustard - Big,bb Popular,40133691,https://www.bigbasket.com/pd/40133691/bb-popular-mustard-big-50-g/,"bb Popular Mustard - Big, 50 g",10,Rs 8,20%,50 g,veg,https://www.bigbasket.com/media/uploads/p/mm/40133691_3-bb-popular-mustard-big.jpg,,40133691,https://www.bigbasket.com/media/uploads/p/l/40133691_3-bb-popular-mustard-big.jpg
1372," FOODGRAINS, OIL & MASALA ", DRY FRUITS , CASHEWS , FABBOX Burnt Garlic Cashew,FabBox,40189860,https://www.bigbasket.com/pd/40189860/fabbox-burnt-garlic-cashew-40-g-pouch/,"FabBox Burnt Garlic Cashew, 40 g Pouch",206,,,40 g,veg,https://www.bigbasket.com/media/uploads/p/mm/40189860_1-fabbox-burnt-garlic-cashew.jpg,"A perfect combination of our Goa AAA Cashews, roasted with Garlic and a blend of flavours mixed just right to create this delicious, savoury snack.",7.11076E+12,https://www.bigbasket.com/media/uploads/p/l/40189860_1-fabbox-burnt-garlic-cashew.jpg
1373," FOODGRAINS, OIL & MASALA ", RICE & RICE PRODUCTS , RAW RICE , BB ROYAL Samai/Little Millet,bb Royal,40191738,https://www.bigbasket.com/pd/40191738/bb-royal-samailittle-millet-500-g-pouch/,"bb Royal Samai/Little Millet, 500 g Pouch",80,Rs 65,19%,500 g,veg,https://www.bigbasket.com/media/uploads/p/mm/40191738_1-bb-royal-samailittle-millet.jpg,Samai is rich in phenolic compounds that show antioxidant activity. Samai has been found to have the highest amount of fibre. Its crude fibre content is nearly twice that of other cereals. This millet is an excellent source of Iron. Samai has a low to medium glycaemic index thus is diabetic friendly.,__ EAN__,https://www.bigbasket.com/media/uploads/p/l/40191738_1-bb-royal-samailittle-millet.jpg
1375," FOODGRAINS, OIL & MASALA ", RICE & RICE PRODUCTS , BASMATI RICE ," BB ROYAL Basmati Rice - Mogra, Broken/Tukda",bb Royal,40128446,https://www.bigbasket.com/pd/40128446/bb-royal-basmati-rice-mogra-brokentukda-1-kg/,"bb Royal Basmati Rice - Mogra, Broken/Tukda, 1 kg",80,Rs 66,18%,1 kg,veg,https://www.bigbasket.com/media/uploads/p/mm/40128446_6-bb-royal-basmati-rice-mogra-brokentukda.jpg,"Sourced from the rice-bowl-states of Punjab, Haryana and Uttarakhand, it is processed in GMP plants using Swiss technology to ensure superior quality and nutrition value. The bb Royal Mogra basmati rice leaves a lasting impression because of its aroma, flavour and fluffy texture.",40128446,https://www.bigbasket.com/media/uploads/p/l/40128446_6-bb-royal-basmati-rice-mogra-brokentukda.jpg
1376," FOODGRAINS, OIL & MASALA ", RICE & RICE PRODUCTS , BASMATI RICE ," BB ROYAL Basmati Rice - Mogra, Broken/Tukda",bb Royal,40128447,https://www.bigbasket.com/pd/40128447/bb-royal-basmati-rice-mogra-brokentukda-5-kg/,"bb Royal Basmati Rice - Mogra, Broken/Tukda, 5 kg",400,Rs 316,21%,5 kg,veg,https://www.bigbasket.com/media/uploads/p/mm/40128447_4-bb-royal-basmati-rice-mogra-brokentukda.jpg,"Sourced from the rice-bowl-states of Punjab, Haryana and Uttarakhand, it is processed in GMP plants using Swiss technology to ensure superior quality and nutrition value. The bb Royal Mogra basmati rice leaves a lasting impression because of its aroma, flavour and fluffy texture.",40128447,https://www.bigbasket.com/media/uploads/p/l/40128447_4-bb-royal-basmati-rice-mogra-brokentukda.jpg
1387," FOODGRAINS, OIL & MASALA ", ORGANIC STAPLES , ORGANIC FLOURS , BB ROYAL Organic Idli Rava,bb Royal,40161787,https://www.bigbasket.com/pd/40161787/bb-royal-organic-idli-rava-1-kg/,"bb Royal Organic Idli Rava, 1 kg",99,Rs 72,27%,1 kg,veg,https://www.bigbasket.com/media/uploads/p/mm/40161787_9-bb-royal-organic-idli-rava.jpg,Organic idli sooji is fast becoming an alternative to rice idli. It can be prepared in a jiffy and is light on the tummy too. Sooji idli with eno can be prepared for lunch box or picnic or even for a journey. It is an extremely famous recipe,40161787,https://www.bigbasket.com/media/uploads/p/l/40161787_9-bb-royal-organic-idli-rava.jpg
1388," FOODGRAINS, OIL & MASALA ", ORGANIC STAPLES , ORGANIC FLOURS , BB ROYAL Organic Idli Rava,bb Royal,40134031,https://www.bigbasket.com/pd/40134031/bb-royal-organic-idli-rava-500-g/,"bb Royal Organic Idli Rava, 500 g",51,Rs 39,24%,500 g,veg,https://www.bigbasket.com/media/uploads/p/mm/40134031_5-bb-royal-organic-idli-rava.jpg,Organic idli sooji is fast becoming an alternative to rice idli. It can be prepared in a jiffy and is light on the tummy too. Sooji idli with eno can be prepared for lunch box or picnic or even for a journey. It is an extremely famous recipe,40134031,https://www.bigbasket.com/media/uploads/p/l/40134031_5-bb-royal-organic-idli-rava.jpg
1391," FOODGRAINS, OIL & MASALA ", DALS & PULSES , URAD & OTHER DALS , BB ROYAL Gundu Mochai - White,bb Royal,40130698,https://www.bigbasket.com/pd/40130698/bb-royal-gundu-mochai-white-500-g/,"bb Royal Gundu Mochai - White, 500 g",105,Rs 65,38%,500 g,veg,https://www.bigbasket.com/media/uploads/p/mm/40130698_6-bb-royal-gundu-mochai-white.jpg,,40130698,https://www.bigbasket.com/media/uploads/p/l/40130698_6-bb-royal-gundu-mochai-white.jpg
1393," FOODGRAINS, OIL & MASALA ", ORGANIC STAPLES , ORGANIC DALS & PULSES , BB ROYAL Organic - Rajma Sharmili / Rajma,bb Royal,40072457,https://www.bigbasket.com/pd/40072457/bb-royal-organic-rajma-sharmili-500-g/,"bb Royal Organic - Rajma Sharmili / Rajma, 500 g",115,Rs 108,7,500 g,veg,https://www.bigbasket.com/media/uploads/p/mm/40072457_10-bb-royal-organic-rajma-sharmili.jpg,"BB Royal Organic Rajma Sharmili is dark red kidney beans which are known for their rich red colour even after being cooked. These are an outstanding supply of dietary fibre, folate & manganese. It is a fine source of protein, magnesium, iron, copper, phosphorus, and potassium. These are low in fat and loaded with nutrients. It is free of synthetic chemicals and pesticides.",40072457,https://www.bigbasket.com/media/uploads/p/l/40072457_10-bb-royal-organic-rajma-sharmili.jpg
1403," FOODGRAINS, OIL & MASALA ", MASALAS & SPICES , WHOLE SPICES , BB ROYAL Kasuri Methi,bb Royal,40069120,https://www.bigbasket.com/pd/40069120/bb-royal-kasuri-methi-50-g/,"bb Royal Kasuri Methi, 50 g",40,,,50 g,veg,https://www.bigbasket.com/media/uploads/p/mm/40069120_2-bb-royal-kasuri-methi.jpg,"Kasoori Methi is one of the most used ingredients in Indian dishes. It adds a unique flavour to curries, dals, vegetable preparations. It is also considered as one of the healthiest ingredients. It reduces cholesterol, heart diseases, blemishes and have many health benefits.",40069120,https://www.bigbasket.com/media/uploads/p/l/40069120_2-bb-royal-kasuri-methi.jpg
1404," FOODGRAINS, OIL & MASALA ", MASALAS & SPICES , WHOLE SPICES , BB ROYAL Kasuri Methi,bb Royal,40069119,https://www.bigbasket.com/pd/40069119/bb-royal-kasuri-methi-20-g/,"bb Royal Kasuri Methi, 20 g",20,Rs 18,10%,20 g,,https://www.bigbasket.com/media/uploads/p/mm/40069119_2-bb-royal-kasuri-methi.jpg,"Kasoori Methi a unique flavour giver to curries, dals, vegetable preparations.",40069119,https://www.bigbasket.com/media/uploads/p/l/40069119_2-bb-royal-kasuri-methi.jpg
1407," FOODGRAINS, OIL & MASALA ", DRY FRUITS , ALMONDS ," BB ROYAL Almond/Badam - Mamra, Giri",bb Royal,30000128,https://www.bigbasket.com/pd/30000128/bb-royal-almondbadam-mamra-giri-200-g-pouch/,"bb Royal Almond/Badam - Mamra, Giri, 200 g Pouch",1000,Rs 889,11%,200 g,veg,https://www.bigbasket.com/media/uploads/p/mm/30000128_5-bb-royal-almondbadam-mamra-giri.jpg,"Mamra Almonds are a wealthy source of Minerals, Proteins and Vitamins. The Mamra Almond is rarer still, tastier and contains higher nutritional content compared to other almonds. It is an excellent source of calcium, magnesium, phosphorus, potassium and fibre. Almonds are used to make oil that is used as a moisturizer as well as a culinary ingredient. They can be used as a garnish and is a common ingredient in desserts. Most popularly used to make badam milk. Click here for unique and delicious recipes - https://www.bigbasket.com/flavors/collections/231/dry-fruits-berries-nuts/",30000128,https://www.bigbasket.com/media/uploads/p/l/30000128_5-bb-royal-almondbadam-mamra-giri.jpg
1408," FOODGRAINS, OIL & MASALA ", DRY FRUITS , ALMONDS ," BB ROYAL Almond/Badam - Mamra, Giri",bb Royal,30000127,https://www.bigbasket.com/pd/30000127/bb-royal-almondbadam-mamra-giri-100-g-pouch/,"bb Royal Almond/Badam - Mamra, Giri, 100 g Pouch",500,Rs 425,15%,100 g,veg,https://www.bigbasket.com/media/uploads/p/mm/30000127_5-bb-royal-almondbadam-mamra-giri.jpg,"These Mamra Almonds are larger in size and are a superior grade of mamra than the cheaper mamra almonds that are obtainable at lower prices. Also, these appear in a branded unopened sealed packet and there is no mixing with tiny quantities of lower grade almonds.  Mamra Almonds are a wealthy source of minerals, proteins and vitamins. It avoids coronary artery disease and strokes by favouring strong blood lipid profile. It suggested for children and women at the time of pregnancy soaked in water with a glass of hot milk in the morning. Almonds are used to make oil that is used as a moisturiser as well as a culinary ingredient. They can be used as a garnish and is a common ingredient in desserts. Most popularly used to make badam milk. Click here for unique and delicious recipes - https://www.bigbasket.com/flavors/collections/231/dry-fruits-berries-nuts/",30000127,https://www.bigbasket.com/media/uploads/p/l/30000127_5-bb-royal-almondbadam-mamra-giri.jpg
1409," FOODGRAINS, OIL & MASALA "," ATTA, FLOURS & SOOJI ", ATTA WHOLE WHEAT , BB ROYAL Multigrain Atta - Fortified,bb Royal,40189432,https://www.bigbasket.com/pd/40189432/bb-royal-multigrain-atta-fortified-5-kg-pouch/,"bb Royal Multigrain Atta - Fortified, 5 kg Pouch",300,Rs 242,19%,5 kg,veg,https://www.bigbasket.com/media/uploads/p/mm/40189432_2-bb-royal-multigrain-atta-fortified.jpg,"Bring home the most nutritive flour with bb Royal’s trust and the same taste, The fortified Multigrain Atta. Made from the 9 powerful grains and millets including Horse Gram, Amaranthus, bajra, Barley, Ragi, Jowar, Soybean, Bengal gram, and maize. BB experts directly source these grains and millets from the Farmers of Madhya Pradesh and Karnataka. Then, the selected grains & millets go through multi-quality tests to ensure only clean grains are grinded into the most-nutritive flour for you. BB Royal Fortified Multigrain Atta is a complete nourishment package for your entire family, whether you are working on weight management or struggling to add more nutrition to your family’s plate, this atta is best for you. It fulfills your daily required intake of essential vitamins and minerals, without you taking note of it. Micronutrients infused Fortified Multigrain flour contain Vitamin B12, Folic Acid and Iron that prevents malnourishment. Folic Acid is known for preventing deformities in children and promoting the growth and development of a healthy body. Fortification increases the nutrient value of flour and helps to cover up the micronutrient’s i.e. vitamin and mineral requirements for the larger section of the population. BB Royal Fortified Atta range has been created for public health with research & vision to reduce nutrition-related deficiency in India. To ensure you get 100% pure and nutritious atta we do not mix an ounce of Maida with our product. Whether your rotis are round or not, we promise your rotis will be highly nutritious and soft. Serve your family the wholesome goodness with BB Royal Chakki Atta. We endeavour to give you the best quality flour and the best price to our farmers. With the elimination of Middlemen, BB Team has been ensuring for the last 3 years that our farmers/ fpos get a fair remunerative price for their produce than what farmers get in Mandis.",8.90426E+12,https://www.bigbasket.com/media/uploads/p/l/40189432_2-bb-royal-multigrain-atta-fortified.jpg
1410," FOODGRAINS, OIL & MASALA "," ATTA, FLOURS & SOOJI ", ATTA WHOLE WHEAT , BB ROYAL Multigrain Atta - Fortified,bb Royal,1211913,https://www.bigbasket.com/pd/1211913/bb-royal-multigrain-atta-fortified-2x1-kg/,"bb Royal Multigrain Atta - Fortified, 2x1 kg Multipack",120,Rs 108,12,2x1 kg,,https://www.bigbasket.com/media/uploads/p/mm/1211913_2-bb-royal-multigrain-atta-fortified.jpg,"Bring home the most nutritive flour with bb Royal’s trust and the same taste, The fortified Multigrain Atta. Made from the 9 powerful grains and millets including Horse Gram, Amaranthus, bajra, Barley, Ragi, Jowar, Soybean, Bengal gram, and maize. BB experts directly source these grains and millets from the Farmers of Madhya Pradesh and Karnataka. Then, the selected grains & millets go through multi-quality tests to ensure only clean grains are grinded into the most-nutritive flour for you. BB Royal Fortified Multigrain Atta is a complete nourishment package for your entire family, whether you are working on weight management or struggling to add more nutrition to your family’s plate, this atta is best for you. It fulfills your daily required intake of essential vitamins and minerals, without you taking note of it. Micronutrients infused Fortified Multigrain flour contain Vitamin B12, Folic Acid and Iron that prevents malnourishment. Folic Acid is known for preventing deformities in children and promoting the growth and development of a healthy body. Fortification increases the nutrient value of flour and helps to cover up the micronutrient’s i.e. vitamin and mineral requirements for the larger section of the population. BB Royal Fortified Atta range has been created for public health with research & vision to reduce nutrition-related deficiency in India. To ensure you get 100% pure and nutritious atta we do not mix an ounce of Maida with our product. Whether your rotis are round or not, we promise your rotis will be highly nutritious and soft. Serve your family the wholesome goodness with BB Royal Chakki Atta. We endeavour to give you the best quality flour and the best price to our farmers. With the elimination of Middlemen, BB Team has been ensuring for the last 3 years that our farmers/ fpos get a fair remunerative price for their produce than what farmers get in Mandis.",__EAN __,https://www.bigbasket.com/media/uploads/p/l/1211913_2-bb-royal-multigrain-atta-fortified.jpg
1411," FOODGRAINS, OIL & MASALA "," ATTA, FLOURS & SOOJI ", ATTA WHOLE WHEAT , BB ROYAL Multigrain Atta - Fortified,bb Royal,1211914,https://www.bigbasket.com/pd/1211914/bb-royal-multigrain-atta-fortified-2x5-kg/,"bb Royal Multigrain Atta - Fortified, 2x5 kg Multipack",600,Rs 464,23%,2x5 kg,,https://www.bigbasket.com/media/uploads/p/mm/1211914_2-bb-royal-multigrain-atta-fortified.jpg,"Bring home the most nutritive flour with bb Royal’s trust and the same taste, The fortified Multigrain Atta. Made from the 9 powerful grains and millets including Horse Gram, Amaranthus, bajra, Barley, Ragi, Jowar, Soybean, Bengal gram, and maize. BB experts directly source these grains and millets from the Farmers of Madhya Pradesh and Karnataka. Then, the selected grains & millets go through multi-quality tests to ensure only clean grains are grinded into the most-nutritive flour for you. BB Royal Fortified Multigrain Atta is a complete nourishment package for your entire family, whether you are working on weight management or struggling to add more nutrition to your family’s plate, this atta is best for you. It fulfills your daily required intake of essential vitamins and minerals, without you taking note of it. Micronutrients infused Fortified Multigrain flour contain Vitamin B12, Folic Acid and Iron that prevents malnourishment. Folic Acid is known for preventing deformities in children and promoting the growth and development of a healthy body. Fortification increases the nutrient value of flour and helps to cover up the micronutrient’s i.e. vitamin and mineral requirements for the larger section of the population. BB Royal Fortified Atta range has been created for public health with research & vision to reduce nutrition-related deficiency in India. To ensure you get 100% pure and nutritious atta we do not mix an ounce of Maida with our product. Whether your rotis are round or not, we promise your rotis will be highly nutritious and soft. Serve your family the wholesome goodness with BB Royal Chakki Atta. We endeavour to give you the best quality flour and the best price to our farmers. With the elimination of Middlemen, BB Team has been ensuring for the last 3 years that our farmers/ fpos get a fair remunerative price for their produce than what farmers get in Mandis.",__EAN __,https://www.bigbasket.com/media/uploads/p/l/1211914_2-bb-royal-multigrain-atta-fortified.jpg
1412," FOODGRAINS, OIL & MASALA "," ATTA, FLOURS & SOOJI ", ATTA WHOLE WHEAT , BB ROYAL Multigrain Atta - Fortified,bb Royal,40189431,https://www.bigbasket.com/pd/40189431/bb-royal-multigrain-atta-fortified-1-kg-pouch/,"bb Royal Multigrain Atta - Fortified, 1 kg Pouch",60,Rs 56,7%,1 kg,veg,https://www.bigbasket.com/media/uploads/p/mm/40189431_3-bb-royal-multigrain-atta-fortified.jpg,"Bring home the most nutritive flour with bb Royal’s trust and the same taste, The fortified Multigrain Atta. Made from the 9 powerful grains and millets including Horse Gram, Amaranthus, bajra, Barley, Ragi, Jowar, Soybean, Bengal gram, and maize. BB experts directly source these grains and millets from the Farmers of Madhya Pradesh and Karnataka. Then, the selected grains & millets go through multi-quality tests to ensure only clean grains are grinded into the most-nutritive flour for you. BB Royal Fortified Multigrain Atta is a complete nourishment package for your entire family, whether you are working on weight management or struggling to add more nutrition to your family’s plate, this atta is best for you. It fulfills your daily required intake of essential vitamins and minerals, without you taking note of it. Micronutrients infused Fortified Multigrain flour contain Vitamin B12, Folic Acid and Iron that prevents malnourishment. Folic Acid is known for preventing deformities in children and promoting the growth and development of a healthy body. Fortification increases the nutrient value of flour and helps to cover up the micronutrient’s i.e. vitamin and mineral requirements for the larger section of the population. BB Royal Fortified Atta range has been created for public health with research & vision to reduce nutrition-related deficiency in India. To ensure you get 100% pure and nutritious atta we do not mix an ounce of Maida with our product. Whether your rotis are round or not, we promise your rotis will be highly nutritious and soft. Serve your family the wholesome goodness with BB Royal Chakki Atta. We endeavour to give you the best quality flour and the best price to our farmers. With the elimination of Middlemen, BB Team has been ensuring for the last 3 years that our farmers/ fpos get a fair remunerative price for their produce than what farmers get in Mandis.",8.90426E+12,https://www.bigbasket.com/media/uploads/p/l/40189431_3-bb-royal-multigrain-atta-fortified.jpg
1426," FOODGRAINS, OIL & MASALA ", RICE & RICE PRODUCTS , RAW RICE , BB ROYAL Kuthiraivali/Barnyard Millet,bb Royal,40191735,https://www.bigbasket.com/pd/40191735/bb-royal-kuthiraivalibarnyard-millet-500-g-pouch/,"bb Royal Kuthiraivali/Barnyard Millet, 500 g Pouch",80,Rs 52,35%,500 g,veg,https://www.bigbasket.com/media/uploads/p/mm/40191735_1-bb-royal-kuthiraivalibarnyard-millet.jpg,Barnyard millet is a grain crop It is generally grown as a rainfed crop. Kudiraivali grains are consumed just like rice. They are also used in making rice pudding (kheer). The digestibility of protein is 40 per cent.,40191735,https://www.bigbasket.com/media/uploads/p/l/40191735_1-bb-royal-kuthiraivalibarnyard-millet.jpg
1429," FOODGRAINS, OIL & MASALA ", ORGANIC STAPLES , ORGANIC DALS & PULSES , BB ROYAL Organic - White Peas / Pattani,bb Royal,40077486,https://www.bigbasket.com/pd/40077486/bb-royal-organic-white-peas-500-g/,"bb Royal Organic - White Peas / Pattani, 500 g",99,Rs 95,4%,500 g,veg,https://www.bigbasket.com/media/uploads/p/mm/40077486_3-bb-royal-organic-white-peas.jpg,"Organic Peas White are a small but nutritionally mighty member of the legume family, is a very fine supply of cholesterol-lowering fiber. It also provide good to outstanding amounts of four important protein, two B-vitamins and minerals, all with virtually no fat. These are high in soluble fiber,which are free from harmful pesticides and chemicals.",40077486,https://www.bigbasket.com/media/uploads/p/l/40077486_3-bb-royal-organic-white-peas.jpg
1441," FOODGRAINS, OIL & MASALA ", MASALAS & SPICES , POWDERED SPICES , BB ROYAL Black Salt/Kala Namak - Whole,bb Royal,40053896,https://www.bigbasket.com/pd/40053896/bb-royal-black-saltkala-namak-whole-200-g/,"bb Royal Black Salt/Kala Namak - Whole, 200 g",40,Rs 29,28%,200 g,veg,https://www.bigbasket.com/media/uploads/p/mm/40053896_2-bb-royal-black-saltkala-namak-whole.jpg,Black Whole Salt are chunks of pinkish grey salt. It is a salt rich in minerals and has a smoky slightly tangy flavour. It is a black mineral salt that has a unique sulfurous taste. The high percentage of sodium chloride gives the salt its distinctive colour and smell. Black salt boasts many health properties. It does not increase the sodium levels in the body.,40053896,https://www.bigbasket.com/media/uploads/p/l/40053896_2-bb-royal-black-saltkala-namak-whole.jpg
1447," FOODGRAINS, OIL & MASALA ", ORGANIC STAPLES , ORGANIC MASALAS & SPICES , BB ROYAL Organic - Dry Ginger Flakes,bb Royal,40072516,https://www.bigbasket.com/pd/40072516/bb-royal-organic-dry-ginger-flakes-50-g/,"bb Royal Organic - Dry Ginger Flakes, 50 g",49,Rs 35,29%,50 g,veg,https://www.bigbasket.com/media/uploads/p/mm/40072516_12-bb-royal-organic-dry-ginger-flakes.jpg,Dried ginger is nothing but clean ginger which undergoes a drying process before being used. Dried ginger includes a pale yellow inside and a skin varying in color from brown to off-white. Whole fresh roots give the freshest taste. It is utilized in culinary; it improves their flavor and aroma. It is free from synthetic chemicals and pesticides.,40072516,https://www.bigbasket.com/media/uploads/p/l/40072516_12-bb-royal-organic-dry-ginger-flakes.jpg
1448," FOODGRAINS, OIL & MASALA ", DRY FRUITS , OTHER DRY FRUITS , BB ROYAL Seeds - Flax,bb Royal,40026605,https://www.bigbasket.com/pd/40026605/bb-royal-seeds-flax-200-g/,"bb Royal Seeds - Flax, 200 g",40,,,200 g,veg,https://www.bigbasket.com/media/uploads/p/mm/40026605_7-bb-royal-seeds-flax.jpg,"Flaxseeds are known for their immense nutritional benefits. Known as a superfood, these brown nutty seeds have been around for thousands of years.  Packed with micro-nutrients, flax seeds from Bigbasket ensure that you get your daily dose of protein and fibre. This versatile ingredient can be added to your bread, bakes, cereal, juices, salads, curries etc.  To ensure you get this in optimal freshness, BB Royal packs the finest of the seeds in a hygienic way. Click here for unique and delicious recipes - https://www.bigbasket.com/flavors/collections/231/dry-fruits-berries-nuts/",40026605,https://www.bigbasket.com/media/uploads/p/l/40026605_7-bb-royal-seeds-flax.jpg
1449," FOODGRAINS, OIL & MASALA ", DRY FRUITS , OTHER DRY FRUITS , BB ROYAL Seeds - Flax,bb Royal,30000135,https://www.bigbasket.com/pd/30000135/bb-royal-seeds-flax-100-g/,"bb Royal Seeds - Flax, 100 g",25,Rs 23,8%,100 g,veg,https://www.bigbasket.com/media/uploads/p/mm/30000135_9-bb-royal-seeds-flax.jpg,"Flaxseeds have a mild, nutty fflavour and are well-known for providing strong omega-3 fatty acids and fibre. They have a hard but soft and glossy outer shell. The colour of this seed ranges from deep amber to reddish brown. Click here for unique and delicious recipes - https://www.bigbasket.com/flavors/collections/231/dry-fruits-berries-nuts/",30000135,https://www.bigbasket.com/media/uploads/p/l/30000135_9-bb-royal-seeds-flax.jpg
1452," FOODGRAINS, OIL & MASALA ", ORGANIC STAPLES , ORGANIC FLOURS , BB ROYAL Organic - Whole Wheat Multi Grain Atta / Godhumai Maavu,bb Royal,40079752,https://www.bigbasket.com/pd/40079752/bb-royal-organic-whole-wheat-multi-grain-atta-1-kg/,"bb Royal Organic - Whole Wheat Multi Grain Atta / Godhumai Maavu, 1 kg",149,Rs 115,23%,1 kg,veg,https://www.bigbasket.com/media/uploads/p/mm/40079752_5-bb-royal-organic-whole-wheat-multi-grain-atta.jpg,Organic Multi Grain Atta has high protein content and helps keep your body healthy and active. It has abundant minerals that play a decisive role in improving the overall liveliness of the body. It is also used in the preparation of a variety of delicious snacks. It can be mixed with whole wheat flour to produce a variety of nutritious food items.,40079752,https://www.bigbasket.com/media/uploads/p/l/40079752_5-bb-royal-organic-whole-wheat-multi-grain-atta.jpg
1453," FOODGRAINS, OIL & MASALA ", ORGANIC STAPLES , ORGANIC FLOURS , BB ROYAL Organic - Whole Wheat Multi Grain Atta / Godhumai Maavu,bb Royal,40079751,https://www.bigbasket.com/pd/40079751/bb-royal-organic-whole-wheat-multi-grain-atta-500-g/,"bb Royal Organic - Whole Wheat Multi Grain Atta / Godhumai Maavu, 500 g",75,Rs 58,23%,500 g,veg,https://www.bigbasket.com/media/uploads/p/mm/40079751_5-bb-royal-organic-whole-wheat-multi-grain-atta.jpg,Organic Multi Grain Atta has high protein content and helps keep your body healthy and active. It has abundant minerals that play a decisive role in improving the overall liveliness of the body. It is also used in the preparation of a variety of delicious snacks. It can be mixed with whole wheat flour to produce a variety of nutritious food items.,40079751,https://www.bigbasket.com/media/uploads/p/l/40079751_5-bb-royal-organic-whole-wheat-multi-grain-atta.jpg
1455," FOODGRAINS, OIL & MASALA ", ORGANIC STAPLES ," ORGANIC RICE, OTHER RICE ", BB ROYAL Organic - Sonamasuri White Polished Rice / Pacharisi,bb Royal,40085736,https://www.bigbasket.com/pd/40085736/bb-royal-organic-sonamasoori-white-rice-5-kg/,"bb Royal Organic - Sonamasuri White Polished Rice / Pacharisi, 5 kg",475,Rs 359,24%,5 kg,veg,https://www.bigbasket.com/media/uploads/p/mm/40085736_7-bb-royal-organic-sonamasoori-white-rice.jpg,"Organic Rice Sonamasuri White is famous in the Southern regions of India. It is aromatic and lightweight, and considered to be of best quality. It is perfect for preparing dishes like sweet pongal, fried rice, biryani, and daily cooking.",40085736,https://www.bigbasket.com/media/uploads/p/l/40085736_7-bb-royal-organic-sonamasoori-white-rice.jpg
1456," FOODGRAINS, OIL & MASALA ", ORGANIC STAPLES ," ORGANIC RICE, OTHER RICE ", BB ROYAL Organic - Sonamasuri White Polished Rice / Pacharisi,bb Royal,40085737,https://www.bigbasket.com/pd/40085737/bb-royal-organic-sonamasoori-white-rice-1-kg/,"bb Royal Organic - Sonamasuri White Polished Rice / Pacharisi, 1 kg",96,Rs 75,22%,1 kg,veg,https://www.bigbasket.com/media/uploads/p/mm/40085737_7-bb-royal-organic-sonamasoori-white-rice.jpg,"Organic Rice Sonamasuri White is famous in the Southern regions of India. It is aromatic and lightweight, and considered to be of best quality. It is perfect for preparing dishes like sweet pongal, fried rice, biryani, and daily cooking.",40085737,https://www.bigbasket.com/media/uploads/p/l/40085737_7-bb-royal-organic-sonamasoori-white-rice.jpg
1463," FOODGRAINS, OIL & MASALA ", ORGANIC STAPLES , ORGANIC MASALAS & SPICES , BB ROYAL Organic - Shahjeera,bb Royal,40179083,https://www.bigbasket.com/pd/40179083/bb-royal-organic-shahjeera-50-g/,"bb Royal Organic - Shahjeera, 50 g",70,Rs 66,6%,50 g,veg,https://www.bigbasket.com/media/uploads/p/mm/40179083_5-bb-royal-organic-shahjeera.jpg,"Shahjeera, as the name says, is also identified as cumin due to its robust cumin smell and taste. Shahjeera has a strong flavour and an interesting, extravagant aroma mostly used for biryani or as a seasoning.  It can be used for flavouring biscuits, pickling spice, pieces of bread etc. and is also a superb cure for digestive problems.",40179083,https://www.bigbasket.com/media/uploads/p/l/40179083_5-bb-royal-organic-shahjeera.jpg
1464," FOODGRAINS, OIL & MASALA ", RICE & RICE PRODUCTS , RAW RICE , BB ROYAL Thinai/Foxtail Millet,bb Royal,40191733,https://www.bigbasket.com/pd/40191733/bb-royal-thinaifoxtail-millet-500-g-pouch/,"bb Royal Thinai/Foxtail Millet, 500 g Pouch",80,Rs 79,1%,500 g,veg,https://www.bigbasket.com/media/uploads/p/mm/40191733_1-bb-royal-thinaifoxtail-millet.jpg,"Foxtail millet is one of the oldest of all the cultivated millets. Foxtail millet is rich in dietary fibre, protein and low in fat. Foxtail millet releases glucose steadily without affecting the metabolism of the body. Foxtail Millet grains are high in carbohydrates, with protein content.",__ EAN__,https://www.bigbasket.com/media/uploads/p/l/40191733_1-bb-royal-thinaifoxtail-millet.jpg
1473," FOODGRAINS, OIL & MASALA ", RICE & RICE PRODUCTS , BASMATI RICE ," BB ROYAL Basmati Rice - Mini Mogra, Broken/Tukda",bb Royal,40161708,https://www.bigbasket.com/pd/40161708/bb-royal-basmati-rice-mini-mogra-brokentukda-5-kg-pouch/,"bb Royal Basmati Rice - Mini Mogra, Broken/Tukda, 5 kg Pouch",295,Rs 245,17%,5 kg,veg,https://www.bigbasket.com/media/uploads/p/mm/40161708_1-bb-royal-basmati-rice-mini-mogra-brokentukda.jpg,"bb Royal Mini Mogra Basmati rice leaves a lasting impression because of its flavour and fluffy texture. 1401 and 1121 variety of raw rice ensures great quality and taste. Sourced from the Basmati-rice-bowl states of Punjab, Haryana and Uttarakhand, this rice is processed in GMP plants using Swiss technology to ensure superior quality and high nutritional value. With its small size, this rice is best suitable for daily dishes like dal chawal, khichdi and kheer.",__ EAN__,https://www.bigbasket.com/media/uploads/p/l/40161708_1-bb-royal-basmati-rice-mini-mogra-brokentukda.jpg
1474," FOODGRAINS, OIL & MASALA ", RICE & RICE PRODUCTS , BASMATI RICE ," BB ROYAL Basmati Rice - Mini Mogra, Broken/Tukda",bb Royal,1211910,https://www.bigbasket.com/pd/1211910/bb-royal-basmati-rice-mini-mogra-brokentukda-2x5-kg/,"bb Royal Basmati Rice - Mini Mogra, Broken/Tukda, 2x5 Kg Multipack",590,Rs 480,19%,2x5 Kg,,https://www.bigbasket.com/media/uploads/p/mm/1211910_1-bb-royal-basmati-rice-mini-mogra-brokentukda.jpg,"bb Royal Mini Mogra Basmati rice leaves a lasting impression because of its flavour and fluffy texture. 1401 and 1121 variety of raw rice ensures great quality and taste. Sourced from the Basmati-rice-bowl states of Punjab, Haryana and Uttarakhand, this rice is processed in GMP plants using Swiss technology to ensure superior quality and high nutritional value. With its small size, this rice is best suitable for daily dishes like dal chawal, khichdi and kheer.",__ EAN__,https://www.bigbasket.com/media/uploads/p/l/1211910_1-bb-royal-basmati-rice-mini-mogra-brokentukda.jpg
1476," FOODGRAINS, OIL & MASALA ", ORGANIC STAPLES , ORGANIC FLOURS , BB ROYAL Organic Sattu Atta,bb Royal,40134037,https://www.bigbasket.com/pd/40134037/bb-royal-organic-sattu-atta-500-g/,"bb Royal Organic Sattu Atta, 500 g",91,Rs 72,21%,500 g,,https://www.bigbasket.com/media/uploads/p/mm/40134037_4-bb-royal-organic-sattu-atta.jpg,Sattu Atta is a powerful mix of Roasted Bengal gram dal to nutritional perfection to be used in a variety of dishes. The dry powder is prepared in various ways as a principal or secondary ingredient of dishes.,40134037,https://www.bigbasket.com/media/uploads/p/l/40134037_4-bb-royal-organic-sattu-atta.jpg
1483," FOODGRAINS, OIL & MASALA ", ORGANIC STAPLES , ORGANIC MASALAS & SPICES , BB ROYAL Organic - Nutmeg/Jayaphal,bb Royal,40088535,https://www.bigbasket.com/pd/40088535/bb-royal-organic-nutmegjayaphal-20-g/,"bb Royal Organic - Nutmeg/Jayaphal, 20 g",39,Rs 35,10%,20 g,veg,https://www.bigbasket.com/media/uploads/p/mm/40088535_12-bb-royal-organic-nutmegjayaphal.jpg,"Nutmeg has a hot, spicy fragrance and taste and can be used in sweet and savory cooking. The tough brown seed from the nutmeg tree has a hot, spicy sweet taste. Nutmeg has been used as a remedy for various ailments or to improve health in general.",40088535,https://www.bigbasket.com/media/uploads/p/l/40088535_12-bb-royal-organic-nutmegjayaphal.jpg
1491," FOODGRAINS, OIL & MASALA ", MASALAS & SPICES , WHOLE SPICES , BB ROYAL Dhania Dal/Karunjeerakam,bb Royal,30000133,https://www.bigbasket.com/pd/30000133/bb-royal-dhania-dal-100-g/,"bb Royal Dhania Dal/Karunjeerakam, 100 g",60,Rs 54,10%,100 g,veg,https://www.bigbasket.com/media/uploads/p/mm/30000133_4-bb-royal-dhania-dal.jpg,"Dhania Dal is a well-liked herb used widely in cuisines world over and is also very beneficial for health. It has lemony, citrusy savour when crushed, and it has pinene and terpenes linalool. It is also a useful antiseptic as it has citronella which helps in remedial mouth ulcers.",3000013399,https://www.bigbasket.com/media/uploads/p/l/30000133_4-bb-royal-dhania-dal.jpg
1494," FOODGRAINS, OIL & MASALA ", DRY FRUITS , RAISINS , BB ROYAL Netal Raisins/Kishmish/Kaintha Thratchai,bb Royal,10000505,https://www.bigbasket.com/pd/10000505/bb-royal-raisinskishmish-netal-100-g-pouch/,"bb Royal Netal Raisins/Kishmish/Kaintha Thratchai, 100 g Pouch",80,Rs 75,6%,100 g,veg,https://www.bigbasket.com/media/uploads/p/mm/10000505_6-bb-royal-raisinskishmish-netal.jpg,"Raisins are the dried form of the grape-filled with energy & nutrition and are a suitable, high energy low fat snack and they are wealthy in calories & sugars. It is wealthy in several antioxidants containing resveratrol, anthocyanins (especially those derived from red/purple grapes), tannins and catechins.  It gives 10% of daily-required levels of dietary fibre & protein for 100 grams. It is also an excellent source of the B-complex vitamins and vitamin E, C & K. Click here for unique and delicious recipes - https://www.bigbasket.com/flavors/collections/231/dry-fruits-berries-nuts/",1000050599,https://www.bigbasket.com/media/uploads/p/l/10000505_6-bb-royal-raisinskishmish-netal.jpg
1495," FOODGRAINS, OIL & MASALA ", DRY FRUITS , RAISINS , BB ROYAL Netal Raisins/Kishmish/Kaintha Thratchai,bb Royal,10000531,https://www.bigbasket.com/pd/10000531/bb-royal-raisinskishmish-netal-200-g-pouch/,"bb Royal Netal Raisins/Kishmish/Kaintha Thratchai, 200 g Pouch",160,Rs 144,16,200 g,veg,https://www.bigbasket.com/media/uploads/p/mm/10000531_5-bb-royal-raisinskishmish-netal.jpg,"Afghan raisins are deep-brown coloured, wrinkle-skinned dried grapes with tough flesh that have been cultivated in the regions of Afghanistan (one of the largest raisin producers). It offers 10% of daily-required levels of dietary fibre and protein for 100 grams. It is also a high-quality supply of the B-complex vitamins and vitamin E, C & K. Click here for unique and delicious recipes - https://www.bigbasket.com/flavors/collections/231/dry-fruits-berries-nuts/",1000053199,https://www.bigbasket.com/media/uploads/p/l/10000531_5-bb-royal-raisinskishmish-netal.jpg
1500," FOODGRAINS, OIL & MASALA ", MASALAS & SPICES , WHOLE SPICES , BB POPULAR Khus Khus/Posta Dana,bb Popular,40133683,https://www.bigbasket.com/pd/40133683/bb-popular-khus-khusposta-dana-50-g/,"bb Popular Khus Khus/Posta Dana, 50 g",75,Rs 62,17%,50 g,veg,https://www.bigbasket.com/media/uploads/p/mm/40133683_3-bb-popular-khus-khusposta-dana.jpg,"Khus Khus, also known as poppy seeds, are obtained from the opium poppy. These seeds are used for obtaining khus khus oil. The BB Royal Khus Khus is derived from high-quality pods to and packed hygienically to meet the best quality standards.",40133683,https://www.bigbasket.com/media/uploads/p/l/40133683_3-bb-popular-khus-khusposta-dana.jpg
1522," FOODGRAINS, OIL & MASALA ", ORGANIC STAPLES ," ORGANIC RICE, OTHER RICE ", BB ROYAL Organic - Broken Rice,bb Royal,40106315,https://www.bigbasket.com/pd/40106315/bb-royal-organic-broken-rice-1-kg/,"bb Royal Organic - Broken Rice, 1 kg",65,Rs 50,23%,1 kg,veg,https://www.bigbasket.com/media/uploads/p/mm/40106315_5-bb-royal-organic-broken-rice.jpg,"Organic Broken rice can also be consumed as part of local cuisine in several countries in Africa, Thailand, and elsewhere in South East Asia, where the broken varieties are often less expensive",40106315,https://www.bigbasket.com/media/uploads/p/l/40106315_5-bb-royal-organic-broken-rice.jpg
1536," FOODGRAINS, OIL & MASALA ", ORGANIC STAPLES , ORGANIC DRY FRUITS , BB ROYAL Organic Whole Walnut,bb Royal,40168549,https://www.bigbasket.com/pd/40168549/bb-royal-organic-whole-walnut-100-g/,"bb Royal Organic Whole Walnut, 100 g",125,Rs 120,5,100 g,veg,https://www.bigbasket.com/media/uploads/p/mm/40168549_7-bb-royal-organic-whole-walnut.jpg,"BB Royal Walnut Kernels not only add crunch and taste to a dish, but they are loaded with nutritional benefits too. The uneven texture of the kernels along with the light brown colour, make them delicacies on their own. Benefits:  Walnuts are rich in dietary fibres and vitamins and contain minerals like iron, copper, potassium, and calcium. They boost your body's metabolism and relieve mild constipation too.  Walnuts are great for those suffering from liver ailments and are believed to improve brain health as well.",40168549,https://www.bigbasket.com/media/uploads/p/l/40168549_7-bb-royal-organic-whole-walnut.jpg
1537," FOODGRAINS, OIL & MASALA ", ORGANIC STAPLES , ORGANIC DRY FRUITS , BB ROYAL Organic Whole Walnut,bb Royal,40168550,https://www.bigbasket.com/pd/40168550/bb-royal-organic-whole-walnut-200-g/,"bb Royal Organic Whole Walnut, 200 g",245,Rs 210,14%,200 g,veg,https://www.bigbasket.com/media/uploads/p/mm/40168550_6-bb-royal-organic-whole-walnut.jpg,"BB Royal Walnut Kernels not only add crunch and taste to a dish, but they are loaded with nutritional benefits too. The uneven texture of the kernels along with the light brown colour, make them delicacies on their own. Benefits:  Walnuts are rich in dietary fibres and vitamins and contain minerals like iron, copper, potassium, and calcium. They boost your body's metabolism and relieve mild constipation too. Walnuts are great for those suffering from liver ailments and are believed to improve brain health as well.",40168550,https://www.bigbasket.com/media/uploads/p/l/40168550_6-bb-royal-organic-whole-walnut.jpg
1562," FOODGRAINS, OIL & MASALA ", ORGANIC STAPLES ," ORGANIC RICE, OTHER RICE "," BB ROYAL Organic - Basmati Rice, Brown",bb Royal,40076864,https://www.bigbasket.com/pd/40076864/bb-royal-organic-basmati-rice-brown-1-kg/,"bb Royal Organic - Basmati Rice, Brown, 1 kg",165,Rs 147,11%,1 kg,veg,https://www.bigbasket.com/media/uploads/p/mm/40076864_10-bb-royal-organic-basmati-rice-brown.jpg,"Basmati, the king of rice is well-known to have the most delightful fragrance and beautiful long grains along with that our basmati comes with totally no artificial additions. All along with these qualities, our basmati also comes with totally no harmful additives and pesticides.",40076864,https://www.bigbasket.com/media/uploads/p/l/40076864_10-bb-royal-organic-basmati-rice-brown.jpg
1593," FOODGRAINS, OIL & MASALA ", RICE & RICE PRODUCTS , BASMATI RICE , BB ROYAL Long Grain Rice Parmal,bb Royal,1211912,https://www.bigbasket.com/pd/1211912/bb-royal-long-grain-rice-parmal-2x5-kg/,"bb Royal Long Grain Rice Parmal, 2x5 Kg Multipack",680,Rs 568,16%,2x5 Kg,,https://www.bigbasket.com/media/uploads/p/mm/1211912_1-bb-royal-long-grain-rice-parmal.jpg,Basmati Long Grain Rice can be exclusively identified by its aromatic and length of grains. Basmati rice being an unforgettable and rich blend of royalty and tradition optimizes the spirit of an exclusive and incredible India. Click here for unique and delicious recipes - https://www.bigbasket.com/flavors/collections/233/rice-rice-products/,1211912,https://www.bigbasket.com/media/uploads/p/l/1211912_1-bb-royal-long-grain-rice-parmal.jpg
1594," FOODGRAINS, OIL & MASALA ", RICE & RICE PRODUCTS , BASMATI RICE , BB ROYAL Long Grain Rice (Parmal),bb Royal,40067662,https://www.bigbasket.com/pd/40067662/bb-royal-long-grain-rice-parmal-5-kg/,"bb Royal Long Grain Rice (Parmal), 5 kg",340,Rs 289,15%,5 kg,veg,https://www.bigbasket.com/media/uploads/p/mm/40067662_5-bb-royal-long-grain-rice-parmal.jpg,Basmati Long Grain Rice can be exclusively identified by its aromatic and length of grains. Basmati rice being an unforgettable and rich blend of royalty and tradition optimizes the spirit of an exclusive and incredible India. Click here for unique and delicious recipes - https://www.bigbasket.com/flavors/collections/233/rice-rice-products/,40067662,https://www.bigbasket.com/media/uploads/p/l/40067662_5-bb-royal-long-grain-rice-parmal.jpg
1597," FOODGRAINS, OIL & MASALA ", DRY FRUITS , CASHEWS , FABBOX Pepper Cashews,FabBox,800401510,https://www.bigbasket.com/pd/800401510/fabbox-pepper-cashews-70-g/,"FabBox Pepper Cashews, 70 g",200,,,70 g,veg,https://www.bigbasket.com/media/uploads/p/mm/800401510_8-fabbox-pepper-cashews.jpg,"Roasted Cashews married to Black Pepper! Yeah, it's crunchy, it's hot and its cashews! No that's not what heaven might feel like but almost there ;) It is high in protein and is a rich source of fibre. It contains no added sugar and contains ingredients like roasted kaju. It is a healthy snack that contains no trans fat. These are roasted nuts and roasted Snacks",800401510,https://www.bigbasket.com/media/uploads/p/l/800401510_8-fabbox-pepper-cashews.jpg
1598," FOODGRAINS, OIL & MASALA ", RICE & RICE PRODUCTS ," POHA, SABUDANA & MURMURA ", BB ROYAL Wheat Lokwan/Godhumai,bb Royal,30000234,https://www.bigbasket.com/pd/30000234/bb-royal-wheat-lokwan-5-kg-bag/,"bb Royal Wheat Lokwan/Godhumai, 5 kg Bag",280,Rs 252,28,5 kg,veg,https://www.bigbasket.com/media/uploads/p/mm/30000234_6-bb-royal-wheat-lokwan.jpg,"Lokwan Wheat has a rich nutritional value and it is a rich supply of vitamins and protein. It gives a good taste. It is popular for its quality and purity, so wheat grains are popularly called the golden grains. It is highly nutritious and is rich in micronutrients such as carbohydrates, proteins, minerals and vitamins. It tastes great and is good for the heart. Click here for unique and delicious recipes - https://www.bigbasket.com/flavors/collections/230/dals-pulses/",30000234,https://www.bigbasket.com/media/uploads/p/l/30000234_6-bb-royal-wheat-lokwan.jpg
1605," FOODGRAINS, OIL & MASALA ", DRY FRUITS , OTHER DRY FRUITS , BB ROYAL Walnut/Akhrot Kernels,bb Royal,40122097,https://www.bigbasket.com/pd/40122097/bb-royal-walnutakhrot-kernels-100-g/,"bb Royal Walnut/Akhrot Kernels, 100 g",180,,,100 g,veg,https://www.bigbasket.com/media/uploads/p/mm/40122097_4-bb-royal-walnutakhrot-kernels.jpg,"Walnuts are a yummy way to add nutrition, taste and crunch to a meal. It consists of two bumpy lobes, which are off-white in colour and coated by a thin, light brown skin. They are rich in vitamins and dietary fibre in addition to minerals such as potassium, iron, copper and calcium. Click here for unique and delicious recipes - https://www.bigbasket.com/flavors/collections/231/dry-fruits-berries-nuts/",8.90426E+12,https://www.bigbasket.com/media/uploads/p/l/40122097_4-bb-royal-walnutakhrot-kernels.jpg
1614," FOODGRAINS, OIL & MASALA ", ORGANIC STAPLES , ORGANIC DALS & PULSES , BB ROYAL Organic - Masoor Black Whole,bb Royal,40135849,https://www.bigbasket.com/pd/40135849/bb-royal-organic-masoor-black-whole-1-kg/,"bb Royal Organic - Masoor Black Whole, 1 kg",142,Rs 115,19%,1 kg,veg,https://www.bigbasket.com/media/uploads/p/mm/40135849_6-bb-royal-organic-masoor-black-whole.jpg,"Organic Masoor whole, that comes in a hygienically sealed packet ensuring its freshness and taste. It plays a very important role in the vegetarian diet in the Indian cuisine. It is a good source of protein, amino acids, and vitamins. It cures diabetes, maintains your weight, reduces the risk of cancer, boosts immunity, improves digestion, and strengthens your bones and teeth.",40135849,https://www.bigbasket.com/media/uploads/p/l/40135849_6-bb-royal-organic-masoor-black-whole.jpg
1615," FOODGRAINS, OIL & MASALA ", ORGANIC STAPLES , ORGANIC DALS & PULSES ," BB ROYAL Organic - Black Masoordal, Whole / Massor Paruppu / Mysore Paruppu",bb Royal,40082789,https://www.bigbasket.com/pd/40082789/bb-royal-organic-masoor-black-whole-500-g/,"bb Royal Organic - Black Masoordal, Whole / Massor Paruppu / Mysore Paruppu, 500 g",73,Rs 60,18%,500 g,veg,https://www.bigbasket.com/media/uploads/p/mm/40082789_7-bb-royal-organic-masoor-black-whole.jpg,"Masoor dal is a powerhouse of nutrients and a wholesome addition to your diet. The organic staple is rich in calories, proteins and dietary fibre, and has long term benefits for your health and body. BB Royal’s Organic Masoor Black Whole is premium staple. You can use masoor dal in various Indian dal and curry preparations. BB Royal is a premium brand of organic staples by Big Basket. The entire range of products is sourced from the best of farms and produce to ensure high quality standards. - Qualified buyers with years of experience handpick all products under BB Royal after rigorous scrutiny. - All BB Royal products are cleaned and packed in hygienic facilities in high quality food grade packaging. - There is a no questions asked return policy on all BB Royal products in a bid to provide you nothing but the best!",40082789,https://www.bigbasket.com/media/uploads/p/l/40082789_7-bb-royal-organic-masoor-black-whole.jpg
1629," FOODGRAINS, OIL & MASALA ", ORGANIC STAPLES , ORGANIC FLOURS , BB ROYAL Organic - Rice Rava,bb Royal,40106317,https://www.bigbasket.com/pd/40106317/bb-royal-organic-rice-rava-500-g/,"bb Royal Organic - Rice Rava, 500 g",45,Rs 39,13%,500 g,veg,https://www.bigbasket.com/media/uploads/p/mm/40106317_13-bb-royal-organic-rice-rava.jpg,"Rice rava or Semolina is a wholesome addition to your diet. The organic staple is rich in B vitamins such as thiamine and folate that primarily help in converting food to energy. It is a great source of iron and magnesium. These minerals aid the production of healthy red blood cells, are good for the heart and help control blood sugar levels. BB Royal’s Organic Rice Rava is premium staple, packed with nutrients. You can use rice rava to make a variety of dishes (especially South Indian favourites) such as Upma, Pidi Kozhakattai, Payasam, Kanji etc. BB Royal is a premium brand of organic staples by Big Basket. The entire range of products is sourced from the best of farms and produce to ensure high quality standards. - Qualified buyers with years of experience handpick all products under BB Royal after rigorous scrutiny. - All BB Royal products are cleaned and packed in hygienic facilities in high quality food grade packaging. - There is a no questions asked return policy on all BB Royal products in a bid to provide you nothing but the best!",40106317,https://www.bigbasket.com/media/uploads/p/l/40106317_13-bb-royal-organic-rice-rava.jpg
1647," FOODGRAINS, OIL & MASALA "," SALT, SUGAR & JAGGERY ", SUGAR & JAGGERY , BB ROYAL Jaggery - Cubes,bb Royal,40097132,https://www.bigbasket.com/pd/40097132/bb-royal-jaggery-cubes-400-g/,"bb Royal Jaggery - Cubes, 400 g",72,Rs 65,10%,400 g,veg,https://www.bigbasket.com/media/uploads/p/mm/40097132_6-bb-royal-jaggery-cubes.jpg,"The benefits of jaggery include its ability to cleanse your body, act as a digestive agent, sweeten your food ina healthy manner, and provide good amounts of minerals.",8.90426E+12,https://www.bigbasket.com/media/uploads/p/l/40097132_6-bb-royal-jaggery-cubes.jpg
1654," FOODGRAINS, OIL & MASALA ", ORGANIC STAPLES , ORGANIC DALS & PULSES , BB ROYAL Organic Red Rajma,bb Royal,40098406,https://www.bigbasket.com/pd/40098406/bb-royal-organic-red-rajma-500-g/,"bb Royal Organic Red Rajma, 500 g",110,Rs 83,25%,500 g,veg,https://www.bigbasket.com/media/uploads/p/mm/40098406_7-bb-royal-organic-red-rajma.jpg,"BB Royal Organic Rajma Red is dark red kidney beans which are known for their rich red colour even after being cooked. These are an outstanding supply of dietary fibre, folate & manganese. It is a fine source of protein, magnesium, iron, copper, phosphorus, and potassium. These are low in fat and loaded with nutrients. It is free of synthetic chemicals and pesticides.",40098406,https://www.bigbasket.com/media/uploads/p/l/40098406_7-bb-royal-organic-red-rajma.jpg
1671," FOODGRAINS, OIL & MASALA ", ORGANIC STAPLES , ORGANIC MASALAS & SPICES , BB ROYAL Organic - Mace Whole/Javitri,bb Royal,40100959,https://www.bigbasket.com/pd/40100959/bb-royal-organic-mace-wholejavitri-20-g/,"bb Royal Organic - Mace Whole/Javitri, 20 g",99,Rs 79,20%,20 g,veg,https://www.bigbasket.com/media/uploads/p/mm/40100959_9-bb-royal-organic-mace-wholejavitri.jpg,"Javantri consists of the necessary oils, which gives out its peculiar rich aroma and a strong, warm taste. It is hard to grind, so it is generally roasted until brittle, then grinded. Its mildly sweet taste is commonly used in infusions, such as tasting milk for a white sauce, or marinated with meats. Chutneys and Pickles are also generally spiced with javantri.",40100959,https://www.bigbasket.com/media/uploads/p/l/40100959_9-bb-royal-organic-mace-wholejavitri.jpg
1691," FOODGRAINS, OIL & MASALA ", ORGANIC STAPLES , ORGANIC DRY FRUITS , BB ROYAL Organic Cashew/Kaju - Whole,bb Royal,40191475,https://www.bigbasket.com/pd/40191475/bb-royal-organic-cashewkaju-whole-1-kg/,"bb Royal Organic Cashew/Kaju - Whole, 1 Kg",1399,Rs 999,29%,1 Kg,veg,https://www.bigbasket.com/media/uploads/p/mm/40191475_2-bb-royal-organic-cashewkaju-whole.jpg,"Cashew Whole is enhanced with high calorie and fat content. It contains several health advantages because of their rich mineral content. It is rich in iron, Zinc, Copper and Manganese for metabolism. It is enormous for adding a creamy texture to your dishes with no overpowering other flavours. You can also enjoy entire cashews as a snack on their own. It is free of synthetic chemicals and pesticides.",__ EAN__,https://www.bigbasket.com/media/uploads/p/l/40191475_2-bb-royal-organic-cashewkaju-whole.jpg
1692," FOODGRAINS, OIL & MASALA ", ORGANIC STAPLES , ORGANIC DRY FRUITS , BB ROYAL Organic Cashew/Kaju - Whole,bb Royal,40191476,https://www.bigbasket.com/pd/40191476/bb-royal-organic-cashewkaju-whole-500-g/,"bb Royal Organic Cashew/Kaju - Whole, 500 g",700,Rs 499,29%,500 g,veg,https://www.bigbasket.com/media/uploads/p/mm/40191476_1-bb-royal-organic-cashewkaju-whole.jpg,"Cashew Whole is enhanced with high calorie and fat content. It contains several health advantages because of their rich mineral content. It is rich in iron, Zinc, Copper and Manganese for metabolism. It is enormous for adding a creamy texture to your dishes with no overpowering other flavours. You can also enjoy entire cashews as a snack on their own. It is free of synthetic chemicals and pesticides.",__ EAN__,https://www.bigbasket.com/media/uploads/p/l/40191476_1-bb-royal-organic-cashewkaju-whole.jpg
1693," FOODGRAINS, OIL & MASALA ", ORGANIC STAPLES , ORGANIC DRY FRUITS , BB ROYAL Organic Cashew/Kaju - Whole,bb Royal,40191477,https://www.bigbasket.com/pd/40191477/bb-royal-organic-cashewkaju-whole-200-g/,"bb Royal Organic Cashew/Kaju - Whole, 200 g",280,Rs 230,18%,200 g,veg,https://www.bigbasket.com/media/uploads/p/mm/40191477_2-bb-royal-organic-cashewkaju-whole.jpg,"Cashew Whole is enhanced with high calorie and fat content. It contains several health advantages because of their rich mineral content. It is rich in iron, Zinc, Copper and Manganese for metabolism. It is enormous for adding a creamy texture to your dishes with no overpowering other flavours. You can also enjoy entire cashews as a snack on their own. It is free of synthetic chemicals and pesticides.",__ EAN__,https://www.bigbasket.com/media/uploads/p/l/40191477_2-bb-royal-organic-cashewkaju-whole.jpg
1694," FOODGRAINS, OIL & MASALA ", ORGANIC STAPLES , ORGANIC DRY FRUITS , BB ROYAL Organic Cashew/Kaju - Whole,bb Royal,40191478,https://www.bigbasket.com/pd/40191478/bb-royal-organic-cashewkaju-whole-100-g/,"bb Royal Organic Cashew/Kaju - Whole, 100 g",140,Rs 129,11,100 g,veg,https://www.bigbasket.com/media/uploads/p/mm/40191478_2-bb-royal-organic-cashewkaju-whole.jpg,"Cashew Whole is enhanced with high calorie and fat content. It contains several health advantages because of their rich mineral content. It is rich in iron, Zinc, Copper and Manganese for metabolism. It is enormous for adding a creamy texture to your dishes with no overpowering other flavours. You can also enjoy entire cashews as a snack on their own. It is free of synthetic chemicals and pesticides.",__ EAN__,https://www.bigbasket.com/media/uploads/p/l/40191478_2-bb-royal-organic-cashewkaju-whole.jpg
1698," FOODGRAINS, OIL & MASALA ", MASALAS & SPICES , WHOLE SPICES , BB POPULAR Khus Khus/Posta Dana,bb Popular,40085043,https://www.bigbasket.com/pd/40085043/bb-popular-khus-khusposta-dana-200-g/,"bb Popular Khus Khus/Posta Dana, 200 g",320,Rs 234,27%,200 g,veg,https://www.bigbasket.com/media/uploads/p/mm/40085043_8-bb-popular-khus-khusposta-dana.jpg,Khus Khus is a herb that is used to treat various health conditions. The granular round grains are used for cooking. It is one of the popular ingredients that is used to make several delicious Indian dishes.,40085043,https://www.bigbasket.com/media/uploads/p/l/40085043_8-bb-popular-khus-khusposta-dana.jpg
1724," FOODGRAINS, OIL & MASALA ", ORGANIC STAPLES , ORGANIC DRY FRUITS , BB ROYAL Organic - Cashew/Kaju Whole Extra Bold,bb Royal,40092918,https://www.bigbasket.com/pd/40092918/bb-royal-organic-cashewkaju-whole-extra-bold-100-g/,"bb Royal Organic - Cashew/Kaju Whole Extra Bold, 100 g",175,Rs 149,15%,100 g,veg,https://www.bigbasket.com/media/uploads/p/mm/40092918_6-bb-royal-organic-cashewkaju-whole-extra-bold.jpg,"Cashew Whole is enhanced with high calorie and fat content. It contains several health advantages because of their rich mineral content. It is rich in iron, Zinc, Copper and Manganese for metabolism. It is enormous for adding creamy texture to your dishes with no overpowering other flavors. You can also enjoy entire cashews as a snack on their own. It is free from synthetic chemicals and pesticides.",40092918,https://www.bigbasket.com/media/uploads/p/l/40092918_6-bb-royal-organic-cashewkaju-whole-extra-bold.jpg
1725," FOODGRAINS, OIL & MASALA ", ORGANIC STAPLES , ORGANIC DRY FRUITS , BB ROYAL Organic - Cashew/Kaju Whole Extra Bold,bb Royal,40092919,https://www.bigbasket.com/pd/40092919/bb-royal-organic-cashewkaju-whole-extra-bold-200-g/,"bb Royal Organic - Cashew/Kaju Whole Extra Bold, 200 g",349,Rs 289,17%,200 g,veg,https://www.bigbasket.com/media/uploads/p/mm/40092919_6-bb-royal-organic-cashewkaju-whole-extra-bold.jpg,"Cashew Whole is enhanced with high calorie and fat content. It contains several health advantages because of their rich mineral content. It is rich in iron, Zinc, Copper and Manganese for metabolism. It is enormous for adding creamy texture to your dishes with no overpowering other flavors. You can also enjoy entire cashews as a snack on their own. It is free from synthetic chemicals and pesticides.",40092919,https://www.bigbasket.com/media/uploads/p/l/40092919_6-bb-royal-organic-cashewkaju-whole-extra-bold.jpg
1733," FOODGRAINS, OIL & MASALA ", DRY FRUITS , OTHER DRY FRUITS , BB ROYAL Pumpkin seeds/Puca?i Vitaika?,bb Royal,40018816,https://www.bigbasket.com/pd/40018816/bb-royal-green-pumpkin-seeds-100-g-pouch/,"bb Royal Pumpkin seeds/Puca?i Vitaika?, 100 g Pouch",100,Rs 80,20%,100 g,veg,https://www.bigbasket.com/media/uploads/p/mm/40018816_8-bb-royal-green-pumpkin-seeds.jpg,bb Royal's pumpkin seeds are of premium quality that is unmatched by any other similar product in the market. They are not salted and left in their natural form and hence are edible even without cooking or processing. bigbasket procures these seeds from reliable vendors so that the quality and nutritional value of these seeds are never compromised. Each pouch is tamperproof and quality checked before dispatching. Click here for unique and delicious recipes - https://www.bigbasket.com/flavors/collections/231/dry-fruits-berries-nuts/,8.90417E+12,https://www.bigbasket.com/media/uploads/p/l/40018816_8-bb-royal-green-pumpkin-seeds.jpg
1742," FOODGRAINS, OIL & MASALA ", ORGANIC STAPLES , ORGANIC MASALAS & SPICES , BB ROYAL Organic - Methi/Fenugreek Powder,bb Royal,40100962,https://www.bigbasket.com/pd/40100962/bb-royal-organic-methifenugreek-powder-100-g/,"bb Royal Organic - Methi/Fenugreek Powder, 100 g",26,Rs 19,27%,100 g,veg,https://www.bigbasket.com/media/uploads/p/mm/40100962_11-bb-royal-organic-methifenugreek-powder.jpg,"Fenugreek/methi used in small quantities to Fenugreek is an excellent herbal remedy for reducing cholesterol and blood sugar levels flavour the food. Its commonly used in curries,vegetableDishes, dals,methi paratha. A hint of it can be added to a glass of water and taken in empty stomach.",40100962,https://www.bigbasket.com/media/uploads/p/l/40100962_11-bb-royal-organic-methifenugreek-powder.jpg
1743," FOODGRAINS, OIL & MASALA ", ORGANIC STAPLES , ORGANIC MASALAS & SPICES , BB ROYAL Organic - Methi/Fenugreek Powder,bb Royal,40135851,https://www.bigbasket.com/pd/40135851/bb-royal-organic-methifenugreek-powder-200-g/,"bb Royal Organic - Methi/Fenugreek Powder, 200 g",52,Rs 37,29%,200 g,veg,https://www.bigbasket.com/media/uploads/p/mm/40135851_9-bb-royal-organic-methifenugreek-powder.jpg,"Fenugreek/Methi is used in small quantities to the food as it is an excellent herbal remedy for reducing cholesterol. Also, it controls the blood sugar levels, provides lactation, controls diabetes, treats kidney problems, prevents colon cancer, and soothes irritation. Its commonly used in curries, vegetable dishes, dals, and methi paratha. A hint of it can be added to a glass of water and taken in empty stomach.",40135851,https://www.bigbasket.com/media/uploads/p/l/40135851_9-bb-royal-organic-methifenugreek-powder.jpg
1745," FOODGRAINS, OIL & MASALA ", RICE & RICE PRODUCTS ," POHA, SABUDANA & MURMURA ", BB ROYAL Wheat Sihor/Godhumai,bb Royal,30008046,https://www.bigbasket.com/pd/30008046/bb-royal-wheat-sihor-5-kg-pouch/,"bb Royal Wheat Sihor/Godhumai, 5 kg Pouch",275,Rs 248,27,5 kg,veg,https://www.bigbasket.com/media/uploads/p/mm/30008046_4-bb-royal-wheat-sihor.jpg,"Sihor whole wheat flour is mainly used for making chapatti, roti and paratha flour. Chapatti appears more whitish in colour. It is also used for making bread, biscuits, cakes, pasta, noodles etc. Click here for unique and delicious recipes - https://www.bigbasket.com/flavors/collections/230/dals-pulses/",30008046,https://www.bigbasket.com/media/uploads/p/l/30008046_4-bb-royal-wheat-sihor.jpg
1767," FOODGRAINS, OIL & MASALA ", DRY FRUITS , OTHER DRY FRUITS , BB ROYAL Chironji/Saara Paruppu,bb Royal,40000211,https://www.bigbasket.com/pd/40000211/bb-royal-chironji-50-g-pouch/,"bb Royal Chironji/Saara Paruppu, 50 g Pouch",100,,,50 g,veg,https://www.bigbasket.com/media/uploads/p/mm/40000211_3-bb-royal-chironji.jpg,"Chirongi nuts are little, round musky-flavoured nut traditionally utilized in the region around Hyderabad in India. They are the essential parts of a fruit whose shell dries to bustle rigidity. The fruit is fractured open and the nuts are taken out. They are slightly flat and round in shape and are the size of lentils. Click here for unique and delicious recipes - https://www.bigbasket.com/flavors/collections/231/dry-fruits-berries-nuts/",400002116,https://www.bigbasket.com/media/uploads/p/l/40000211_3-bb-royal-chironji.jpg
1773," FOODGRAINS, OIL & MASALA ", ORGANIC STAPLES ," ORGANIC SUGAR, JAGGERY ", BB ROYAL Organic - Jaggery Granules / Vellam,bb Royal,40089598,https://www.bigbasket.com/pd/40089598/bb-royal-organic-jaggery-granules-500-g/,"bb Royal Organic - Jaggery Granules / Vellam, 500 g",65,Rs 50,23%,500 g,,https://www.bigbasket.com/media/uploads/p/mm/40089598_7-bb-royal-organic-jaggery-granules.jpg,Granuler Jaggery is an unrefined healthy sweetner produced using concentrated sugar cane juice. It is high fiber and mineral content. It is a respiratory track cleaner.,40089598,https://www.bigbasket.com/media/uploads/p/l/40089598_7-bb-royal-organic-jaggery-granules.jpg
1776," FOODGRAINS, OIL & MASALA ", ORGANIC STAPLES , ORGANIC MASALAS & SPICES , BB ROYAL Organic - Imli Powder Dehydrated,bb Royal,40179089,https://www.bigbasket.com/pd/40179089/bb-royal-organic-imli-powder-dehydrated-20-g/,"bb Royal Organic - Imli Powder Dehydrated, 20 g",14,Rs 13,7%,20 g,veg,https://www.bigbasket.com/media/uploads/p/mm/40179089_3-bb-royal-organic-imli-powder-dehydrated.jpg,"This organic Imli Powder is a tangy delight that helps digestion, heart problems. Sweet & tangy, This powder is really helpful for the body. It aids digestion, improves eyesight & lowers high blood pressure.",40179089,https://www.bigbasket.com/media/uploads/p/l/40179089_3-bb-royal-organic-imli-powder-dehydrated.jpg
1777," FOODGRAINS, OIL & MASALA ", ORGANIC STAPLES , ORGANIC MASALAS & SPICES , BB ROYAL Organic - Imli Powder Dehydrated,bb Royal,40179090,https://www.bigbasket.com/pd/40179090/bb-royal-organic-imli-powder-dehydrated-50-g/,"bb Royal Organic - Imli Powder Dehydrated, 50 g",35,Rs 30,14%,50 g,veg,https://www.bigbasket.com/media/uploads/p/mm/40179090_5-bb-royal-organic-imli-powder-dehydrated.jpg,"This organic Imli Powder is a tangy delight that helps digestion, heart problems. Sweet & tangy, This powder is really helpful for the body. It aids digestion, improves eyesight & lowers high blood pressure.",40179090,https://www.bigbasket.com/media/uploads/p/l/40179090_5-bb-royal-organic-imli-powder-dehydrated.jpg
1787," FOODGRAINS, OIL & MASALA ", ORGANIC STAPLES ," ORGANIC RICE, OTHER RICE ", BB ROYAL Organic - Proso Millet,bb Royal,40077491,https://www.bigbasket.com/pd/40077491/bb-royal-organic-proso-millet-500-g/,"bb Royal Organic - Proso Millet, 500 g",85,Rs 81,5%,500 g,veg,https://www.bigbasket.com/media/uploads/p/mm/40077491_4-bb-royal-organic-proso-millet.jpg,"Proso millet is more commonly known as whit millet or hog millet. Its scientific nomenclature is Panicum miliaceum.Health benefits of Proso millet comes from its unique properties among millets. It is completely gluten free, has significant amounts of carbohydrates and fatty acids. Apart from these, it also contains essential minerals like phosphorus, manganese, magnesium etc. Also it is easy to grow.",40077491,https://www.bigbasket.com/media/uploads/p/l/40077491_4-bb-royal-organic-proso-millet.jpg
1790," FOODGRAINS, OIL & MASALA ", MASALAS & SPICES , WHOLE SPICES , BB POPULAR Phool Makhana,bb Popular,40133680,https://www.bigbasket.com/pd/40133680/bb-popular-phool-makhana-50-g/,"bb Popular Phool Makhana, 50 g",75,Rs 65,13%,50 g,veg,https://www.bigbasket.com/media/uploads/p/mm/40133680_3-bb-popular-phool-makhana.jpg,"Phool Makhana or popped lotus seeds is an organic non-cereal nutritious food which is normally found in the stagnant water of lakes, tanks, ponds and wetlands. This is normally used to make makhana kheer, a sweet dish which is commonly consumed after fasting. Although some prefer to eat it raw or boiled, mostly it is used as an ingredient in Indian recipes.",40133680,https://www.bigbasket.com/media/uploads/p/l/40133680_3-bb-popular-phool-makhana.jpg
1792," FOODGRAINS, OIL & MASALA ", ORGANIC STAPLES , ORGANIC MASALAS & SPICES , BB ROYAL Organic - Wheat Grass Powder,bb Royal,40082787,https://www.bigbasket.com/pd/40082787/bb-royal-organic-wheat-grass-powder-100-g/,"bb Royal Organic - Wheat Grass Powder, 100 g",99,Rs 96,3%,100 g,veg,https://www.bigbasket.com/media/uploads/p/mm/40082787_8-bb-royal-organic-wheat-grass-powder.jpg,"Wheatgrass is a superfood with great health benefits. The organic ingredient has amazing therapeutic benefits and is nourishing. Wheatgrass powder has beneficial antioxidant, anti-inflammatory and anti-bacterial properties, and so much more! BB Royal’s Organic Wheat Grass Powder is premium product with countless benefits. Popular with health enthusiasts, you can use it as a health supplement. BB Royal is a premium brand of organic edibles by Big Basket. The entire range of products is sourced from the best of farms and produce to ensure high quality standards. - Qualified buyers with years of experience handpick all products under BB Royal after rigorous scrutiny. - All BB Royal products are cleaned and packed in hygienic facilities in high quality food grade packaging. - There is a no questions asked return policy on all BB Royal products in a bid to provide you nothing but the best!",40082787,https://www.bigbasket.com/media/uploads/p/l/40082787_8-bb-royal-organic-wheat-grass-powder.jpg
1802," FOODGRAINS, OIL & MASALA ", ORGANIC STAPLES , ORGANIC MASALAS & SPICES , BB ROYAL Organic - White Pepper,bb Royal,40077435,https://www.bigbasket.com/pd/40077435/bb-royal-organic-white-pepper-50-g/,"bb Royal Organic - White Pepper, 50 g",75,Rs 70,7%,50 g,veg,https://www.bigbasket.com/media/uploads/p/mm/40077435_7-bb-royal-organic-white-pepper.jpg,"White pepper or ripe peppercorns are sweeter and more subtle than black peppercorns in their flavour. The ingredient is preferred by chefs who wish to add a subtle peppery flavour to the dish, especially in dishes that need to remain white for visual appeal. In India, white pepper is widely used in the North to impart spicy and hot flavours to vegetarian dishes, while in the South it is used to spice up non-vegetarian preparations. BB Royal’s Organic White Pepper is premium spice, packed with flavour. You can use white pepper to add an enhanced spicy yet subtle flavour to a variety of curries and savoury preparations. BB Royal is a premium brand of organic staples by Big Basket. The entire range of products is sourced from the best of farms and produce to ensure high quality standards. - Qualified buyers with years of experience handpick all products under BB Royal after rigorous scrutiny. - All BB Royal products are cleaned and packed in hygienic facilities in high quality food grade packaging. - There is a no questions asked return policy on all BB Royal products in a bid to provide you nothing but the best!",40077435,https://www.bigbasket.com/media/uploads/p/l/40077435_7-bb-royal-organic-white-pepper.jpg
1803," FOODGRAINS, OIL & MASALA ", ORGANIC STAPLES ," ORGANIC EDIBLE OIL, GHEE ", BB ROYAL ORGANIC Cold Pressed Mustard Cooking Oil,BB Royal Organic,40170630,https://www.bigbasket.com/pd/40170630/bb-royal-organic-cold-pressed-mustard-cooking-oil-1-l/,"BB Royal Organic Cold Pressed Mustard Cooking Oil, 1 L",379,Rs 279,26%,1 L,veg,https://www.bigbasket.com/media/uploads/p/mm/40170630_5-bb-royal-organic-cold-pressed-mustard-cooking-oil.jpg,"BB Royal Organic Mustard oil is extracted by pressing certified organic mustard seeds in expeller under low- temperature condition known as cold pressing/expeller pressing and filtered through four-stage filtration resulting in healthy and nutritious oil with distinctive pungent taste which imparts its goodness to the food when we cook in it. Mustard oil still remains the best oil for cooking with its high smoking point, and always will be with its balanced nutrition profile and if it’s organic - it’s an added advantage. It provides essential fatty acids and polyunsaturated fatty acids (MUFA), which help to regulate blood cholesterol.",8.90426E+12,https://www.bigbasket.com/media/uploads/p/l/40170630_5-bb-royal-organic-cold-pressed-mustard-cooking-oil.jpg
1806," FOODGRAINS, OIL & MASALA ", MASALAS & SPICES , WHOLE SPICES , BB ROYAL Jeera Kadu/Bitter Cumin,bb Royal,40101703,https://www.bigbasket.com/pd/40101703/bb-royal-jeera-kadubitter-cumin-50-g/,"bb Royal Jeera Kadu/Bitter Cumin, 50 g",75,,,50 g,veg,https://www.bigbasket.com/media/uploads/p/mm/40101703_2-bb-royal-jeera-kadubitter-cumin.jpg,"Kadu Jeera/Bitter Cumin is considered to be antiparasitic and antimicrobial and used to reduce fever or as a painkiller. It also stimulates energy and helps in recovery from fatigue & low spirits.  Kadu Jeera/Bitter cumin is an effective cure for skin conditions such as allergies, eczema, acne, psoriasis and boils. Kadu Jeera/Bitter cumin is anti-parasitic treats flatulence, diarrhoea, haemorrhoids, constipation and dysentery.  Other Names: Bitter Cumin, Black Cumin Seeds.",40101703,https://www.bigbasket.com/media/uploads/p/l/40101703_2-bb-royal-jeera-kadubitter-cumin.jpg
1841," FOODGRAINS, OIL & MASALA ", ORGANIC STAPLES , ORGANIC FLOURS , BB ROYAL Organic - Red Rice Rava,bb Royal,40112919,https://www.bigbasket.com/pd/40112919/bb-royal-organic-red-rice-rava-500-g/,"bb Royal Organic - Red Rice Rava, 500 g",45,Rs 38,16%,500 g,veg,https://www.bigbasket.com/media/uploads/p/mm/40112919_4-bb-royal-organic-red-rice-rava.jpg,"Red rice rava is a wholesome addition to your diet. The organic staple is rich in iron, magnesium, fibre and antioxidants and has a low glycemic index. BB Royal’s Organic Red Rice Rava is premium staple, packed with nutrients. You can use red rice rava to make a variety of dishes (especially South Indian favourites) such as Upma, Pidi Kozhakattai, Payasam, Kanji etc BB Royal is a premium brand of organic staples by Big Basket. The entire range of products is sourced from the best of farms and produce to ensure high quality standards. - Qualified buyers with years of experience handpick all products under BB Royal after rigorous scrutiny. - All BB Royal products are cleaned and packed in hygienic facilities in high quality food grade packaging. - There is a no questions asked return policy on all BB Royal products in a bid to provide you nothing but the best!",40112919,https://www.bigbasket.com/media/uploads/p/l/40112919_4-bb-royal-organic-red-rice-rava.jpg
1900," FOODGRAINS, OIL & MASALA ", ORGANIC STAPLES ," ORGANIC RICE, OTHER RICE ", BB ROYAL Organic Brown Top Millet,bb Royal,40134032,https://www.bigbasket.com/pd/40134032/bb-royal-organic-brown-top-millet-500-g/,"bb Royal Organic Brown Top Millet, 500 g",91,Rs 70,23%,500 g,veg,https://www.bigbasket.com/media/uploads/p/mm/40134032_4-bb-royal-organic-brown-top-millet.jpg,"Millets belong to grain family, the oldest form of human food, unpolished millets rich in fibre.ÃƒÆ’Ã¢‚¬Å¡Ãƒ€šÃ‚ Millets are a group of highly variable small-seeded grasses, widely grown around the world as cereal crops or grains for fodder and human food.",40134032,https://www.bigbasket.com/media/uploads/p/l/40134032_4-bb-royal-organic-brown-top-millet.jpg
1909," FOODGRAINS, OIL & MASALA ", ORGANIC STAPLES , ORGANIC DALS & PULSES ," BB ROYAL Organic - Lobia, White",bb Royal,40079592,https://www.bigbasket.com/pd/40079592/bb-royal-organic-lobia-white-500-g/,"bb Royal Organic - Lobia, White, 500 g",85,Rs 74,13%,500 g,veg,https://www.bigbasket.com/media/uploads/p/mm/40079592_6-bb-royal-organic-lobia-white.jpg,"Lobia White is an extremely delicious, nutritious and protein packed dish. These are high in fiber, soluble fiber, complex protein, iron, carbohydrates, and folate. They are well known for their consistency and their ability to absorb tastes. Rich in fiber, white lobia also contain necessary nutrients such as minerals and vitamins.",40079592,https://www.bigbasket.com/media/uploads/p/l/40079592_6-bb-royal-organic-lobia-white.jpg
1929," FOODGRAINS, OIL & MASALA ", ORGANIC STAPLES , ORGANIC FLOURS , BB ROYAL Organic Barley Atta,bb Royal,40168531,https://www.bigbasket.com/pd/40168531/bb-royal-organic-barley-atta-500-g/,"bb Royal Organic Barley Atta, 500 g",55,Rs 40,27%,500 g,veg,https://www.bigbasket.com/media/uploads/p/mm/40168531_3-bb-royal-organic-barley-atta.jpg,Barley flour is a healthy flour that is popular across all Indian states. Sourced from Rajasthan this flour has a low glycaemic index and is rich in dietary fibre!,40168531,https://www.bigbasket.com/media/uploads/p/l/40168531_3-bb-royal-organic-barley-atta.jpg
1954," FOODGRAINS, OIL & MASALA ", ORGANIC STAPLES , ORGANIC MASALAS & SPICES , BB ROYAL Organic - Mustard/Rai Yellow / Kaduku,bb Royal,40089604,https://www.bigbasket.com/pd/40089604/bb-royal-organic-mustardrai-yellow-100-g/,"bb Royal Organic - Mustard/Rai Yellow / Kaduku, 100 g",29,Rs 19,34%,100 g,veg,https://www.bigbasket.com/media/uploads/p/mm/40089604_11-bb-royal-organic-mustardrai-yellow.jpg,Mustard seeds are extremely popular ingredient in all cuisine. They are known to contain various benefits since they are low in calories and high in nutritional value and contain a lot of antibacterial and antiseptic qualities.,40089604,https://www.bigbasket.com/media/uploads/p/l/40089604_11-bb-royal-organic-mustardrai-yellow.jpg
1966," FOODGRAINS, OIL & MASALA ", MASALAS & SPICES , POWDERED SPICES , BB ROYAL Powder Rock Salt,bb Royal,40053893,https://www.bigbasket.com/pd/40053893/bb-royal-powder-rock-salt-500-g/,"bb Royal Powder Rock Salt, 500 g",100,Rs 41,59%,500 g,,https://www.bigbasket.com/media/uploads/p/mm/40053893_2-bb-royal-powder-rock-salt.jpg,"Rock Salt has a less salty taste and is not chemically processed. It can be used as a healthy substitute of common salt as it is rich in minerals and does not pose health problems like high blood pressure, puffiness in the body or eyes.",40053893,https://www.bigbasket.com/media/uploads/p/l/40053893_2-bb-royal-powder-rock-salt.jpg
1989," FOODGRAINS, OIL & MASALA ", RICE & RICE PRODUCTS ," POHA, SABUDANA & MURMURA ", BB POPULAR Ragi/Raglu/Kizhvaragu,bb Popular,40003552,https://www.bigbasket.com/pd/40003552/bb-popular-ragiraglu-1-kg-pouch/,"bb Popular Ragi/Raglu/Kizhvaragu, 1 kg Pouch",75,Rs 66,12%,1 kg,,https://www.bigbasket.com/media/uploads/p/mm/40003552_7-bb-popular-ragiraglu.jpg,"Millet or Ragi as commonly well-known is frequently used in the South kitchens. It is a rich source of minerals like iron, calcium and thiamine. It is one of the most excellent health food for controlling diabetes and reducing weight and cooling the body. Click here for unique and delicious recipes - https://www.bigbasket.com/flavors/collections/230/dals-pulses/",40003552,https://www.bigbasket.com/media/uploads/p/l/40003552_7-bb-popular-ragiraglu.jpg
1990," FOODGRAINS, OIL & MASALA ", DALS & PULSES , CEREALS & MILLETS , BB POPULAR Ragi/Raglu/Kizhvaragu,bb Popular,40003551,https://www.bigbasket.com/pd/40003551/bb-popular-ragiraglu-500-g-pouch/,"bb Popular Ragi/Raglu/Kizhvaragu, 500 g Pouch",40,Rs 34,15%,500 g,,https://www.bigbasket.com/media/uploads/p/mm/40003551_8-bb-popular-ragiraglu.jpg,No other cereal comes close to ragi when it comes to calcium content. Calcium is an important factor when it comes to bone growth and avoidance of osteoporosis. Substituting calcium pills with a ragi kanji or porridge and including it in the diet of growing children is a good method to reap its benefits. Click here for unique and delicious recipes - https://www.bigbasket.com/flavors/collections/230/dals-pulses/,400035511,https://www.bigbasket.com/media/uploads/p/l/40003551_8-bb-popular-ragiraglu.jpg
2004," FOODGRAINS, OIL & MASALA ", DALS & PULSES , URAD & OTHER DALS , BB ROYAL Navaratan Dal,bb Royal,40073423,https://www.bigbasket.com/pd/40073423/bb-royal-navaratan-dal-500-g/,"bb Royal Navaratan Dal, 500 g",110,Rs 102,8,500 g,veg,https://www.bigbasket.com/media/uploads/p/mm/40073423_1-bb-royal-navaratan-dal.jpg,,40073423,https://www.bigbasket.com/media/uploads/p/l/40073423_1-bb-royal-navaratan-dal.jpg
2042," FOODGRAINS, OIL & MASALA ", DRY FRUITS , OTHER DRY FRUITS , FABBOX Dried Kiwi,FabBox,800401533,https://www.bigbasket.com/pd/800401533/fabbox-dried-kiwi-70-g/,"FabBox Dried Kiwi, 70 g",215,,,70 g,veg,https://www.bigbasket.com/media/uploads/p/mm/800401533_8-fabbox-dried-kiwi.jpg,"Like kiwi, eh? Our dried kiwi has a delicious sweet and slightly tangy taste. These fibre-packed dried kiwi slices have a vibrant green colour that is so much fun to look at, but even better to eat. It is gluten free and is a rich source of fibre and vitamins. It is a healthy snack that contains no preservatives.",800401533,https://www.bigbasket.com/media/uploads/p/l/800401533_8-fabbox-dried-kiwi.jpg
2050," FOODGRAINS, OIL & MASALA ", DRY FRUITS , OTHER DRY FRUITS , BB ROYAL Hazelnut,bb Royal,10000517,https://www.bigbasket.com/pd/10000517/bb-royal-hazelnut-100-gm-pouch/,"bb Royal Hazelnut, 100 gm Pouch",250,Rs 225,25,100 gm,veg,https://www.bigbasket.com/media/uploads/p/mm/10000517_4-bb-royal-hazelnut.jpg,"Hazelnuts are encased in a hard brown shell, soft but are the majority generally sold shelled. The cream-coloured kernel, sweet-tasting is round and little, with a pointed tip. It thin, dark brown skin is faintly bitter, so some people like to take away this before eating. Click here for unique and delicious recipes - https://www.bigbasket.com/flavors/collections/231/dry-fruits-berries-nuts/",1000051799,https://www.bigbasket.com/media/uploads/p/l/10000517_4-bb-royal-hazelnut.jpg
2072," FOODGRAINS, OIL & MASALA ", DRY FRUITS , OTHER DRY FRUITS , BB ROYAL Dates - Omani,bb Royal,40128187,https://www.bigbasket.com/pd/40128187/bb-royal-dates-omani-300-g/,"bb Royal Dates - Omani, 300 g",180,Rs 170,10,300 g,veg,https://www.bigbasket.com/media/uploads/p/mm/40128187_2-bb-royal-dates-omani.jpg,"Omani Dates are rich in nutrients like calcium, sulphur, iron, manganese, magnesium, fibre, and amino acids. They are also rich in other essential vitamins, like A1, B2, B3, B1 and B5. The deseeded dates are extremely helpful for recovering from several health disorders and it also aids in proper digestion, manages the nervous system, improves night blindness. It is also believed to be a great energy booster.",8.90426E+12,https://www.bigbasket.com/media/uploads/p/l/40128187_2-bb-royal-dates-omani.jpg
2085," FOODGRAINS, OIL & MASALA ", ORGANIC STAPLES ," ORGANIC RICE, OTHER RICE ", BB ROYAL Organic - Basmati Rice / Basmathi Arisi,bb Royal,40072461,https://www.bigbasket.com/pd/40072461/bb-royal-organic-basmati-rice-1-kg/,"bb Royal Organic - Basmati Rice / Basmathi Arisi, 1 kg",160,Rs 149,11,1 kg,veg,https://www.bigbasket.com/media/uploads/p/mm/40072461_10-bb-royal-organic-basmati-rice.jpg,"Basmati, the king of rice is well-known to have the most delightful fragrance and beautiful long grains along with that our basmati comes with totally no artificial additions. All along with these qualities, our basmati also comes with totally no harmful additives and pesticides.",40072461,https://www.bigbasket.com/media/uploads/p/l/40072461_10-bb-royal-organic-basmati-rice.jpg
2088," FOODGRAINS, OIL & MASALA ", DALS & PULSES , URAD & OTHER DALS , BB ROYAL Urad - Black (Whole),bb Royal,40053930,https://www.bigbasket.com/pd/40053930/bb-royal-urad-black-whole-1-kg/,"bb Royal Urad - Black (Whole), 1 kg",180,Rs 145,19%,1 kg,veg,https://www.bigbasket.com/media/uploads/p/mm/40053930_2-bb-royal-urad-black-whole.jpg,,40053930,https://www.bigbasket.com/media/uploads/p/l/40053930_2-bb-royal-urad-black-whole.jpg
2115," FOODGRAINS, OIL & MASALA ", MASALAS & SPICES , POWDERED SPICES , BB ROYAL Hing - Compounded Asafoetida,bb Royal,40176366,https://www.bigbasket.com/pd/40176366/bb-royal-hing-compounded-asafoetida-50-g/,"bb Royal Hing - Compounded Asafoetida, 50 g",80,Rs 65,19%,50 g,,https://www.bigbasket.com/media/uploads/p/mm/40176366_3-bb-royal-hing-compounded-asafoetida.jpg,"Asafoetida (Hing) is traditionally used as a carminative. Asafoetida is one of the most preferred asafoetida brands across the southern states. Asafoetida is the queen of spices and it enhances the food taste and serves as a digestive aid for humans. Minute quantities of Asafoetida (Hing) in food are beneficial for proper digestion. It is effective over various digestive disorders like flatulence, colic and stomach spasm, acidity, intestinal worms and digestive weakness.",__ EAN__,https://www.bigbasket.com/media/uploads/p/l/40176366_3-bb-royal-hing-compounded-asafoetida.jpg
2116," FOODGRAINS, OIL & MASALA ", DALS & PULSES , CEREALS & MILLETS , BB ROYAL Soya Chunks,bb Royal,40073434,https://www.bigbasket.com/pd/40073434/bb-royal-soya-chunks-200-g/,"bb Royal Soya Chunks, 200 g",40,Rs 33,18%,200 g,veg,https://www.bigbasket.com/media/uploads/p/mm/40073434_2-bb-royal-soya-chunks.jpg,Soya Granules are used as an additive in many recipes. It is popularly known as textured vegetable protein around the world. This adds to the protein nutritive value of your regular dishes. BB Royal Soya granules are great in taste and nourishment. This is good for lactating mothers and old aged person. Granules are easy to digest. This is a boon for pregnant women and for school going girls. Helps in your children growth by providing physical & mental growth. Click here for unique and delicious recipes - https://www.bigbasket.com/flavors/collections/230/dals-pulses/,40073434,https://www.bigbasket.com/media/uploads/p/l/40073434_2-bb-royal-soya-chunks.jpg
2118," FOODGRAINS, OIL & MASALA ", ORGANIC STAPLES , ORGANIC FLOURS , BB ROYAL Organic - Barnyard Millet/Kudiraivali Rice Flour,bb Royal,40176635,https://www.bigbasket.com/pd/40176635/bb-royal-organic-barnyard-milletkudiraivali-rice-flour-500-g/,"bb Royal Organic - Barnyard Millet/Kudiraivali Rice Flour, 500 g",88,Rs 65,26%,500 g,veg,https://www.bigbasket.com/media/uploads/p/mm/40176635_5-bb-royal-organic-barnyard-milletkudiraivali-rice-flour.jpg,"Barnyard millet is one of the most nutritious and delicious temperate millet well suited for growing in low rainfall areas. the flour is made of using organic grains and hygienically ground. Good source of protein, carbohydrate content is slowly digestible due to the property of formation of resistant starch, thus it is very helpful for patients with cardiovascular disease and diabetes mellitus. It is rich in dietary fibre and low glycemic index.",40176635,https://www.bigbasket.com/media/uploads/p/l/40176635_5-bb-royal-organic-barnyard-milletkudiraivali-rice-flour.jpg
2119," FOODGRAINS, OIL & MASALA ", ORGANIC STAPLES , ORGANIC FLOURS , BB ROYAL Organic - Barnyard Millet/Kudiraivali Rice Flour,bb Royal,40176639,https://www.bigbasket.com/pd/40176639/bb-royal-organic-barnyard-milletkudiraivali-rice-flour-1-kg/,"bb Royal Organic - Barnyard Millet/Kudiraivali Rice Flour, 1 kg",175,Rs 125,29%,1 kg,veg,https://www.bigbasket.com/media/uploads/p/mm/40176639_4-bb-royal-organic-barnyard-milletkudiraivali-rice-flour.jpg,"Barnyard millet is one of the most nutritious and delicious temperate millet well suited for growing in low rainfall areas. Flour is made of using organic grains and hygienically ground. It is a good source of protein.  The carbohydrate content is slowly digestible due to the property of formation of resistant starch, thus it is very helpful for patients with cardiovascular disease and diabetes mellitus. It is rich in dietary fibre and low glycemic index.",40176639,https://www.bigbasket.com/media/uploads/p/l/40176639_4-bb-royal-organic-barnyard-milletkudiraivali-rice-flour.jpg
2121," FOODGRAINS, OIL & MASALA ", DRY FRUITS , OTHER DRY FRUITS ," FABBOX Morning Mixed Berries - Dried, Cranberries & Blackberries",FabBox,800401561,https://www.bigbasket.com/pd/800401561/fabbox-morning-mixed-berries-dried-cranberries-blackberries-70-g/,"FabBox Morning Mixed Berries - Dried, Cranberries & Blackberries, 70 g",165,,,70 g,veg,https://www.bigbasket.com/media/uploads/p/mm/800401561_9-fabbox-morning-mixed-berries-dried-cranberries-blackberries.jpg,"Sweet and tart whole cranberries along with exceptional blackberries are great for snacking, mixing into yoghurt or cereal, or even baking. These berries are a good way to add fibre and vitamins in your daily munching life. Features: Gluten-free Source of fibre Vitamin-rich No preservatives",800401561,https://www.bigbasket.com/media/uploads/p/l/800401561_9-fabbox-morning-mixed-berries-dried-cranberries-blackberries.jpg
2133," FOODGRAINS, OIL & MASALA ", ORGANIC STAPLES ," ORGANIC RICE, OTHER RICE ", BB ROYAL Organic - Jowar / Cholam,bb Royal,40077493,https://www.bigbasket.com/pd/40077493/bb-royal-organic-jowarsorghum-millet-500-g/,"bb Royal Organic - Jowar / Cholam, 500 g",48,Rs 31,35%,500 g,veg,https://www.bigbasket.com/media/uploads/p/mm/40077493_10-bb-royal-organic-jowarsorghum-millet.jpg,"Sorghum is another one of the ancient cereal grain and grown mostly for their fodder value. Sorghum has high nutritional value, with high levels of unsaturated fats, protein, fibre, and minerals like phosphorus, potassium, calcium, and iron. Its also high in calories and macronutrients, jowar has more antioxidants than blueberries and pomegranates. Sorghum helps to improve metabolism.",40077493,https://www.bigbasket.com/media/uploads/p/l/40077493_10-bb-royal-organic-jowarsorghum-millet.jpg
2134," FOODGRAINS, OIL & MASALA ", ORGANIC STAPLES ," ORGANIC RICE, OTHER RICE ", BB ROYAL Organic Jowar/Sorghum Millet,bb Royal,40135846,https://www.bigbasket.com/pd/40135846/bb-royal-organic-jowarsorghum-millet-1-kg/,"bb Royal Organic Jowar/Sorghum Millet, 1 kg",80,Rs 57,29%,1 kg,veg,https://www.bigbasket.com/media/uploads/p/mm/40135846_8-bb-royal-organic-jowarsorghum-millet.jpg,"Sorghum is another one of the ancient cereal grain and grown mostly for their fodder value. Sorghum has high nutritional value, with high levels of unsaturated fats, protein, fibre, and minerals such as phosphorus, potassium, calcium, and iron.  Its also high in calories and macronutrients, jowar has more antioxidants than blueberries and pomegranates. Sorghum helps to improve metabolism.",40135846,https://www.bigbasket.com/media/uploads/p/l/40135846_8-bb-royal-organic-jowarsorghum-millet.jpg
2139," FOODGRAINS, OIL & MASALA ", ORGANIC STAPLES , ORGANIC MASALAS & SPICES , BB ROYAL Organic - Amchur/Amchoor Powder,bb Royal,40100969,https://www.bigbasket.com/pd/40100969/bb-royal-organic-amchuramchoor-powder-50-g/,"bb Royal Organic - Amchur/Amchoor Powder, 50 g",25,Rs 24,4%,50 g,veg,https://www.bigbasket.com/media/uploads/p/mm/40100969_3-bb-royal-organic-amchuramchoor-powder.jpg,BB Royal Organic has been in the taste making business for generations now. It brings together traditional and authentic Indian spices and packages them in powdered form or as spice mixes to ensure that your kitchen always has a delicious scent of home cooked food wafting out of it. The Amchoor Powder by BB Royal Organic is one of its high quality products.,40100969,https://www.bigbasket.com/media/uploads/p/l/40100969_3-bb-royal-organic-amchuramchoor-powder.jpg
2140," FOODGRAINS, OIL & MASALA ", ORGANIC STAPLES , ORGANIC MASALAS & SPICES , BB ROYAL Organic - Amchur/Amchoor Powder,bb Royal,40135836,https://www.bigbasket.com/pd/40135836/bb-royal-organic-amchuramchoor-powder-100-g/,"bb Royal Organic - Amchur/Amchoor Powder, 100 g",49,Rs 43,12%,100 g,veg,https://www.bigbasket.com/media/uploads/p/mm/40135836_4-bb-royal-organic-amchuramchoor-powder.jpg,"BB Royal Organic has been in the taste making business for generations now. It brings together the traditional and authentic Indian spices and packages them in the powdered form or as spice mixes to ensure that your kitchen always has a delicious scent of the home-cooked food wafting out of it. The Amchoor Powder by BB Royal Organic is one of its high-quality products. It limproves your digestion, induce weight loss, prevents cancer and maintains a healthy heart.",40135836,https://www.bigbasket.com/media/uploads/p/l/40135836_4-bb-royal-organic-amchuramchoor-powder.jpg
2141," FOODGRAINS, OIL & MASALA ", MASALAS & SPICES , POWDERED SPICES , BB ROYAL Powder - Rock Salt,bb Royal,40087377,https://www.bigbasket.com/pd/40087377/bb-royal-powder-rock-salt-200-g/,"bb Royal Powder - Rock Salt, 200 g",40,Rs 18,55%,200 g,veg,https://www.bigbasket.com/media/uploads/p/mm/40087377_2-bb-royal-powder-rock-salt.jpg,"Rock Salt has less salty taste and is not chemically processed. It can be used as a healthy substitute of common salt as it is rich in minerals and does not pose health problems like high blood pressure, puffiness in the body or eyes",40087377,https://www.bigbasket.com/media/uploads/p/l/40087377_2-bb-royal-powder-rock-salt.jpg
2142," FOODGRAINS, OIL & MASALA ", MASALAS & SPICES , POWDERED SPICES , BB ROYAL Powder - Rock Salt,bb Royal,40087378,https://www.bigbasket.com/pd/40087378/bb-royal-powder-rock-salt-100-g/,"bb Royal Powder - Rock Salt, 100 g",20,Rs 9,55%,100 g,,https://www.bigbasket.com/media/uploads/p/mm/40087378_2-bb-royal-powder-rock-salt.jpg,"Rock Salt has less salty taste and is not chemically processed. It can be used as a healthy substitute of common salt as it is rich in minerals and does not pose health problems like high blood pressure, puffiness in the body or eyes",40087378,https://www.bigbasket.com/media/uploads/p/l/40087378_2-bb-royal-powder-rock-salt.jpg
2144," FOODGRAINS, OIL & MASALA ", ORGANIC STAPLES , ORGANIC MASALAS & SPICES , BB ROYAL Organic - Lemon Powder Dehydrated,bb Royal,40179091,https://www.bigbasket.com/pd/40179091/bb-royal-organic-lemon-powder-dehydrated-20-g/,"bb Royal Organic - Lemon Powder Dehydrated, 20 g",20,Rs 19,5%,20 g,veg,https://www.bigbasket.com/media/uploads/p/mm/40179091_4-bb-royal-organic-lemon-powder-dehydrated.jpg,"This organic Lemon Powder is produced from ripped, clean, sound variety lemons in accordance with good manufacturing practices. It reserves the host of the bio-active ingredient of lemon and also its property (colour, smell and taste).  It is lemon yellowish in colour, free-flowing powder, retains all its nutrition values and does not contain any chemical preservative. It has typical intense lemony flavour and taste of watered and fresh lemon free from artificial flavour.",40179091,https://www.bigbasket.com/media/uploads/p/l/40179091_4-bb-royal-organic-lemon-powder-dehydrated.jpg
2145," FOODGRAINS, OIL & MASALA ", ORGANIC STAPLES , ORGANIC MASALAS & SPICES , BB ROYAL Organic - Lemon Powder Dehydrated,bb Royal,40179092,https://www.bigbasket.com/pd/40179092/bb-royal-organic-lemon-powder-dehydrated-50-g/,"bb Royal Organic - Lemon Powder Dehydrated, 50 g",49,Rs 40,18%,50 g,veg,https://www.bigbasket.com/media/uploads/p/mm/40179092_4-bb-royal-organic-lemon-powder-dehydrated.jpg,"This organic Lemon Powder is produced from ripped, clean, sound variety lemons in accordance with good manufacturing practices. It reserves the host of the bio-active ingredient of lemon and also its property (colour, smell and taste).  It is lemon yellowish in colour, free-flowing powder, retains all its nutrition values and does not contain any chemical preservative. It has typical intense lemony flavour and taste of watered and fresh lemon free from artificial flavour.",40179092,https://www.bigbasket.com/media/uploads/p/l/40179092_4-bb-royal-organic-lemon-powder-dehydrated.jpg
2149," FOODGRAINS, OIL & MASALA ", DALS & PULSES , URAD & OTHER DALS , BB ROYAL Soya Bean/Soya Beans,bb Royal,10000487,https://www.bigbasket.com/pd/10000487/bb-royal-soya-bean-200-g-pouch/,"bb Royal Soya Bean/Soya Beans, 200 g Pouch",30,Rs 23.69,21%,200 g,veg,https://www.bigbasket.com/media/uploads/p/mm/10000487_8-bb-royal-soya-bean.jpg,,10000487,https://www.bigbasket.com/media/uploads/p/l/10000487_8-bb-royal-soya-bean.jpg
2168," FOODGRAINS, OIL & MASALA ", ORGANIC STAPLES , ORGANIC MASALAS & SPICES , BB ROYAL Organic - Tomato Powder Dehydrated,bb Royal,40179097,https://www.bigbasket.com/pd/40179097/bb-royal-organic-tomato-powder-dehydrated-20-g/,"bb Royal Organic - Tomato Powder Dehydrated, 20 g",14,Rs 12,14%,20 g,veg,https://www.bigbasket.com/media/uploads/p/mm/40179097_5-bb-royal-organic-tomato-powder-dehydrated.jpg,"Organic Tomato Powder is flavourful, sweet with rich, natural colour. It is aromatic and full of anti-oxidant, helps to fight and prevent cancer & heart diseases.",40179097,https://www.bigbasket.com/media/uploads/p/l/40179097_5-bb-royal-organic-tomato-powder-dehydrated.jpg
2169," FOODGRAINS, OIL & MASALA ", ORGANIC STAPLES , ORGANIC MASALAS & SPICES , BB ROYAL Organic - Tomato Powder Dehydrated,bb Royal,40179098,https://www.bigbasket.com/pd/40179098/bb-royal-organic-tomato-powder-dehydrated-50-g/,"bb Royal Organic - Tomato Powder Dehydrated, 50 g",35,Rs 32,9%,50 g,veg,https://www.bigbasket.com/media/uploads/p/mm/40179098_4-bb-royal-organic-tomato-powder-dehydrated.jpg,"Organic Tomato Powder is flavourful, sweet with rich, natural colour. It is aromatic and full of anti-oxidant, helps to fight and prevent cancer & heart diseases. ",40179098,https://www.bigbasket.com/media/uploads/p/l/40179098_4-bb-royal-organic-tomato-powder-dehydrated.jpg
2242," FOODGRAINS, OIL & MASALA ", DRY FRUITS , ALMONDS , FABBOX Caramel Almond With Sesame Seeds,FabBox,40189861,https://www.bigbasket.com/pd/40189861/fabbox-caramel-almond-with-sesame-seeds-70-g-pouch/,"FabBox Caramel Almond With Sesame Seeds, 70 g Pouch",178,,,70 g,veg,https://www.bigbasket.com/media/uploads/p/mm/40189861_1-fabbox-caramel-almond-with-sesame-seeds.jpg,These Caramel almonds are just unbelievable. These whole almonds are roasted with a sweet caramel and sugar combination to give you a perfect crunchy treat.,7.11077E+12,https://www.bigbasket.com/media/uploads/p/l/40189861_1-fabbox-caramel-almond-with-sesame-seeds.jpg
2305," FOODGRAINS, OIL & MASALA ", MASALAS & SPICES , WHOLE SPICES , BB ROYAL Ajwain Whole/Omam,bb Royal,40000200,https://www.bigbasket.com/pd/40000200/bb-royal-ajwain-whole-100-g/,"bb Royal Ajwain Whole/Omam, 100 g",50,,,100 g,veg,https://www.bigbasket.com/media/uploads/p/mm/40000200_8-bb-royal-ajwain-whole.jpg,"BB Royal Organic Ajwain is one of the main herbs in Indian cuisine which gives out a hot pungent flavour. It has a strong flavour which goes well with any Indian dish especially North Indian dishes. Slightly bitter in taste with a distinctive taste, BB Royal Organic Ajwain are procured carefully from farmers, sorted and packed with care so that the nutritional value remains intact.",8.90417E+12,https://www.bigbasket.com/media/uploads/p/l/40000200_8-bb-royal-ajwain-whole.jpg
2306," FOODGRAINS, OIL & MASALA ", MASALAS & SPICES , WHOLE SPICES , BB ROYAL Ajwain Whole/Omam,bb Royal,40000201,https://www.bigbasket.com/pd/40000201/bb-royal-ajwain-whole-50-g/,"bb Royal Ajwain Whole/Omam, 50 g",30,,,50 g,veg,https://www.bigbasket.com/media/uploads/p/mm/40000201_9-bb-royal-ajwain-whole.jpg,"Ajwain seeds are egg-shaped and grey in colour. It has a pungent and slightly bitter taste with a distinctive aroma. It has a sharp, hot and burning taste on the tongue. Ajwain is one of the main herbs in Indian cuisine which gives out a hot pungent flavour. It has a strong flavour which goes well with any Indian dish especially North Indian dishes.",8.90417E+12,https://www.bigbasket.com/media/uploads/p/l/40000201_9-bb-royal-ajwain-whole.jpg
2307," FOODGRAINS, OIL & MASALA ", MASALAS & SPICES , WHOLE SPICES , BB ROYAL Fennel/Saunf - Small,bb Royal,30000313,https://www.bigbasket.com/pd/30000313/bb-royal-fennelsaunf-small-50-g/,"bb Royal Fennel/Saunf - Small, 50 g",30,,,50 g,veg,https://www.bigbasket.com/media/uploads/p/mm/30000313_4-bb-royal-fennelsaunf-small.jpg,"Saunf is a cooling and sweet-smelling herb that is used in different cooking preparations as well. It has an aromatic smell and flavour. It is a greenish-brown, small oval seed from a plant in the parsley family.",30000313,https://www.bigbasket.com/media/uploads/p/l/30000313_4-bb-royal-fennelsaunf-small.jpg
2308," FOODGRAINS, OIL & MASALA ", MASALAS & SPICES , WHOLE SPICES , BB ROYAL Saunf Small/Perunjeeragam,bb Royal,20000475,https://www.bigbasket.com/pd/20000475/bb-royal-fennelsaunf-small-100-g/,"bb Royal Saunf Small/Perunjeeragam, 100 g",60,,,100 g,veg,https://www.bigbasket.com/media/uploads/p/mm/20000475_4-bb-royal-fennelsaunf-small.jpg,Saunf is the dried seeds of the Fennel plant. It is very familiar in cookery and remedial uses due to its sweet-smelling and medicinal properties. These are pale greenish in colour and have a faint sweet and energizing flavour. It is more than just a normal mouth freshener.,2000047599,https://www.bigbasket.com/media/uploads/p/l/20000475_4-bb-royal-fennelsaunf-small.jpg
2309," FOODGRAINS, OIL & MASALA ", MASALAS & SPICES , WHOLE SPICES , BB POPULAR Cinnamon/Dalchini,bb Popular,40133701,https://www.bigbasket.com/pd/40133701/bb-popular-cinnamondalchini-100-g/,"bb Popular Cinnamon/Dalchini, 100 g",90,,,100 g,veg,https://www.bigbasket.com/media/uploads/p/mm/40133701_4-bb-popular-cinnamondalchini.jpg,"Cinnamon is a well-liked ingredient in recipes and adds a slightly peppery flavour to numerous dishes. Cinnamon gives high amounts of fibre and calcium. One teaspoon of cinnamon gives a whopping 22% of the daily suggested value in manganese. Cinnamon is rich in necessary minerals such as manganese, iron and calcium, while also including a high content of fibre. Cinnamon is so much more than a scented spice.",40133701,https://www.bigbasket.com/media/uploads/p/l/40133701_4-bb-popular-cinnamondalchini.jpg
2310," FOODGRAINS, OIL & MASALA ", MASALAS & SPICES , WHOLE SPICES , BB ROYAL Sesame Seeds/Til,bb Royal,20000450,https://www.bigbasket.com/pd/20000450/bb-royal-sesame-seedstil-100-g/,"bb Royal Sesame Seeds/Til, 100 g",40,,,100 g,veg,https://www.bigbasket.com/media/uploads/p/mm/20000450_6-bb-royal-sesame-seedstil.jpg,"Till adds a nutty taste and a delicate, almost invisible, crunch to several Asian dishes. Sesame seeds are tiny, flat oval seeds with a nutty flavour and a delicate, almost invisible crisp. Not only are sesame seeds a very fine supply of copper and manganese, but they are also a fine supply of magnesium, calcium, iron, phosphorus, vitamin B1, dietary fibre and zinc.",20000450,https://www.bigbasket.com/media/uploads/p/l/20000450_6-bb-royal-sesame-seedstil.jpg
2331," FOODGRAINS, OIL & MASALA "," SALT, SUGAR & JAGGERY ", SUGAR & JAGGERY , BB ROYAL Misri - Diamond Sugar,bb Royal,40056582,https://www.bigbasket.com/pd/40056582/bb-royal-misri-diamond-sugar-100-g/,"bb Royal Misri - Diamond Sugar, 100 g",15,Rs 12,20%,100 g,veg,https://www.bigbasket.com/media/uploads/p/mm/40056582_3-bb-royal-misri-diamond-sugar.jpg,,40056582,https://www.bigbasket.com/media/uploads/p/l/40056582_3-bb-royal-misri-diamond-sugar.jpg
2388," FOODGRAINS, OIL & MASALA ", ORGANIC STAPLES , ORGANIC MASALAS & SPICES , BB ROYAL Organic - Curry Leaves Crushed,bb Royal,40179085,https://www.bigbasket.com/pd/40179085/bb-royal-organic-curry-leaves-crushed-20-g/,"bb Royal Organic - Curry Leaves Crushed, 20 g",12,Rs 11,8%,20 g,veg,https://www.bigbasket.com/media/uploads/p/mm/40179085_2-bb-royal-organic-curry-leaves-crushed.jpg,"Organic Crushed Curry Leaves are rich, aromatic seasoning. It is anti-diabetic & anti-microbial. It adds a lot of flavour to any dishes and creates a really good aroma  Highly aromatic food as well as a medicinal ingredient.",40179085,https://www.bigbasket.com/media/uploads/p/l/40179085_2-bb-royal-organic-curry-leaves-crushed.jpg
2389," FOODGRAINS, OIL & MASALA ", ORGANIC STAPLES , ORGANIC MASALAS & SPICES , BB ROYAL Organic - Curry Leaves Crushed,bb Royal,40179086,https://www.bigbasket.com/pd/40179086/bb-royal-organic-curry-leaves-crushed-50-g/,"bb Royal Organic - Curry Leaves Crushed, 50 g",29,Rs 27,7%,50 g,veg,https://www.bigbasket.com/media/uploads/p/mm/40179086_5-bb-royal-organic-curry-leaves-crushed.jpg,"Organic Crushed Curry Leaves are rich, aromatic seasoning. It is anti-diabetic & anti-microbial. It adds a lot of flavour to any dishes and creates a really good aroma  Highly aromatic food as well as a medicinal ingredient.",40179086,https://www.bigbasket.com/media/uploads/p/l/40179086_5-bb-royal-organic-curry-leaves-crushed.jpg
2393," FOODGRAINS, OIL & MASALA "," ATTA, FLOURS & SOOJI ", RICE & OTHER FLOURS , BB ROYAL Appam/Idiyappam Podi,bb Royal,40020765,https://www.bigbasket.com/pd/40020765/bb-royal-appamidiyappam-podi-500-g-pouch/,"bb Royal Appam/Idiyappam Podi, 500 g Pouch",50,Rs 40,20%,500 g,,https://www.bigbasket.com/media/uploads/p/mm/40020765_2-bb-royal-appamidiyappam-podi.jpg,"Idiyappam Podi is a wide variety of exotic, traditional rice based breakfast items are very well-liked in even modern homes. It is prepared of rice flour and is an extremely healthy breakfast as it is steamed cooked. It is a rapid, healthy and easy recipe. It is a tasty and healthy dish. Eat traditional cuisine and enjoy a real flavor without all that effort. Click here for unique and delicious recipes - https://www.bigbasket.com/flavors/collections/232/flours-sooji/",40020765,https://www.bigbasket.com/media/uploads/p/l/40020765_2-bb-royal-appamidiyappam-podi.jpg
2396," FOODGRAINS, OIL & MASALA ", MASALAS & SPICES , WHOLE SPICES , BB ROYAL Til - Nylon,bb Royal,40075121,https://www.bigbasket.com/pd/40075121/bb-royal-til-nylon-200-g/,"bb Royal Til - Nylon, 200 g",80,,,200 g,veg,https://www.bigbasket.com/media/uploads/p/mm/40075121_3-bb-royal-til-nylon.jpg,"TIl or Nylon Sesame Seeds are a wholesome addition to your diet. The nutty white til is a flat oval seed with a nutty flavour and a rough yet delicate, almost invisible crunch. The seeds are highly valued for their sesame oil content that is resistant to rancidity. BB Royal’s Organic Til - Nylon is premium seed, packed with the goodness of nutrition. You can use them in bread, rolls, crackers, breadsticks, Indian breads and more! They are available in 200 gm and 500 gm packaging options. BB Royal is a premium brand of organic staples by Big Basket. The entire range of products is sourced from the best of farms and produce to ensure high quality standards. - Qualified buyers with years of experience handpick all products under BB Royal after rigorous scrutiny. - All BB Royal products are cleaned and packed in hygienic facilities in high quality food grade packaging. - There is a no questions asked return policy on all BB Royal products in a bid to provide you nothing but the best!",40075121,https://www.bigbasket.com/media/uploads/p/l/40075121_3-bb-royal-til-nylon.jpg
2397," FOODGRAINS, OIL & MASALA ", MASALAS & SPICES , WHOLE SPICES , BB ROYAL Til - Nylon,bb Royal,40075122,https://www.bigbasket.com/pd/40075122/bb-royal-til-nylon-500-g/,"bb Royal Til - Nylon, 500 g",225,,,500 g,veg,https://www.bigbasket.com/media/uploads/p/mm/40075122_3-bb-royal-til-nylon.jpg,"TIl or Nylon Sesame Seeds are a wholesome addition to your diet. The nutty white til is a flat oval seed with a nutty flavour and a rough yet delicate, almost invisible crunch. The seeds are highly valued for their sesame oil content that is resistant to rancidity. BB Royal’s Organic Til - Nylon is premium seed, packed with the goodness of nutrition. You can use them in bread, rolls, crackers, breadsticks, Indian breads and more! They are available in 200 gm and 500 gm packaging options. BB Royal is a premium brand of organic staples by Big Basket. The entire range of products is sourced from the best of farms and produce to ensure high quality standards. - Qualified buyers with years of experience handpick all products under BB Royal after rigorous scrutiny. - All BB Royal products are cleaned and packed in hygienic facilities in high quality food grade packaging. - There is a no questions asked return policy on all BB Royal products in a bid to provide you nothing but the best!",40075122,https://www.bigbasket.com/media/uploads/p/l/40075122_3-bb-royal-til-nylon.jpg
2398," FOODGRAINS, OIL & MASALA ", MASALAS & SPICES , WHOLE SPICES , BB ROYAL Till Nylon/Ellu,bb Royal,40000222,https://www.bigbasket.com/pd/40000222/bb-royal-nylon-til-100-g/,"bb Royal Till Nylon/Ellu, 100 g",50,Rs 49,2%,100 g,veg,https://www.bigbasket.com/media/uploads/p/mm/40000222_6-bb-royal-nylon-til.jpg,"bb Royal offers premium quality nylon til which are flat, small and oval seeds having a mild nutty flavour. They can be used in the preparation of a variety of sweet dishes such as laddoo, barfi etc. The til seeds are rich in nutrients and add a special flavour to any dish, even savoury ones. bigbasket obtains these seeds from vendors who are dependable so that the quality and health benefits offered by the seeds are not compromised.",40000222,https://www.bigbasket.com/media/uploads/p/l/40000222_6-bb-royal-nylon-til.jpg
2403," FOODGRAINS, OIL & MASALA ", DALS & PULSES , URAD & OTHER DALS , BB ROYAL Red Lobia,bb Royal,40044736,https://www.bigbasket.com/pd/40044736/bb-royal-red-lobia-1-kg-pouch/,"bb Royal Red Lobia, 1 kg Pouch",160,,,1 kg,veg,https://www.bigbasket.com/media/uploads/p/mm/40044736_9-bb-royal-red-lobia.jpg,,40044736,https://www.bigbasket.com/media/uploads/p/l/40044736_9-bb-royal-red-lobia.jpg
2404," FOODGRAINS, OIL & MASALA ", DALS & PULSES , URAD & OTHER DALS , BB ROYAL Red Lobia/Karamani Payir/Thatta Payir,bb Royal,10000566,https://www.bigbasket.com/pd/10000566/bb-royal-lobia-red-200-g-pouch/,"bb Royal Red Lobia/Karamani Payir/Thatta Payir, 200 g Pouch",35,Rs 25,29%,200 g,veg,https://www.bigbasket.com/media/uploads/p/mm/10000566_8-bb-royal-lobia-red.jpg,,10000566,https://www.bigbasket.com/media/uploads/p/l/10000566_8-bb-royal-lobia-red.jpg
2405," FOODGRAINS, OIL & MASALA "," ATTA, FLOURS & SOOJI ", RICE & OTHER FLOURS , BB ROYAL Puttu Podi,bb Royal,40045364,https://www.bigbasket.com/pd/40045364/bb-royal-puttu-podi-500-g/,"bb Royal Puttu Podi, 500 g",50,Rs 40,20%,500 g,,https://www.bigbasket.com/media/uploads/p/mm/40045364_4-bb-royal-puttu-podi.jpg,Puttu Podi is prepared by steaming rice flour into thick tubes. This particular variety of Puttu is prepared with red rice powder. It can be steamed applying a puttu maker or you can utilize any steaming utensil in a pressure cooker Click here for unique and delicious recipes - https://www.bigbasket.com/flavors/collections/232/flours-sooji/,40045364,https://www.bigbasket.com/media/uploads/p/l/40045364_4-bb-royal-puttu-podi.jpg
2407," FOODGRAINS, OIL & MASALA ", ORGANIC STAPLES , ORGANIC FLOURS , BB ROYAL Organic - Little Millet/Samai Rice Flour,bb Royal,40176634,https://www.bigbasket.com/pd/40176634/bb-royal-organic-little-milletsamai-rice-flour-500-g/,"bb Royal Organic - Little Millet/Samai Rice Flour, 500 g",88,Rs 65,26%,500 g,veg,https://www.bigbasket.com/media/uploads/p/mm/40176634_4-bb-royal-organic-little-milletsamai-rice-flour.jpg,Little Millet is grown throughout India that are short season crops growing in low rainfall areas. This flour is made of using organic grains and hygienically ground. The grains of little millet is smaller compared to other millets. it is rich in dietary fibre and low glycemic index. It is rich in antioxidants like polyphenols and carotenoids.,40176634,https://www.bigbasket.com/media/uploads/p/l/40176634_4-bb-royal-organic-little-milletsamai-rice-flour.jpg
2408," FOODGRAINS, OIL & MASALA ", ORGANIC STAPLES , ORGANIC FLOURS , BB ROYAL Organic - Little Millet/Samai Rice Flour,bb Royal,40176638,https://www.bigbasket.com/pd/40176638/bb-royal-organic-little-milletsamai-rice-flour-1-kg/,"bb Royal Organic - Little Millet/Samai Rice Flour, 1 kg",175,Rs 125,29%,1 kg,veg,https://www.bigbasket.com/media/uploads/p/mm/40176638_6-bb-royal-organic-little-milletsamai-rice-flour.jpg,Little Millet is grown throughout India that are short season crops growing in low rainfall areas. Flour is made of using organic grains and hygienically ground. The grains of little millet is smaller compared to other millets. It is rich in dietary fibre and low glycemic index. It is also rich in antioxidants like polyphenols and carotenoids.,40176638,https://www.bigbasket.com/media/uploads/p/l/40176638_6-bb-royal-organic-little-milletsamai-rice-flour.jpg
2415," FOODGRAINS, OIL & MASALA "," SALT, SUGAR & JAGGERY ", SUGAR & JAGGERY , BB ROYAL Misri/Sugar Candy/Kalkandu,bb Royal,20000571,https://www.bigbasket.com/pd/20000571/bb-royal-misri-sugar-candy-200-g/,"bb Royal Misri/Sugar Candy/Kalkandu, 200 g",40,Rs 32,20%,200 g,veg,https://www.bigbasket.com/media/uploads/p/mm/20000571_11-bb-royal-misri-sugar-candy.jpg,"Misri Whole is big known for its sweet taste and distinctive features. The product is pure, natural and chemical free with no impurities. It is considered to as medicinal sugar & includes natural honesty of minerals and vitamins there in sugarcane extract which hygienically filled.",2000057199,https://www.bigbasket.com/media/uploads/p/l/20000571_11-bb-royal-misri-sugar-candy.jpg
2416," FOODGRAINS, OIL & MASALA "," SALT, SUGAR & JAGGERY ", SUGAR & JAGGERY , BB ROYAL Misri / Sugar Candy,bb Royal,40056583,https://www.bigbasket.com/pd/40056583/bb-royal-misri-sugar-candy-100-g/,"bb Royal Misri / Sugar Candy, 100 g",20,Rs 17,15%,100 g,veg,https://www.bigbasket.com/media/uploads/p/mm/40056583_3-bb-royal-misri-sugar-candy.jpg,,40056583,https://www.bigbasket.com/media/uploads/p/l/40056583_3-bb-royal-misri-sugar-candy.jpg
2427," FOODGRAINS, OIL & MASALA ", ORGANIC STAPLES , ORGANIC DALS & PULSES , BB ROYAL Organic - Moth whole,bb Royal,40100576,https://www.bigbasket.com/pd/40100576/bb-royal-organic-moth-whole-500-g/,"bb Royal Organic - Moth whole, 500 g",99,Rs 82,17%,500 g,veg,https://www.bigbasket.com/media/uploads/p/mm/40100576_18-bb-royal-organic-moth-whole.jpg,"Whole Mataki or Mot dal is a small, brown-colored, oblong-shaped bean, which is especially familiar in Indian cuisine. These have a superior attention of vitamins, proteins, minerals and enzymes. Sprouts are simply digestible. It also has dietary fiber, Folate, all with virtually no fat. They are a fine supply of potassium and iron.",40100576,https://www.bigbasket.com/media/uploads/p/l/40100576_18-bb-royal-organic-moth-whole.jpg
2461," FOODGRAINS, OIL & MASALA "," SALT, SUGAR & JAGGERY ", SUGAR & JAGGERY , BB ROYAL Palm Jaggery/Panai Vellam/Karupatti,bb Royal,40191737,https://www.bigbasket.com/pd/40191737/bb-royal-palm-jaggerypanai-vellamkarupatti-200-g-pouch/,"bb Royal Palm Jaggery/Panai Vellam/Karupatti, 200 g Pouch",125,Rs 87,30%,200 g,veg,https://www.bigbasket.com/media/uploads/p/mm/40191737_1-bb-royal-palm-jaggerypanai-vellamkarupatti.jpg,"Palm Jaggery gives you the most healthy and sugar alternative. Jaggery activates the digestive enzymes, which helps in proper digestion in your body. It is rich in minerals and other nutrients.",40191737,https://www.bigbasket.com/media/uploads/p/l/40191737_1-bb-royal-palm-jaggerypanai-vellamkarupatti.jpg
2462," FOODGRAINS, OIL & MASALA ", RICE & RICE PRODUCTS , RAW RICE , BB ROYAL Red Puttu Rice/Sigappu Puttu Arisi,bb Royal,40191731,https://www.bigbasket.com/pd/40191731/bb-royal-red-puttu-ricesigappu-puttu-arisi-500-g-pouch/,"bb Royal Red Puttu Rice/Sigappu Puttu Arisi, 500 g Pouch",80,Rs 35,56%,500 g,veg,https://www.bigbasket.com/media/uploads/p/mm/40191731_1-bb-royal-red-puttu-ricesigappu-puttu-arisi.jpg,"Red Rice is a variety of rice with a natural red colour within its bran. Red rice contains high fibre, Vitamin B2, B2, B6, Iron, Manganese, Zinc and Calcium. The red colour specifically comes from an antioxidant called anthocyanin.",40191731,https://www.bigbasket.com/media/uploads/p/l/40191731_1-bb-royal-red-puttu-ricesigappu-puttu-arisi.jpg
2505," FOODGRAINS, OIL & MASALA ", RICE & RICE PRODUCTS ," POHA, SABUDANA & MURMURA ", BB ROYAL Plain Puffed Rice/Murmure,bb Royal,40026606,https://www.bigbasket.com/pd/40026606/bb-royal-plain-puffed-ricemurmure-200-g-pouch/,"bb Royal Plain Puffed Rice/Murmure, 200 g Pouch",35,Rs 32,9%,200 g,veg,https://www.bigbasket.com/media/uploads/p/mm/40026606_3-bb-royal-plain-puffed-ricemurmure.jpg,"BB Royal is our in house premium brand of the finest staples sourced right from the best farms and produce centers in order to get you good quality at competitive prices. Every product is carefully selected by experienced and technically competent merchandisers, cleaned and packed at our hygienic facilities in food grade plastic and sold to you at the most competitive prices in the market. Click here for unique and delicious recipes - https://www.bigbasket.com/flavors/collections/233/rice-rice-products/",40026606,https://www.bigbasket.com/media/uploads/p/l/40026606_3-bb-royal-plain-puffed-ricemurmure.jpg
2506," FOODGRAINS, OIL & MASALA ", RICE & RICE PRODUCTS ," POHA, SABUDANA & MURMURA ", BB ROYAL Plain Puffed Rice/Murmure,bb Royal,40026607,https://www.bigbasket.com/pd/40026607/bb-royal-plain-puffed-ricemurmure-500-g-pouch/,"bb Royal Plain Puffed Rice/Murmure, 500 g Pouch",80,Rs 78,3%,500 g,veg,https://www.bigbasket.com/media/uploads/p/mm/40026607_4-bb-royal-plain-puffed-ricemurmure.jpg,"BB Royal is our in house premium brand of the finest staples sourced right from the best farms and produce centers in order to get you good quality at competitive prices. Every product is carefully selected by experienced and technically competent merchandisers, cleaned and packed at our hygienic facilities in food grade plastic and sold to you at the most competitive prices in the market. Click here for unique and delicious recipes - https://www.bigbasket.com/flavors/collections/233/rice-rice-products/",40026607,https://www.bigbasket.com/media/uploads/p/l/40026607_4-bb-royal-plain-puffed-ricemurmure.jpg
2515," FOODGRAINS, OIL & MASALA ", DRY FRUITS , OTHER DRY FRUITS , FABBOX Dried Blueberries,FabBox,800401529,https://www.bigbasket.com/pd/800401529/fabbox-dried-blueberries-70-g/,"FabBox Dried Blueberries, 70 g",245,,,70 g,veg,https://www.bigbasket.com/media/uploads/p/mm/800401529_8-fabbox-dried-blueberries.jpg,"Sweet, succulent, full of nutrients, and ideal for mixing in cereals, or adding to cakes and muffins. Packed with antioxidants and vitamins these little powerhouses provide tasty ways of staying healthy. One taste of these plump and sweet dried blueberries and your taste buds will be in paradise. It is gluten free and is a rich source of fibre and vitamins. It is a healthy snack that contains no preservatives.",800401529,https://www.bigbasket.com/media/uploads/p/l/800401529_8-fabbox-dried-blueberries.jpg
2519," FOODGRAINS, OIL & MASALA ", DALS & PULSES , URAD & OTHER DALS , BB ROYAL Double Beans Red/Mochakottai,bb Royal,10000483,https://www.bigbasket.com/pd/10000483/bb-royal-beans-double-red-200-g-pouch/,"bb Royal Double Beans Red/Mochakottai, 200 g Pouch",110,Rs 88,20%,200 g,veg,https://www.bigbasket.com/media/uploads/p/mm/10000483_7-bb-royal-beans-double-red.jpg,,10000483,https://www.bigbasket.com/media/uploads/p/l/10000483_7-bb-royal-beans-double-red.jpg
2520," FOODGRAINS, OIL & MASALA ", ORGANIC STAPLES , ORGANIC FLOURS , BB ROYAL Organic - Foxtail Millet/Italian Thinai Rice Flour,bb Royal,40176633,https://www.bigbasket.com/pd/40176633/bb-royal-organic-foxtail-milletitalian-thinai-rice-flour-500-g/,"bb Royal Organic - Foxtail Millet/Italian Thinai Rice Flour, 500 g",88,Rs 65,26%,500 g,veg,https://www.bigbasket.com/media/uploads/p/mm/40176633_5-bb-royal-organic-foxtail-milletitalian-thinai-rice-flour.jpg,Foxtail Millet is traditionally grown food and a storehouse of nutrition. Foxtail Millet is the second rank in the total world production of millets. The flour is made of using Organic grains and hygienically ground. It is rich in dietary fibre and low glycemic index. It is also rich in antioxidants like polyphenols and carotenoids. It is easy to digest and contains cardioprotective property.,40176633,https://www.bigbasket.com/media/uploads/p/l/40176633_5-bb-royal-organic-foxtail-milletitalian-thinai-rice-flour.jpg
2521," FOODGRAINS, OIL & MASALA ", ORGANIC STAPLES , ORGANIC FLOURS , BB ROYAL Organic - Foxtail Millet/Italian Thinai Rice Flour,bb Royal,40176637,https://www.bigbasket.com/pd/40176637/bb-royal-organic-foxtail-milletitalian-thinai-rice-flour-1-kg/,"bb Royal Organic - Foxtail Millet/Italian Thinai Rice Flour, 1 kg",175,Rs 125,29%,1 kg,veg,https://www.bigbasket.com/media/uploads/p/mm/40176637_5-bb-royal-organic-foxtail-milletitalian-thinai-rice-flour.jpg,Foxtail Millet is traditionally grown food and a storehouse of nutrition. Foxtail Millet is the second rank in the total world production of millets. Flour is made of using organic grains and hygienically ground. It is rich in dietary fibre and low glycemic index. It is also rich in antioxidants like polyphenols and carotenoids. It is easy to digest and contains cardioprotective property.,40176637,https://www.bigbasket.com/media/uploads/p/l/40176637_5-bb-royal-organic-foxtail-milletitalian-thinai-rice-flour.jpg
2560," FOODGRAINS, OIL & MASALA ", ORGANIC STAPLES , ORGANIC DALS & PULSES , BB ROYAL Organic Roasted Bengal Gram Whole (Chana),bb Royal,40161789,https://www.bigbasket.com/pd/40161789/bb-royal-organic-roasted-bengal-gram-whole-chana-500-g/,"bb Royal Organic Roasted Bengal Gram Whole (Chana), 500 g",130,Rs 99,24%,500 g,veg,https://www.bigbasket.com/media/uploads/p/mm/40161789_6-bb-royal-organic-roasted-bengal-gram-whole-chana.jpg,"Bengal gram is consumed in the form of entire dried seeds and in the form of dhal, made by splitting the seeds in a mill and separating the husk. It makes a great, healthy snack on the go because they are rich in fibre and protein, and low in fat and calories. It is perfect for food preparation into various dishes at house, hotels, restaurants, cafeterias, etc. It is one of the most essential pulses in India. It is free from synthetic chemicals and pesticides.",40161789,https://www.bigbasket.com/media/uploads/p/l/40161789_6-bb-royal-organic-roasted-bengal-gram-whole-chana.jpg
2562," FOODGRAINS, OIL & MASALA ", DRY FRUITS , OTHER DRY FRUITS , BB ROYAL Diwali Gift Box - Dry Fruit,bb Royal,40041435,https://www.bigbasket.com/pd/40041435/bb-royal-diwali-gift-box-dry-fruit-300-g/,"bb Royal Diwali Gift Box - Dry Fruit, 300 g",449,,,300 g,veg,https://www.bigbasket.com/media/uploads/p/mm/40041435_17-bb-royal-diwali-gift-box-dry-fruit.jpg,"Dry fruits are a powerhouse of goodness. Dry fruits are a great source of proteins, vitamins, minerals, dietary fibre, and a ideal substitute for high-calorie snacks. BB Royal Dry fruits are marketed by Bigbasket. The best dry fruits are selected and then they make their way to these packets. Dried fruit is a fruit from which the majority of the original water content has been removed naturally or through processing. The Dry fruit box contains the finest dry fruits you can lay your hands on.",40041435,https://www.bigbasket.com/media/uploads/p/l/40041435_17-bb-royal-diwali-gift-box-dry-fruit.jpg
2564," FOODGRAINS, OIL & MASALA ", ORGANIC STAPLES , ORGANIC DALS & PULSES , BB ROYAL Organic Tur/Toor Dal - Unpolished,bb Royal,40180371,https://www.bigbasket.com/pd/40180371/bb-royal-organic-turtoor-dal-unpolished-500-g/,"bb Royal Organic Tur/Toor Dal - Unpolished, 500 g",115,Rs 83,28%,500 g,,https://www.bigbasket.com/media/uploads/p/mm/40180371_2-bb-royal-organic-turtoor-dal-unpolished.jpg,"Tur Dal is one of the staple foods to add its importance in Indian cuisines. Tur dal is rich in fibre, carbohydrates, protein, calcium, and fat. The flavour and the taste of Tur dal are unique and are one of the most appetizing dals. It is free of synthetic chemicals and pesticides.",40180371,https://www.bigbasket.com/media/uploads/p/l/40180371_2-bb-royal-organic-turtoor-dal-unpolished.jpg
2566," FOODGRAINS, OIL & MASALA "," SALT, SUGAR & JAGGERY ", SUGAR & JAGGERY , BB ROYAL Bura/Powder Sugar/Sakarai,bb Royal,30008043,https://www.bigbasket.com/pd/30008043/bb-royal-burapowder-sugar-500-g/,"bb Royal Bura/Powder Sugar/Sakarai, 500 g",40,Rs 39,3%,500 g,veg,https://www.bigbasket.com/media/uploads/p/mm/30008043_2-bb-royal-burapowder-sugar.jpg,,30008043,https://www.bigbasket.com/media/uploads/p/l/30008043_2-bb-royal-burapowder-sugar.jpg
2592," FOODGRAINS, OIL & MASALA ", MASALAS & SPICES , WHOLE SPICES , BB POPULAR Cassia - Split,bb Popular,40084993,https://www.bigbasket.com/pd/40084993/bb-popular-cassia-split-100-g/,"bb Popular Cassia - Split, 100 g",80,Rs 58,28%,100 g,veg,https://www.bigbasket.com/media/uploads/p/mm/40084993_21-bb-popular-cassia-split.jpg,"Cassia is an aromatic spice which appears from the inner bark of a tropical tree. When dried, it twists into quills that are utilised to add a humid, distinctive flavour and fragrance to sweet dishes such as poached fruit. It contains a stronger fragrance than whole sticks.",40084993,https://www.bigbasket.com/media/uploads/p/l/40084993_21-bb-popular-cassia-split.jpg
2615," FOODGRAINS, OIL & MASALA ", ORGANIC STAPLES ," ORGANIC RICE, OTHER RICE ", BB ROYAL Organic Puffed Rice,bb Royal,40184722,https://www.bigbasket.com/pd/40184722/bb-royal-organic-puffed-rice-500-g/,"bb Royal Organic Puffed Rice, 500 g",99,Rs 82,17%,500 g,veg,https://www.bigbasket.com/media/uploads/p/mm/40184722_4-bb-royal-organic-puffed-rice.jpg,"Organic Puffed Rice is ready from the best superiority of organic rice. It is completely healthy and pure. When puffed rice is eaten along with fibre wealthy sprouts, it controls blood glucose fluctuations to a large amount. It is also used in making crunchy chikki balls which are a hit amongst kids.it is made from the rice which is grown organically.",40184722,https://www.bigbasket.com/media/uploads/p/l/40184722_4-bb-royal-organic-puffed-rice.jpg
2616," FOODGRAINS, OIL & MASALA ", ORGANIC STAPLES ," ORGANIC RICE, OTHER RICE ", BB ROYAL Organic - Puffed Rice,bb Royal,40072519,https://www.bigbasket.com/pd/40072519/bb-royal-organic-puffed-rice-200-g/,"bb Royal Organic - Puffed Rice, 200 g",45,Rs 35,22%,200 g,,https://www.bigbasket.com/media/uploads/p/mm/40072519_9-bb-royal-organic-puffed-rice.jpg,"Organic Puffed Rice is ready from the best superiority organic rice. It is completely healthy and pure. When puffed rice is eaten along with fiber wealthy sprouts, it controls blood glucose fluctuations to a large amount. It is also used in making crunchy chikki balls which are a hit amongst kids.it is made from the rice which is grown organically.",40072519,https://www.bigbasket.com/media/uploads/p/l/40072519_9-bb-royal-organic-puffed-rice.jpg
2623," FOODGRAINS, OIL & MASALA ", ORGANIC STAPLES ," ORGANIC RICE, OTHER RICE ", BB ROYAL Organic - Poha 1 kg + Organic - Raw Peanuts 500 gm,bb Royal,1203652,https://www.bigbasket.com/pd/1203652/bb-royal-organic-poha-1-kg-organic-raw-peanuts-500-gm-1-kg/,"bb Royal Organic - Poha 1 kg + Organic - Raw Peanuts 500 gm, 1 kg",225,,,1 kg,,https://www.bigbasket.com/media/uploads/p/mm/1203652_1-bb-royal-organic-poha-1-kg-organic-raw-peanuts-500-gm.jpg,"Poha, also known as compressed rice or beaten rice, as the name recommends are flakes completed by flattening dehusked rice. These are rigid, bland-tasting, white grains that make softer and tend to swell up to twice their size when soaked in water. Avalakki considered strong because it doesnt include any cholesterol and saturated fat. With less sodium content, compressed rice is a strong choice of calorie. It is normally used for making breakfast dishes, which is always a strong choice and it is made from the rice which is grown organically. BB Royal organic raw peanuts bring to you a premium taste of nuttiness. Remember raw peanuts are not going to be as toasty but nevertheless, you can easily toast them at home. The organic peanuts are laden with the goodness of health and taste. They are devoid of any harmful chemicals and toxins too. And it is so affordable too.",1203652,https://www.bigbasket.com/media/uploads/p/l/1203652_1-bb-royal-organic-poha-1-kg-organic-raw-peanuts-500-gm.jpg
2660," FOODGRAINS, OIL & MASALA ", RICE & RICE PRODUCTS , RAW RICE , BB ROYAL Hand Pound Rice,bb Royal,40002619,https://www.bigbasket.com/pd/40002619/bb-royal-hand-pound-rice-1-kg-pouch/,"bb Royal Hand Pound Rice, 1 kg Pouch",120,Rs 99,18%,1 kg,veg,https://www.bigbasket.com/media/uploads/p/mm/40002619_5-bb-royal-hand-pound-rice.jpg,,40002619,https://www.bigbasket.com/media/uploads/p/l/40002619_5-bb-royal-hand-pound-rice.jpg
2691," FOODGRAINS, OIL & MASALA ", DRY FRUITS , OTHER DRY FRUITS , BB ROYAL Dates - Omani,bb Royal,40076872,https://www.bigbasket.com/pd/40076872/bb-royal-dates-omani-500-g/,"bb Royal Dates - Omani, 500 g",300,Rs 280,20,500 g,veg,https://www.bigbasket.com/media/uploads/p/mm/40076872_3-bb-royal-dates-omani.jpg,"Dates add sugar, fats, protein and numerous essential vitamins to your diet and can be consumed by all individuals. Dates, when accompanied with the paste of cucumber, help in the weight gain process. Click here for unique and delicious recipes - https://www.bigbasket.com/flavors/collections/231/dry-fruits-berries-nuts/",40076872,https://www.bigbasket.com/media/uploads/p/l/40076872_3-bb-royal-dates-omani.jpg
2692," FOODGRAINS, OIL & MASALA ", DRY FRUITS , OTHER DRY FRUITS , BB ROYAL Dried Fruit - Blueberries,bb Royal,40100013,https://www.bigbasket.com/pd/40100013/bb-royal-dried-fruit-blueberries-100-g/,"bb Royal Dried Fruit - Blueberries, 100 g",300,Rs 249,17%,100 g,veg,https://www.bigbasket.com/media/uploads/p/mm/40100013_3-bb-royal-dried-fruit-blueberries.jpg," Blueberries contain fibre, potassium, folate, vitamin C, vitamin B6 and phytonutrient content, coupled with its lack of cholesterol, all support heart health. The fiber in blueberries helps lower the total amount of cholesterol in the blood and decrease the risk of heart disease. Click here for unique and delicious recipes - https://www.bigbasket.com/flavors/collections/231/dry-fruits-berries-nuts/",40100013,https://www.bigbasket.com/media/uploads/p/l/40100013_3-bb-royal-dried-fruit-blueberries.jpg
2693," FOODGRAINS, OIL & MASALA ", DRY FRUITS , OTHER DRY FRUITS , BB ROYAL Dried Fruit - Cranberries,bb Royal,40100015,https://www.bigbasket.com/pd/40100015/bb-royal-dried-fruit-cranberries-100-g/,"bb Royal Dried Fruit - Cranberries, 100 g",120,Rs 109,11,100 g,veg,https://www.bigbasket.com/media/uploads/p/mm/40100015_3-bb-royal-dried-fruit-cranberries.jpg,"Many of these phytonutrients offer antioxidant, anti-inflammatory, and anti-cancer health benefits. Cranberries are a very good source of vitamin C, dietary fibre, and manganese, as well as a good source of vitamin E, vitamin K, copper and pantothenic acid. Cranberry juice is usually sweetened or blended with other fruit juices to reduce its natural tartness. Many cocktails, including the Cosmopolitan, are made with cranberry juice. At one teaspoon of sugar per ounce, cranberry juice cocktail is more highly sweetened than even soda drinks that have been linked to obesity. Click here for unique and delicious recipes - https://www.bigbasket.com/flavors/collections/231/dry-fruits-berries-nuts/",40100015,https://www.bigbasket.com/media/uploads/p/l/40100015_3-bb-royal-dried-fruit-cranberries.jpg
2694," FOODGRAINS, OIL & MASALA ", DRY FRUITS , OTHER DRY FRUITS , BB ROYAL Dried Fruit - Cranberries,bb Royal,40128192,https://www.bigbasket.com/pd/40128192/bb-royal-dried-fruit-cranberries-250-g/,"bb Royal Dried Fruit - Cranberries, 250 g",300,Rs 270,30,250 g,veg,https://www.bigbasket.com/media/uploads/p/mm/40128192_2-bb-royal-dried-fruit-cranberries.jpg,"Cranberry is a super-fruit packed with antioxidants and is not only nutrient-rich but is also a wonderful ingredient that can be used in bakes, desserts, yoghurt, cereals or even savoury items. They make for perfect snacking options in between meals or can be had with a glass of milk for a quick, yet filling breakfast.",8.90426E+12,https://www.bigbasket.com/media/uploads/p/l/40128192_2-bb-royal-dried-fruit-cranberries.jpg
2695," FOODGRAINS, OIL & MASALA ", DRY FRUITS , OTHER DRY FRUITS , BB ROYAL Dried Fruit - Blackcurrant,bb Royal,40100018,https://www.bigbasket.com/pd/40100018/bb-royal-dried-fruit-blackcurrant-100-g/,"bb Royal Dried Fruit - Blackcurrant, 100 g",120,Rs 119,1,100 g,veg,https://www.bigbasket.com/media/uploads/p/mm/40100018_3-bb-royal-dried-fruit-blackcurrant.jpg,"Blackcurrants carry four times the amount of vitamin C as oranges and double the number of antioxidants as blueberries. The benefits of Vitamin C are many. The body uses vitamin C to metabolise protein and forms collagen, which is essential for skin care and anti-ageing. Click here for unique and delicious recipes - https://www.bigbasket.com/flavors/collections/231/dry-fruits-berries-nuts/",40100018,https://www.bigbasket.com/media/uploads/p/l/40100018_3-bb-royal-dried-fruit-blackcurrant.jpg
2701," FOODGRAINS, OIL & MASALA ", ORGANIC STAPLES , ORGANIC MASALAS & SPICES , BB ROYAL Organic - Onion Powder Dehydrated,bb Royal,40179093,https://www.bigbasket.com/pd/40179093/bb-royal-organic-onion-powder-dehydrated-20-g/,"bb Royal Organic - Onion Powder Dehydrated, 20 g",12,Rs 11,8%,20 g,veg,https://www.bigbasket.com/media/uploads/p/mm/40179093_3-bb-royal-organic-onion-powder-dehydrated.jpg,This dehydrated organic certified onion powder is pink coloured dry dust added in vegetable curries to include the natural flavour of onion into it. Make your dishes flavourful with this powder.,40179093,https://www.bigbasket.com/media/uploads/p/l/40179093_3-bb-royal-organic-onion-powder-dehydrated.jpg
2702," FOODGRAINS, OIL & MASALA ", ORGANIC STAPLES , ORGANIC MASALAS & SPICES , BB ROYAL Organic - Onion Powder Dehydrated,bb Royal,40179094,https://www.bigbasket.com/pd/40179094/bb-royal-organic-onion-powder-dehydrated-50-g/,"bb Royal Organic - Onion Powder Dehydrated, 50 g",29,Rs 25,14%,50 g,veg,https://www.bigbasket.com/media/uploads/p/mm/40179094_3-bb-royal-organic-onion-powder-dehydrated.jpg,This dehydrated organic certified onion powder is pink coloured dry dust added in vegetable curries to include the natural flavour of onion into it. Make your dishes flavourful with this powder.,40179094,https://www.bigbasket.com/media/uploads/p/l/40179094_3-bb-royal-organic-onion-powder-dehydrated.jpg
2703," FOODGRAINS, OIL & MASALA ", ORGANIC STAPLES , ORGANIC MASALAS & SPICES , BB ROYAL Organic - Pudina Leaves Crushed,bb Royal,40179096,https://www.bigbasket.com/pd/40179096/bb-royal-organic-pudina-leaves-crushed-50-g/,"bb Royal Organic - Pudina Leaves Crushed, 50 g",29,Rs 27,7%,50 g,veg,https://www.bigbasket.com/media/uploads/p/mm/40179096_5-bb-royal-organic-pudina-leaves-crushed.jpg,"The robust freshness of Pudina is one of the oldest and most popular flavours in the world. Plucked from organic fields and sundried for a crisper flavour, these mint leaves are gently crushed for easy application. Season your dishes with crushed pudina leaves or mix it into beverages for a minty aftertaste.",40179096,https://www.bigbasket.com/media/uploads/p/l/40179096_5-bb-royal-organic-pudina-leaves-crushed.jpg
2704," FOODGRAINS, OIL & MASALA ", ORGANIC STAPLES , ORGANIC MASALAS & SPICES , BB ROYAL Organic - Pudina Leaves Crushed,bb Royal,40179095,https://www.bigbasket.com/pd/40179095/bb-royal-organic-pudina-leaves-crushed-20-g/,"bb Royal Organic - Pudina Leaves Crushed, 20 g",12,Rs 11,8%,20 g,veg,https://www.bigbasket.com/media/uploads/p/mm/40179095_4-bb-royal-organic-pudina-leaves-crushed.jpg,"The robust freshness of Pudina is one of the oldest and most popular flavours in the world. Plucked from organic fields and sundried for a crisper flavour, these mint leaves are gently crushed for easy application. Season your dishes with crushed pudina leaves or mix it into beverages for a minty aftertaste.",40179095,https://www.bigbasket.com/media/uploads/p/l/40179095_4-bb-royal-organic-pudina-leaves-crushed.jpg
2705," FOODGRAINS, OIL & MASALA ", DRY FRUITS , OTHER DRY FRUITS , BB ROYAL Dry Fruits Potli,bb Royal,40087349,https://www.bigbasket.com/pd/40087349/bb-royal-dry-fruits-potli-250-g/,"bb Royal Dry Fruits Potli, 250 g",299,,,250 g,veg,https://www.bigbasket.com/media/uploads/p/mm/40087349_13-bb-royal-dry-fruits-potli.jpg,"Dry fruits are a powerhouse of goodness. Dry fruits are a great source of proteins, vitamins, minerals, dietary fibre, and a ideal substitute for high-calorie snacks. BB Royal Dry fruits are marketed by Bigbasket. The best dry fruits are selected and then they make their way to these packets. Dried fruit is a fruit from which the majority of the original water content has been removed naturally or through processing. The Dry fruit box contains the finest dry fruits you can lay your hands on.",40087349,https://www.bigbasket.com/media/uploads/p/l/40087349_13-bb-royal-dry-fruits-potli.jpg
2706," FOODGRAINS, OIL & MASALA ", DRY FRUITS , OTHER DRY FRUITS , BB ROYAL Diwali Gift Box - Dry Fruit,bb Royal,40041449,https://www.bigbasket.com/pd/40041449/bb-royal-diwali-gift-box-dry-fruit-600-g/,"bb Royal Diwali Gift Box - Dry Fruit, 600 g",1299,,,600 g,veg,https://www.bigbasket.com/media/uploads/p/mm/40041449_12-bb-royal-diwali-gift-box-dry-fruit.jpg,"Dry fruits are a powerhouse of goodness. Dry fruits are a great source of proteins, vitamins, minerals, dietary fibre, and an ideal substitute for high-calorie snacks. BB Royal Dry fruits are marketed by Bigbasket. The best dry fruits are selected and then they make their way to these packets. Dried fruit is a fruit from which the majority of the original water content has been removed naturally or through processing. The Dry fruit box contains the finest dry fruits you can lay your hands on.",40041449,https://www.bigbasket.com/media/uploads/p/l/40041449_12-bb-royal-diwali-gift-box-dry-fruit.jpg
2707," FOODGRAINS, OIL & MASALA ", DRY FRUITS , OTHER DRY FRUITS , BB ROYAL Dry Fruits Potli,bb Royal,40087248,https://www.bigbasket.com/pd/40087248/bb-royal-dry-fruits-potli-150-g/,"bb Royal Dry Fruits Potli, 150 g",149,,,150 g,veg,https://www.bigbasket.com/media/uploads/p/mm/40087248_5-bb-royal-dry-fruits-potli.jpg,"Dry fruits are a powerhouse of goodness. Dry fruits are a great source of proteins, vitamins, minerals, dietary fibre, and a ideal substitute for high-calorie snacks. BB Royal Dry fruits are marketed by Bigbasket. The best dry fruits are selected and then they make their way to these packets. Dried fruit is a fruit from which the majority of the original water content has been removed naturally or through processing. The Dry fruit box contains the finest dry fruits you can lay your hands on.",40087248,https://www.bigbasket.com/media/uploads/p/l/40087248_5-bb-royal-dry-fruits-potli.jpg
2708," FOODGRAINS, OIL & MASALA ", DRY FRUITS , OTHER DRY FRUITS , BB ROYAL Dry Fruits Potli,bb Royal,40087250,https://www.bigbasket.com/pd/40087250/bb-royal-dry-fruits-potli-175-g/,"bb Royal Dry Fruits Potli, 175 g",199,,,175 g,veg,https://www.bigbasket.com/media/uploads/p/mm/40087250_5-bb-royal-dry-fruits-potli.jpg,"Dry fruits are a powerhouse of goodness. Dry fruits are a great source of proteins, vitamins, minerals, dietary fibre, and a ideal substitute for high-calorie snacks. BB Royal Dry fruits are marketed by Bigbasket. The best dry fruits are selected and then they make their way to these packets. Dried fruit is a fruit from which the majority of the original water content has been removed naturally or through processing. The Dry fruit box contains the finest dry fruits you can lay your hands on.",40087250,https://www.bigbasket.com/media/uploads/p/l/40087250_5-bb-royal-dry-fruits-potli.jpg
2709," FOODGRAINS, OIL & MASALA ", ORGANIC STAPLES ," ORGANIC RICE, OTHER RICE ", BB ROYAL Organic - Black Rice,bb Royal,40077503,https://www.bigbasket.com/pd/40077503/bb-royal-organic-black-rice-500-g/,"bb Royal Organic - Black Rice, 500 g",139,Rs 119,14%,500 g,,https://www.bigbasket.com/media/uploads/p/mm/40077503_3-bb-royal-organic-black-rice.jpg,"Black rice (also known as longevity rice and purple rice) is a range of rice types of the species Oryza sativa L., The bran hull (outermost layer) of black rice contains one of the highest levels of anthocyanin antioxidants found in food. The grain has a similar amount of fiber to brown rice and, like brown rice, has a mild, nutty taste. In China, black rice is claimed to be good for the kidney, stomach, and liver. Black rice has a deep black color and usually turns deep purple when cooked. Its dark purple color is primarily due to its anthocyanin content, which is higher by weight than that of other colored grains. It is suitable for making porridge, dessert, traditional Chinese black rice cake, bread, and noodles.",40077503,https://www.bigbasket.com/media/uploads/p/l/40077503_3-bb-royal-organic-black-rice.jpg
2716," FOODGRAINS, OIL & MASALA ", DRY FRUITS , OTHER DRY FRUITS , BB ROYAL Dry Fruits Potli,bb Royal,40088731,https://www.bigbasket.com/pd/40088731/bb-royal-dry-fruits-potli-500-g/,"bb Royal Dry Fruits Potli, 500 g",499,,,500 g,veg,https://www.bigbasket.com/media/uploads/p/mm/40088731_19-bb-royal-dry-fruits-potli.jpg,"Dry fruits are a powerhouse of goodness. Dry fruits are a great source of proteins, vitamins, minerals, dietary fibre, and a ideal substitute for high-calorie snacks. BB Royal Dry fruits are marketed by Bigbasket. The best dry fruits are selected and then they make their way to these packets. Dried fruit is a fruit from which the majority of the original water content has been removed naturally or through processing. The Dry fruit box contains the finest dry fruits you can lay your hands on.",40088731,https://www.bigbasket.com/media/uploads/p/l/40088731_19-bb-royal-dry-fruits-potli.jpg
2718," FOODGRAINS, OIL & MASALA ", ORGANIC STAPLES ," ORGANIC EDIBLE OIL, GHEE ", BB ROYAL ORGANIC Cold Pressed Sunflower Cooking Oil,BB Royal Organic,40170633,https://www.bigbasket.com/pd/40170633/bb-royal-organic-cold-pressed-sunflower-cooking-oil-1-l/,"BB Royal Organic Cold Pressed Sunflower Cooking Oil, 1 L",375,Rs 279,26%,1 L,veg,https://www.bigbasket.com/media/uploads/p/mm/40170633_4-bb-royal-organic-cold-pressed-sunflower-cooking-oil.jpg,"BB Royal Organic Sunflower Oil is extracted by pressing certified organic sunflower seeds in expeller under the low-temperature condition known as cold pressing/expeller pressing and filtered through four-stage filtration without using any refining agent, resulting in healthy and nutritious oil with a mild & pleasant flavour. This has appreciable quantities of Vitamin E, low in saturated fats, free from cholesterol and trans fat. It is suitable for high-temperature cooking methods such as stir-frying & deep-frying. Organic Sunflower oil is high in PUFA that lowers the level of bad cholesterol (LDL) in our body.",8.90426E+12,https://www.bigbasket.com/media/uploads/p/l/40170633_4-bb-royal-organic-cold-pressed-sunflower-cooking-oil.jpg
2725," FOODGRAINS, OIL & MASALA ", DRY FRUITS , OTHER DRY FRUITS , FABBOX Dried Cranberries,FabBox,800401531,https://www.bigbasket.com/pd/800401531/fabbox-dried-cranberries-70-g/,"FabBox Dried Cranberries, 70 g",155,,,70 g,veg,https://www.bigbasket.com/media/uploads/p/mm/800401531_8-fabbox-dried-cranberries.jpg,"Sweet and tart sliced cranberries are great for snacking, mixing into yoghurt or cereal, or even baking. These dried cranberries slices are a good source of fibre and vitamins. It is gluten free and is a rich source of fibre and vitamins. It is a healthy snack that contains no preservatives.",800401531,https://www.bigbasket.com/media/uploads/p/l/800401531_8-fabbox-dried-cranberries.jpg
2726," FOODGRAINS, OIL & MASALA ", ORGANIC STAPLES , ORGANIC FLOURS , BB ROYAL Organic - Kodo Millet/Varagu Rice Flour,bb Royal,40176632,https://www.bigbasket.com/pd/40176632/bb-royal-organic-kodo-milletvaragu-rice-flour-500-g/,"bb Royal Organic - Kodo Millet/Varagu Rice Flour, 500 g",88,Rs 65,26%,500 g,veg,https://www.bigbasket.com/media/uploads/p/mm/40176632_5-bb-royal-organic-kodo-milletvaragu-rice-flour.jpg,"Kodo Millet one of the ancient grains of the world, is grown in arid regions in India. The flour is made of using organic grains and hygienically ground. a storehouse of nutrients, Easy to digest, as it contains a high amount of lecithin. It is rich in dietary fibre and antioxidants like polyphenols.",40176632,https://www.bigbasket.com/media/uploads/p/l/40176632_5-bb-royal-organic-kodo-milletvaragu-rice-flour.jpg
2727," FOODGRAINS, OIL & MASALA ", ORGANIC STAPLES , ORGANIC FLOURS , BB ROYAL Organic - Kodo Millet/Varagu Rice Flour,bb Royal,40176636,https://www.bigbasket.com/pd/40176636/bb-royal-organic-kodo-milletvaragu-rice-flour-1-kg/,"bb Royal Organic - Kodo Millet/Varagu Rice Flour, 1 kg",175,Rs 125,29%,1 kg,veg,https://www.bigbasket.com/media/uploads/p/mm/40176636_5-bb-royal-organic-kodo-milletvaragu-rice-flour.jpg,"Kodo Millet one of the ancient grains of the world, is grown in arid regions in India. The flour is made of using organic grains and hygienically ground. a storehouse of nutrients, Easy to digest, as it contains a high amount of lecithin. It is rich in dietary fibre and antioxidants like polyphenols.",40176636,https://www.bigbasket.com/media/uploads/p/l/40176636_5-bb-royal-organic-kodo-milletvaragu-rice-flour.jpg
2730," FOODGRAINS, OIL & MASALA "," ATTA, FLOURS & SOOJI "," SOOJI, MAIDA & BESAN ", BB ROYAL Rava - Corn,bb Royal,40133676,https://www.bigbasket.com/pd/40133676/bb-royal-rava-corn-500-g/,"bb Royal Rava - Corn, 500 g",60,Rs 54,10%,500 g,veg,https://www.bigbasket.com/media/uploads/p/mm/40133676_1-bb-royal-rava-corn.jpg,,40133676,https://www.bigbasket.com/media/uploads/p/l/40133676_1-bb-royal-rava-corn.jpg
2752," FOODGRAINS, OIL & MASALA ", ORGANIC STAPLES , ORGANIC FLOURS , BB ROYAL Organic Brown Rice Atta,bb Royal,40168532,https://www.bigbasket.com/pd/40168532/bb-royal-organic-brown-rice-atta-500-g/,"bb Royal Organic Brown Rice Atta, 500 g",45,Rs 44,2%,500 g,veg,https://www.bigbasket.com/media/uploads/p/mm/40168532_3-bb-royal-organic-brown-rice-atta.jpg,"Brown Rice Flour is the must-have all-rounder for anyone looking to spruce up morning times with some healthy pancakes, bake up some sweet treats or simply thicken sauces and soups.",40168532,https://www.bigbasket.com/media/uploads/p/l/40168532_3-bb-royal-organic-brown-rice-atta.jpg
2753," FOODGRAINS, OIL & MASALA ", ORGANIC STAPLES , ORGANIC FLOURS , BB ROYAL Organic Kuttu Atta - Buckwheat,bb Royal,40168533,https://www.bigbasket.com/pd/40168533/bb-royal-organic-kuttu-atta-buckwheat-500-g/,"bb Royal Organic Kuttu Atta - Buckwheat, 500 g",99,Rs 88,11%,500 g,veg,https://www.bigbasket.com/media/uploads/p/mm/40168533_3-bb-royal-organic-kuttu-atta-buckwheat.jpg,"Kuttu atta is not a cereal but is actually a fruit. It is a pseudocereal, which is used during puja/festivals to make fasting food.",40168533,https://www.bigbasket.com/media/uploads/p/l/40168533_3-bb-royal-organic-kuttu-atta-buckwheat.jpg
2754," FOODGRAINS, OIL & MASALA ", ORGANIC STAPLES , ORGANIC FLOURS , BB ROYAL Organic Masoor Dal Atta,bb Royal,40168534,https://www.bigbasket.com/pd/40168534/bb-royal-organic-masoor-dal-atta-500-g/,"bb Royal Organic Masoor Dal Atta, 500 g",79,Rs 71,10%,500 g,veg,https://www.bigbasket.com/media/uploads/p/mm/40168534_1-bb-royal-organic-masoor-dal-atta.jpg,Masoor Dal helps in stabilising the blood sugar levels. It has anti-ageing properties. This lentil is a good source of fibre that helps in lowering cholesterol.,40168534,https://www.bigbasket.com/media/uploads/p/l/40168534_1-bb-royal-organic-masoor-dal-atta.jpg
2755," FOODGRAINS, OIL & MASALA ", ORGANIC STAPLES , ORGANIC FLOURS , BB ROYAL Organic Rajgira Atta/Amaranth Flour,bb Royal,40168536,https://www.bigbasket.com/pd/40168536/bb-royal-organic-rajgira-attaamaranth-flour-500-g/,"bb Royal Organic Rajgira Atta/Amaranth Flour, 500 g",109,Rs 90,17%,500 g,veg,https://www.bigbasket.com/media/uploads/p/mm/40168536_3-bb-royal-organic-rajgira-attaamaranth-flour.jpg,"Rajgira is also known as Amaranth is a powerhouse of nutrients, Make delicious puri’s, paratha’s and roti’s of Rajgira flour or make tasty, healthy desserts like kheer and chikki. The presence of amino acids in Rajgira makes it the perfect fasting flour.",40168536,https://www.bigbasket.com/media/uploads/p/l/40168536_3-bb-royal-organic-rajgira-attaamaranth-flour.jpg
2756," FOODGRAINS, OIL & MASALA ", ORGANIC STAPLES , ORGANIC FLOURS , BB ROYAL Organic - Urad Dal Atta,bb Royal,40168538,https://www.bigbasket.com/pd/40168538/bb-royal-organic-urad-dal-atta-500-g/,"bb Royal Organic - Urad Dal Atta, 500 g",99,Rs 84,15%,500 g,veg,https://www.bigbasket.com/media/uploads/p/mm/40168538_2-bb-royal-organic-urad-dal-atta.jpg,Urad Dal is one of the rich sources of vitamins and protein. It is also rich in fibre which makes it easy to digest. It is one of the very famous lentils.,40168538,https://www.bigbasket.com/media/uploads/p/l/40168538_2-bb-royal-organic-urad-dal-atta.jpg
2757," FOODGRAINS, OIL & MASALA ", DRY FRUITS , OTHER DRY FRUITS , BB ROYAL Brazilian Nuts,bb Royal,40112510,https://www.bigbasket.com/pd/40112510/bb-royal-brazilian-nuts-100-g/,"bb Royal Brazilian Nuts, 100 g",500,Rs 450,50,100 g,,https://www.bigbasket.com/media/uploads/p/mm/40112510_1-bb-royal-brazilian-nuts.jpg,"Brazilian Nuts help to stimulate growth and repair, improve the digestive process, boost heart health, balance hormone function, improve the immune system, lower the risk of cancer, boost male fertility, help with weight loss, aid in skin health, and reduce the signs of ageing. Click here for unique and delicious recipes - https://www.bigbasket.com/flavors/collections/231/dry-fruits-berries-nuts/",40112510,https://www.bigbasket.com/media/uploads/p/l/40112510_1-bb-royal-brazilian-nuts.jpg
2758," FOODGRAINS, OIL & MASALA ", DRY FRUITS , OTHER DRY FRUITS , BB ROYAL Macadamia Nuts,bb Royal,40112530,https://www.bigbasket.com/pd/40112530/bb-royal-macadamia-nuts-100-g/,"bb Royal Macadamia Nuts, 100 g",500,,,100 g,,https://www.bigbasket.com/media/uploads/p/mm/40112530_3-bb-royal-macadamia-nuts.jpg,"Macadamias are a rich source of vitamin a, iron, protein, thiamin, riboflavin, niacin, and folates. They also contain moderate amounts of zinc, copper, calcium, phosphorus, potassium, and magnesium. Macadamia contains antioxidants like polyphenols, amino acids, flavones, and selenium. It is also a good source of carbohydrates like sucrose, fructose, glucose, maltose, and some starch-based carbohydrates. Click here for unique and delicious recipes - https://www.bigbasket.com/flavors/collections/231/dry-fruits-berries-nuts/",40112530,https://www.bigbasket.com/media/uploads/p/l/40112530_3-bb-royal-macadamia-nuts.jpg
3357," FOODGRAINS, OIL & MASALA ", MASALAS & SPICES , POWDERED SPICES , BB ROYAL Garam Masala,bb Royal,40183511,https://www.bigbasket.com/pd/40183511/bb-royal-garam-masala-50-g/,"bb Royal Garam Masala, 50 g",40,Rs 20,50%,50 g,veg,https://www.bigbasket.com/media/uploads/p/mm/40183511_1-bb-royal-garam-masala.jpg,"Our range of fresh and aromatic whole spices are carefully handpicked by our experts. They are cleaned, powdered and packed at our hygienic facility. Our garam masala is a fine blend of 15 spices which adds that authentic taste to the dishes. Enjoy nature's finest selection of powdered spices",8.90426E+12,https://www.bigbasket.com/media/uploads/p/l/40183511_1-bb-royal-garam-masala.jpg
3375," FOODGRAINS, OIL & MASALA ", MASALAS & SPICES , POWDERED SPICES , BB ROYAL Sambar Masala,bb Royal,40183516,https://www.bigbasket.com/pd/40183516/bb-royal-sambar-masala-50-g/,"bb Royal Sambar Masala, 50 g",30,Rs 20,33%,50 g,veg,https://www.bigbasket.com/media/uploads/p/mm/40183516_1-bb-royal-sambar-masala.jpg,"Our range of fresh and aromatic whole spices are carefully handpicked by our experts. They are cleaned, powdered and packed at our hygienic facility. Sit back and relax the traditional taste of South Indian Gravy with our Sambar Masala. Enjoy nature's finest selection of powdered spices.",8.90426E+12,https://www.bigbasket.com/media/uploads/p/l/40183516_1-bb-royal-sambar-masala.jpg
3379," FOODGRAINS, OIL & MASALA ", MASALAS & SPICES , POWDERED SPICES , BB ROYAL Chicken Tandoori Masala,bb Royal,40188036,https://www.bigbasket.com/pd/40188036/bb-royal-chicken-tandoori-masala-50-g/,"bb Royal Chicken Tandoori Masala, 50 g",35,Rs 20,43%,50 g,veg,https://www.bigbasket.com/media/uploads/p/mm/40188036_1-bb-royal-chicken-tandoori-masala.jpg,"Our range of fresh and aromatic whole spices are carefully handpicked by our experts. They are cleaned, powdered and packed at our hygienic facilities. Our tandoori chicken masala has the right amount of which adds a unique flavour and aroma to your tandoori dishes. Enjoy nature's finest selection of powdered spices. ",8.90426E+12,https://www.bigbasket.com/media/uploads/p/l/40188036_1-bb-royal-chicken-tandoori-masala.jpg
3396," FOODGRAINS, OIL & MASALA ", MASALAS & SPICES , WHOLE SPICES , BB ROYAL Khus Khus/Kasa Kasa,bb Royal,40000217,https://www.bigbasket.com/pd/40000217/bb-royal-khus-khusposta-dana-100-g/,"bb Royal Khus Khus/Kasa Kasa, 100 g",200,Rs 195,5,100 g,veg,https://www.bigbasket.com/media/uploads/p/mm/40000217_4-bb-royal-khus-khusposta-dana.jpg,"The BB Royal Khus Khus, which is also referred to as poppy seeds are packaged with utmost care and hygiene. They are obtained from the opium poppy and have a tiny kidney-shaped. These seeds are also used for obtaining Khus Khus oil. Derived from high-quality pods, these are high on health benefits too.",40000217,https://www.bigbasket.com/media/uploads/p/l/40000217_4-bb-royal-khus-khusposta-dana.jpg
3567," FOODGRAINS, OIL & MASALA ", DRY FRUITS , ALMONDS , FABBOX Peri-Peri Almonds,FabBox,40189870,https://www.bigbasket.com/pd/40189870/fabbox-peri-peri-almonds-70-g-pouch/,"FabBox Peri-Peri Almonds, 70 g Pouch",178,,,70 g,veg,https://www.bigbasket.com/media/uploads/p/mm/40189870_1-fabbox-peri-peri-almonds.jpg,"Our Peri-Peri Almonds are roasted and seasoned with spicy hot flavours, so delicious that you wouldn't want to put them down. Combining the spicy taste of Peri Peri with the crunchiness of Almonds, these are loaded with a mouth-watering punch for your snacking enjoyment.",7.11076E+12,https://www.bigbasket.com/media/uploads/p/l/40189870_1-fabbox-peri-peri-almonds.jpg
3568," FOODGRAINS, OIL & MASALA ", RICE & RICE PRODUCTS , BASMATI RICE , BB ROYAL Basmati Rice - Mogra,bb Royal,1205915,https://www.bigbasket.com/pd/1205915/bb-royal-basmati-rice-mogra-2x5-kg/,"bb Royal Basmati Rice - Mogra, 2x5 kg Multipack",800,,,2x5 kg,,https://www.bigbasket.com/media/uploads/p/mm/1205915_3-bb-royal-basmati-rice-mogra.jpg,"Sourced from the rice-bowl-states of Punjab, Haryana and Uttarakhand, this basmati rice is processed in GMP plants using Swiss technology to ensure superior quality and nutrition value. The bb Royal Mogra basmati rice leaves a lasting impression because of its aroma, flavour and fluffy texture.",1205915,https://www.bigbasket.com/media/uploads/p/l/1205915_3-bb-royal-basmati-rice-mogra.jpg
3599," FOODGRAINS, OIL & MASALA ", DALS & PULSES , URAD & OTHER DALS , BB ROYAL Rajma Kashmiri/Rajma,bb Royal,10000563,https://www.bigbasket.com/pd/10000563/bb-royal-rajma-kashmiri-200-g-pouch/,"bb Royal Rajma Kashmiri/Rajma, 200 g Pouch",35,Rs 30,14%,200 g,veg,https://www.bigbasket.com/media/uploads/p/mm/10000563_12-bb-royal-rajma-kashmiri.jpg,"BB Royal rajma Kashmiri are dark red kidney beans which look very attractive, vibrant and taste yummy after being cooked. Sourced directly from farmers, bigbasket cleans and stores these beans efficiently to avoid contamination and preserve food values. Rich in many nutrients, rajma can be enjoyed in many ways and is easy to prepare as well. Click here for unique and delicious recipes - https://www.bigbasket.com/flavors/collections/230/dals-pulses/",10000563,https://www.bigbasket.com/media/uploads/p/l/10000563_12-bb-royal-rajma-kashmiri.jpg
3600," FOODGRAINS, OIL & MASALA ", DALS & PULSES , URAD & OTHER DALS , BB ROYAL Rajma Kashmiri/Rajma,bb Royal,10000476,https://www.bigbasket.com/pd/10000476/bb-royal-rajma-kashmiri-500-g-pouch/,"bb Royal Rajma Kashmiri/Rajma, 500 g Pouch",75,Rs 71,5%,500 g,veg,https://www.bigbasket.com/media/uploads/p/mm/10000476_12-bb-royal-rajma-kashmiri.jpg,"Kashmiri rajma are dark red kidney beans which are known for their rich red color even after being cooked. These are an outstanding supply of folate, manganese and dietary fiber. It is a fine supply of protein, phosphorus, copper, thiamine (vitamin B1), iron, potassium and magnesium. These are low in fat & loaded with nutrients. Click here for unique and delicious recipes - https://www.bigbasket.com/flavors/collections/230/dals-pulses/",1000047699,https://www.bigbasket.com/media/uploads/p/l/10000476_12-bb-royal-rajma-kashmiri.jpg
3629," FOODGRAINS, OIL & MASALA ", ORGANIC STAPLES , ORGANIC FLOURS , BB ROYAL Organic Moong Dal Atta,bb Royal,40168535,https://www.bigbasket.com/pd/40168535/bb-royal-organic-moong-dal-atta-500-g/,"bb Royal Organic Moong Dal Atta, 500 g",125,Rs 88,30%,500 g,veg,https://www.bigbasket.com/media/uploads/p/mm/40168535_1-bb-royal-organic-moong-dal-atta.jpg,Moong Dal Atta is used to cook delicious pancakes such as Moong Dal Chilla. Moon Dal is a power nutrient rich lentil. It is high in antioxidants which helps in reducing chronic diseases.,40168535,https://www.bigbasket.com/media/uploads/p/l/40168535_1-bb-royal-organic-moong-dal-atta.jpg
3630," FOODGRAINS, OIL & MASALA ", ORGANIC STAPLES , ORGANIC FLOURS , BB ROYAL Organic Soya Atta,bb Royal,40168537,https://www.bigbasket.com/pd/40168537/bb-royal-organic-soya-atta-500-g/,"bb Royal Organic Soya Atta, 500 g",80,Rs 77,4%,500 g,veg,https://www.bigbasket.com/media/uploads/p/mm/40168537_3-bb-royal-organic-soya-atta.jpg,Soya flour is made by grinding roasted soybeans into a powder. Soya bean flour is considered a health food and is used in many food products.,40168537,https://www.bigbasket.com/media/uploads/p/l/40168537_3-bb-royal-organic-soya-atta.jpg
3633," FOODGRAINS, OIL & MASALA ", ORGANIC STAPLES ," ORGANIC EDIBLE OIL, GHEE ", BB ROYAL ORGANIC Cold Pressed Groundnut Cooking Oil,BB Royal Organic,40170631,https://www.bigbasket.com/pd/40170631/bb-royal-organic-cold-pressed-groundnut-cooking-oil-1-l/,"BB Royal Organic Cold Pressed Groundnut Cooking Oil, 1 L",479,Rs 339,29%,1 L,veg,https://www.bigbasket.com/media/uploads/p/mm/40170631_4-bb-royal-organic-cold-pressed-groundnut-cooking-oil.jpg,"BB Royal Organic Groundnut Oil is extracted by pressing certified organic groundnuts seeds in expeller under low- temperature condition known as cold pressing/expeller pressing and filtered through four-stage filtration without using any refining agent, resulting in healthy and nutritious oil. With a pleasant nutty aroma and sweet flavoured taste, groundnut oil is low in saturated fats, free from cholesterol and trans fat. It contains essential fatty acid (linoleic acid - omega-6), making it one of the healthiest cooking oil. It is one of the cooking oil with a high smoking point of 450° F making this oil suitable for high-temperature cooking methods such as stir-frying & deep-frying. Groundnut oil is high in MUFA that lowers the level of bad cholesterol (LDL) in our body without lowering the level of good cholesterol (HDL).",8.90426E+12,https://www.bigbasket.com/media/uploads/p/l/40170631_4-bb-royal-organic-cold-pressed-groundnut-cooking-oil.jpg
3634," FOODGRAINS, OIL & MASALA ", ORGANIC STAPLES ," ORGANIC EDIBLE OIL, GHEE ", BB ROYAL ORGANIC Cold Pressed Sesame Cooking Oil,BB Royal Organic,40170632,https://www.bigbasket.com/pd/40170632/bb-royal-organic-cold-pressed-sesame-cooking-oil-1-l/,"BB Royal Organic Cold Pressed Sesame Cooking Oil, 1 L",499,Rs 419,16%,1 L,veg,https://www.bigbasket.com/media/uploads/p/mm/40170632_4-bb-royal-organic-cold-pressed-sesame-cooking-oil.jpg,"BB Royal Organic Sesame Oil is also known as Til oil or Gingelly oil. It is extracted from certified organic sesame seeds by pressing in expeller under low- temperature condition known as cold pressing/expeller pressing and filtered through four-stage filtration without using any refining agent, resulting in healthy and nutritious oil with a mild & pleasant flavour.  Sesame oil is also known as a queen of oils with its healing anti-fungal, antiviral, healing and medicinal properties. It is a concentrated source of energy, is very digestible, provides essential fatty acids and is a good source of Vitamin E and polyunsaturated fatty acids (MUFA), which help to regulate blood cholesterol.",8.90426E+12,https://www.bigbasket.com/media/uploads/p/l/40170632_4-bb-royal-organic-cold-pressed-sesame-cooking-oil.jpg
3636," FOODGRAINS, OIL & MASALA ", DRY FRUITS , OTHER DRY FRUITS , FABBOX Premium Chocolate Raisins,FabBox,800401579,https://www.bigbasket.com/pd/800401579/fabbox-premium-chocolate-raisins-50-g/,"FabBox Premium Chocolate Raisins, 50 g",175,,,50 g,veg,https://www.bigbasket.com/media/uploads/p/mm/800401579_9-fabbox-premium-chocolate-raisins.jpg,"Chocolate covered raisins are popular among moviegoers, but they’re also a great treat you can enjoy anytime! These are sweet and chewy raisins generously coated in smooth milk chocolate. Without a doubt, chocolate raisins are our most popular chocolate covered item! It is a good source of fibre and antioxidants.",800401579,https://www.bigbasket.com/media/uploads/p/l/800401579_9-fabbox-premium-chocolate-raisins.jpg
3649," FOODGRAINS, OIL & MASALA ", ORGANIC STAPLES , ORGANIC DRY FRUITS , BB ROYAL Organic - Cashew Broken,bb Royal,40088187,https://www.bigbasket.com/pd/40088187/bb-royal-organic-cashew-broken-100-g/,"bb Royal Organic - Cashew Broken, 100 g",170,Rs 145,15%,100 g,veg,https://www.bigbasket.com/media/uploads/p/mm/40088187_10-bb-royal-organic-cashew-broken.jpg,"Cashew Whole is enhanced with high calorie and fat content. It contains several health advantages because of their rich mineral content. It is rich in iron, Zinc, Copper and Manganese for metabolism. It is enormous for adding creamy texture to your dishes with no overpowering other flavors. You can also enjoy entire cashews as a snack on their own. It is free from synthetic chemicals and pesticides.",40088187,https://www.bigbasket.com/media/uploads/p/l/40088187_10-bb-royal-organic-cashew-broken.jpg
3658," FOODGRAINS, OIL & MASALA ", DRY FRUITS , OTHER DRY FRUITS , BB ROYAL Safawi Dates,bb Royal,40128191,https://www.bigbasket.com/pd/40128191/bb-royal-safawi-dates-300-g/,"bb Royal Safawi Dates, 300 g",360,Rs 346,14,300 g,veg,https://www.bigbasket.com/media/uploads/p/mm/40128191_2-bb-royal-safawi-dates.jpg,"If you love the taste of real dates, then try Safawi Dates and treat yourself to a delicious and healthy snack. These premium dates come in an attractive pack, which are packed keeping in mind all the hygienic precautions. They are a rich source of iron and vitamin C. Have them on a daily basis to reap its benefits and stay fit. Each of them is handpicked and is absolutely safe for you and your family.",8.90426E+12,https://www.bigbasket.com/media/uploads/p/l/40128191_2-bb-royal-safawi-dates.jpg
," FOODGRAINS, OIL & MASALA ", DRY FRUITS , ALMONDS , BB POPULAR Almond/Badam Californian/Badam,bb Popular,10000492,https://www.bigbasket.com/pd/10000492/bb-popular-almondbadam-californian-giri-100-gm-pouch/,"bb Popular Almond/Badam Californian/Badam, 100 gm Pouch",120,Rs 74,38%,100 gm,veg,https://www.bigbasket.com/media/uploads/p/mm/10000492_11-bb-popular-almondbadam-californian-giri.jpg,"American Almond has almonds, sugar, and synthetic bitter almond oil and potassium sorbate as a preservative. It is a tasty and nutritious snack with plenty of health benefits. It is rich in potassium, vitamin E, magnesium and the calcium. Additionally, almonds are a significant supply of fibre and protein, while being naturally low in sugar. It assists contribute to improved heart health. Click here for unique and delicious recipes - https://www.bigbasket.com/flavors/collections/231/dry-fruits-berries-nuts/",1000049299,"https://www.bigbasket.com/media/uploads/p/l/10000492_11-bb-popular-almondbadam-californian-giri.jpg"""
," FOODGRAINS, OIL & MASALA ", DRY FRUITS , ALMONDS , BB POPULAR Almond/Badam Californian/Badam,bb Popular,10000549,https://www.bigbasket.com/pd/10000549/bb-popular-almondbadam-californian-giri-500-g-pouch/,"bb Popular Almond/Badam Californian/Badam, 500 g Pouch",600,Rs 325,46%,500 g,veg,https://www.bigbasket.com/media/uploads/p/mm/10000549_11-bb-popular-almondbadam-californian-giri.jpg,"Almonds are light brown skinned, tough, edible seeds of the almond fruit. They have a wealthy yet subtle bitter-sweet flavor. These are assets of nutrients, especially protein, dietary fibre, mono-unsaturated fatty acids and B complex vitamins. Also, it is wealthy in vitamin E and minerals such as potassium, calcium, manganese, zinc, iron and selenium. Click here for unique and delicious recipes - https://www.bigbasket.com/flavors/collections/231/dry-fruits-berries-nuts/",100005493,"https://www.bigbasket.com/media/uploads/p/l/10000549_11-bb-popular-almondbadam-californian-giri.jpg"""
," FOODGRAINS, OIL & MASALA ", DRY FRUITS , ALMONDS , BB POPULAR Almond/Badam Californian/Badam,bb Popular,10000518,https://www.bigbasket.com/pd/10000518/bb-popular-almondbadam-californian-giri-200-gm-pouch/,"bb Popular Almond/Badam Californian/Badam, 200 gm Pouch",240,Rs 144,40%,200 gm,veg,https://www.bigbasket.com/media/uploads/p/mm/10000518_11-bb-popular-almondbadam-californian-giri.jpg,"American Almond includes sugar, almonds, synthetic bitter almond oil and potassium sorbate as a preservative. It is 100% ordinary. These almonds are highly healthful and are classified as one of the healthiest and well-balanced food. It performs as an antioxidant rich in potassium and magnesium. It is obtainable in smooth, chunky and flavoured varieties. They contain a rich yet subtle bitter-sweet flavour. Click here for unique and delicious recipes - https://www.bigbasket.com/flavors/collections/231/dry-fruits-berries-nuts/",1000051899,"https://www.bigbasket.com/media/uploads/p/l/10000518_11-bb-popular-almondbadam-californian-giri.jpg"""
," FOODGRAINS, OIL & MASALA ", DRY FRUITS , ALMONDS ," BB POPULAR Almond/Badam - Californian, Giri",bb Popular,1208791,https://www.bigbasket.com/pd/1208791/bb-popular-almondbadam-californian-giri-2x500-g-pouch/,"bb Popular Almond/Badam - Californian, Giri, 2x500 g Multipack",1200,Rs 650,46%,2x500 g,,https://www.bigbasket.com/media/uploads/p/mm/1208791_1-bb-popular-almondbadam-californian-giri.jpg,"Almonds are light brown-skinned, tough, edible seeds of the almond fruit. They have a wealthy yet subtle bitter-sweet flavour. These are assets of nutrients, especially protein, dietary fibre, mono-unsaturated fatty acids and B complex vitamins. Also, it is wealthy in vitamin E and minerals such as potassium, calcium, manganese, zinc, iron and selenium. Click here for unique and delicious recipes - https://www.bigbasket.com/flavors/collections/231/dry-fruits-berries-nuts/",1208791,"https://www.bigbasket.com/media/uploads/p/l/1208791_1-bb-popular-almondbadam-californian-giri.jpg"""
," FOODGRAINS, OIL & MASALA ", DALS & PULSES , URAD & OTHER DALS , BB POPULAR Urad Gota/Ulundhu,bb Popular,20000538,https://www.bigbasket.com/pd/20000538/bb-popular-urad-gota-whole-500-g-pouch/,"bb Popular Urad Gota/Ulundhu, 500 g Pouch",90,Rs 72,20%,500 g,veg,https://www.bigbasket.com/media/uploads/p/mm/20000538_11-bb-popular-urad-gota-whole.jpg,,20000538,"https://www.bigbasket.com/media/uploads/p/l/20000538_11-bb-popular-urad-gota-whole.jpg"""
," FOODGRAINS, OIL & MASALA ", DALS & PULSES , URAD & OTHER DALS , BB POPULAR Urad Gota/Ulundhu,bb Popular,20000539,https://www.bigbasket.com/pd/20000539/bb-popular-urad-gota-whole-1-kg-pouch/,"bb Popular Urad Gota/Ulundhu, 1 kg Pouch",200,Rs 138,31%,1 kg,veg,https://www.bigbasket.com/media/uploads/p/mm/20000539_11-bb-popular-urad-gota-whole.jpg,,20000539,"https://www.bigbasket.com/media/uploads/p/l/20000539_11-bb-popular-urad-gota-whole.jpg"""
," FOODGRAINS, OIL & MASALA ", DALS & PULSES ," TOOR, CHANNA & MOONG DAL ", BB POPULAR Moong Dal,bb Popular,40044731,https://www.bigbasket.com/pd/40044731/bb-popular-moong-dal-2-kg-pouch/,"bb Popular Moong Dal, 2 kg Pouch",380,Rs 247.20,35%,2 kg,veg,https://www.bigbasket.com/media/uploads/p/mm/40044731_11-bb-popular-moong-dal.jpg,"Moong beans is a popular food among vegetarians since it contains a lot of proteins and fiber. It is one of the easiest dals to digest and for this reason it is often given to people recovering from an illness, specially a stomach upset. It has antioxidants which is very healthy for the good functioning of the human body. It is a good balanced diet and could be included in our daily. Click here for unique and delicious recipes - https://www.bigbasket.com/flavors/collections/230/dals-pulses/",40044731,"https://www.bigbasket.com/media/uploads/p/l/40044731_11-bb-popular-moong-dal.jpg"""
," FOODGRAINS, OIL & MASALA ", DALS & PULSES ," TOOR, CHANNA & MOONG DAL ", BB POPULAR Moong Dal/Payatham Paruppu,bb Popular,30005420,https://www.bigbasket.com/pd/30005420/bb-popular-moong-dal-1-kg-pouch/,"bb Popular Moong Dal/Payatham Paruppu, 1 kg Pouch",190,Rs 120,37%,1 kg,veg,https://www.bigbasket.com/media/uploads/p/mm/30005420_9-bb-popular-moong-dal.jpg,"Moong beans is a popular food among vegetarians since it contains a lot of proteins and fiber. It is one of the easiest dals to digest and for this reason it is often given to people recovering from an illness, specially a stomach upset. It has antioxidants which is very healthy for the good functioning of the human body. It is a good balanced diet and could be included in our daily. Click here for unique and delicious recipes - https://www.bigbasket.com/flavors/collections/230/dals-pulses/",3000542099,"https://www.bigbasket.com/media/uploads/p/l/30005420_9-bb-popular-moong-dal.jpg"""
," FOODGRAINS, OIL & MASALA ", DALS & PULSES ," TOOR, CHANNA & MOONG DAL ", BB POPULAR Moong Dal/Payatham Paruppu,bb Popular,60000007,https://www.bigbasket.com/pd/60000007/bb-popular-moong-dal-500-g-pouch/,"bb Popular Moong Dal/Payatham Paruppu, 500 g Pouch",95,Rs 63,34%,500 g,veg,https://www.bigbasket.com/media/uploads/p/mm/60000007_4-bb-popular-moong-dal.jpg,"Moong Dal Is Skinned And Flat Yellow Moong Dal Which Is Simple In Food Preparation And Delicious In Serving. It Is Very Light In Digestion Compare To Other Legumes. It Is A Fine Supply For A Variety Of Minerals Vitamins And Vitamin B5. It Also Provides Significant Amounts Of Thiamine (Vitamin B1), As Well As And Vitamin B6. In Addition To This, It Includes High Levels Of The Minerals Iron, Manganese, Magnesium, Zinc And Phosphorus. Click here for unique and delicious recipes - https://www.bigbasket.com/flavors/collections/230/dals-pulses/",60000007,"https://www.bigbasket.com/media/uploads/p/l/60000007_4-bb-popular-moong-dal.jpg"""
," FOODGRAINS, OIL & MASALA ", DRY FRUITS , OTHER DRY FRUITS , FABBOX Chilli Nut Chaat,FabBox,40167288,https://www.bigbasket.com/pd/40167288/fabbox-chilli-nut-chaat-70-g-pouch/,"FabBox Chilli Nut Chaat, 70 g Pouch",199,,,70 g,veg,https://www.bigbasket.com/media/uploads/p/mm/40167288_6-fabbox-chilli-nut-chaat.jpg,"This diverse mix of nuts is a great way to get a wide range of protective nutrients. Mix Nut Chaat are loaded with heart-healthy nutrients, which may help lower harmful cholesterol levels. They are also rich in antioxidants which protect cells against the damaging effects of free radicals.  High in protein, dietary fibre, and minerals, mixed nuts are a healthy and satisfying snack option. Our nuts are roasted right in-house so they arrive at your door as fresh as possible.",7.11076E+12,"https://www.bigbasket.com/media/uploads/p/l/40167288_6-fabbox-chilli-nut-chaat.jpg"""
," FOODGRAINS, OIL & MASALA ", DALS & PULSES , URAD & OTHER DALS , BB POPULAR Urad Gota/Ulutham Paruppu,bb Popular,60000012,https://www.bigbasket.com/pd/60000012/bb-popular-urad-gota-whole-2-kg-pouch/,"bb Popular Urad Gota/Ulutham Paruppu, 2 kg Pouch",360,Rs 275,24%,2 kg,veg,https://www.bigbasket.com/media/uploads/p/mm/60000012_10-bb-popular-urad-gota-whole.jpg,,60000012,"https://www.bigbasket.com/media/uploads/p/l/60000012_10-bb-popular-urad-gota-whole.jpg"""
